Item Number,Item Name,Item Description,Size,Regular Price,UPC,Department Name,Qty 1,On Order Qty
889,BRUSH SET,,,3200,,BEAUTY SUPPLIES,-6,0
898,BABY BLISS NANO,,,6000,0074108143624,BEAUTY SUPPLIES,-2,0
906,WIG CURLY 12,,,16000,,BEAUTY SUPPLIES,-13,0
910,REMINGTON FLAT IRON 1 3/4,,,7000,0074590507942,BEAUTY SUPPLIES,1,0
911,CALVIN SET,,,2800,,KIDS,-4,0
921,KIDS TOY,,,3500,,KIDS,-43,0
934,WATCH,,,0,,KIDS,-7,0
938,KIDS LEGGINGS SET,,,2800,,KIDS,-15,0
942,KIDS SNEAKERS,,,3500,,KIDS,-16,0
943,GOLD SKIN ARGAN,,,600,6181100324891,BEAUTY SUPPLIES,5,0
944,GOLD SKIN SNAIL SLIME,,,600,6181100324884,BEAUTY SUPPLIES,3,0
956,TOY,,,2800,,KIDS,-20,0
957,KISS FLAT IRON,,,4500,0731509590630,BEAUTY SUPPLIES,-1,0
976,beans,,,0,,BEAUTY SUPPLIES,-19,0
890,IASO ORIGINAL DETOX TEA,,25,6500,,TOTAL LIFE CHANGER,-32,0
899,CLAW CLIP,,,200,,BEAUTY SUPPLIES,-14,0
907,HANDBAG,,,5600,,System,-13,0
912,TIGHTES,,,4000,,KIDS,-2,0
922,SWEET CLIP,,,0,,BEAUTY SUPPLIES,-3,0
935,ORIGINAL/NUTRA/NRG COMBO,,,0,,TOTAL LIFE CHANGER,0,0
939,ALLEVIATE,,,8500,,TOTAL LIFE CHANGER,1,0
945,BIOCARROT SOAP,,,650,6181100380415,BEAUTY SUPPLIES,-9,0
958,TWEEZER #6026,,,420,0705372060262,BEAUTY SUPPLIES,-3,0
977,LOCS,,,1700,,BEAUTY SUPPLIES,-20,0
978,"XX13  CURLY CLOSURE BOB 8""",,,15000,,BUNDLES,0,0
1014,MAYBELLINE MASCARA PUMPED UP,,,1700,0041554409291,BEAUTY SUPPLIES,-3,0
1041,AFRO KINKY BULK #2,,,1400,0828179030716,BEAUTY SUPPLIES,-1,0
891,IASO LEMON CBD TEA,,25,10500,,TOTAL LIFE CHANGER,-4,0
900,MANE CHOICE TWISTING GEL,,,2400,0850093005730,BEAUTY SUPPLIES,2,0
908,SINGLE RASP,,,600,,TOTAL LIFE CHANGER,0,0
913,TIGHT SET BLACK,,,3000,,KIDS,-1,0
923,BATH AND BODY WORKS,,,1800,,BEAUTY SUPPLIES,-221,0
936,SMALL NUTRA,,,3000,,TOTAL LIFE CHANGER,1,0
940,REJUV SPRAY,,,10500,,TOTAL LIFE CHANGER,1,0
946,BIOCARROT OIL,,,900,6181100322828,BEAUTY SUPPLIES,5,0
959,TWEEZER #6024,,,360,0705372060248,BEAUTY SUPPLIES,-7,0
979,"CLOSURE WIG STR 12""",,,13000,,BUNDLES,-1,0
995,HOOP EARRINGS,,,1000,,BEAUTY SUPPLIES,-24,0
1015,MAYBELLINE MASCARA THE ROCKET,,,1700,0041554288452,BEAUTY SUPPLIES,-4,0
1042,AFRO KINKY BULK #1B,,,1400,0828179968811,BEAUTY SUPPLIES,-8,0
892,RESOLUTION DROPS,,,10500,,TOTAL LIFE CHANGER,-2,0
901,BABY BOUNCER,,,0,,KIDS,-1,0
909,SINGLE LEMON,,,600,,TOTAL LIFE CHANGER,0,0
914,jump suit,,,2200,,KIDS,-3,0
924,blonde 24,,,10000,,BUNDLES,-1,0
937,wash rag,,,2000,,KIDS,-2,0
941,IASO BREW TEA 5 PACK,,,7500,,TOTAL LIFE CHANGER,2,0
947,tops,,,1000,,KIDS,-5,0
960,MAGNETIC ROLLERS PURPLE,,,300,0705372012193,BEAUTY SUPPLIES,2,0
980,CLOSURE WIG STR 14,,,15000,,BUNDLES,0,0
996,KIDS DRESS,,,3900,,KIDS,-60,0
1016,MAYBEL TWIN BROW PENCIL DARK BR,,,900,0041554530254,BEAUTY SUPPLIES,5,0
1043,LA GIRL MATTE EYELINER PEN,,,600,0081555656010,BEAUTY SUPPLIES,2,0
1047,STAINLESS SILVER NECKLACE,,,1400,,BEAUTY SUPPLIES,-8,0
1074,ORS GIRLS SHAMPOO,,,895,0632169191529,BEAUTY SUPPLIES,0,0
893,NRG,,,10500,,TOTAL LIFE CHANGER,-15,0
902,NRG 2 PACK,,,1000,,TOTAL LIFE CHANGER,50,0
915,boy set,,,2500,,KIDS,-6,0
925,SHORTS,,,1800,,KIDS,-34,0
948,ECO 8OZ KRYSTAL,,,400,0748378001136,BEAUTY SUPPLIES,13,0
961,SNAP ON MAGNETIC ROLLERS,,,270,0705372012223,BEAUTY SUPPLIES,4,0
981,"CLOSURE WIG STR 16""",,,17000,,BUNDLES,0,0
997,BLACK CASTOR OIL,,,2000,0764302215837,BEAUTY SUPPLIES,1,0
1017,MAYBEL TWIN BROW PENCIL MED BR,,,900,0041554530667,BEAUTY SUPPLIES,2,0
1044,"GHANA BRAID PRESTRETCHED 60"" 1B",,,1300,0828179157093,BEAUTY SUPPLIES,-3,0
1048,STAINLESS GOLD NECKLACE,,,1400,,BEAUTY SUPPLIES,-35,0
1075,CANTU HAIR LOTION,,,1570,0817513010019,BEAUTY SUPPLIES,0,0
1090,bold hold,,,300,0705372088419,BEAUTY SUPPLIES,-1,0
1117,"W/SALE BUNDLE 28""",,,9500,,BUNDLES,-21,0
894,NUTRABURST,,,4500,,TOTAL LIFE CHANGER,3,0
903,RASPBERRY CBD TEA,,,10500,,TOTAL LIFE CHANGER,3,0
916,KIDS TOP,,,1500,,KIDS,-90,0
926,TRIAL NUTRABURST,,3.6 OZ,4500,,TOTAL LIFE CHANGER,16,0
949,RK JELLY LIPPIES,,,300,,BEAUTY SUPPLIES,-639,0
962,BLUE SNAP ON ROLLERS,,,270,0705372012247,BEAUTY SUPPLIES,6,0
982,"CLOSURE WIG STR 18""",,,20000,,BUNDLES,-1,0
998,SET,,,2700,,KIDS,-20,0
1018,MAYBELLINE MASCARA FALSIES,,,1700,0041554217988,BEAUTY SUPPLIES,0,0
1045,"GHANA TWIST 18"" #1",,,2400,0828179172768,BEAUTY SUPPLIES,-2,0
1049,KNOBS LG,,,1000,,ACCESSORIES,-8,0
1076,CANTU SHEA MASQUE,,,1570,0817513010040,BEAUTY SUPPLIES,1,0
1091,ANDIS STYLER DRYER,,,6000,0040102821059,BEAUTY SUPPLIES,0,0
1118,"W/SALE BUNDLE 30""",,,9975,,BUNDLES,-8,0
895,7 DAY RASPBERRY TEA,,,4200,,TOTAL LIFE CHANGER,-8,0
904,FREE WATER BOTTLE,,,0,,TOTAL LIFE CHANGER,6,0
917,KIDS GIRL TOP,,,1400,,KIDS,-38,0
927,MATRIX,,,10500,,TOTAL LIFE CHANGER,2,0
950,MAGIC SPANDEX DOME CAP,,,450,0636227022770,BEAUTY SUPPLIES,-13,0
963,LARGE PADDLE BRUSH SILVER,,,900,0705372022109,BEAUTY SUPPLIES,1,0
983,"CLOSURE WIG STR 20""",,,23000,,BUNDLES,0,0
999,BELT BACK,,,4000,,BEAUTY SUPPLIES,-1,0
1019,MAYBEL GREAT LASH CURVE MASCARA,,,1600,0041554672237,BEAUTY SUPPLIES,0,0
1046,"GHANA TWIST 18"" #2",,,2100,0828179172782,BEAUTY SUPPLIES,-1,0
1050,"TENNIS NECKLACE 14""",,14,3500,,ACCESSORIES,1,0
1077,D/E CURL ENHANCING MOUSSE,,,3000,0875408004369,BEAUTY SUPPLIES,3,0
1092,"3.5 X 4 CLOSURE 10""",,,5500,,BUNDLES,-10,0
1119,TUTU SKIRT,,,3000,,KIDS,-2,0
896,7 DAYS CBD LEMON TEA,,,4200,,TOTAL LIFE CHANGER,-11,0
918,KID TOP GIRL,,,1500,,KIDS,-33,0
928,KIDS  SET,,,2500,,KIDS,-104,0
951,JORDANA PENCIL BLACK,,,120,0041065550024,BEAUTY SUPPLIES,0,0
964,ANNIE BLACK STOCKING WAVE CAP,,,300,0705372043302,BEAUTY SUPPLIES,0,0
984,"CLOSURE WIG KINKY CURLY 14""",,,16000,,BUNDLES,0,0
1000,"6X6 BODY WAVE CLOSURE 18""",,"18""",13000,,BUNDLES,-1,0
1020,MAYBEL GREAT LASH  MASCARA,,,1600,0041554239423,BEAUTY SUPPLIES,-3,0
1051,TENNIS NECKLACE 16,,,4000,,ACCESSORIES,2,0
1078,CANTU EDGE STAY GEL,,,1020,0817513015694,BEAUTY SUPPLIES,5,0
1093,"3.5 X 4 CLOSURE 12""",,,6000,,BUNDLES,-3,0
1120,MASK,,,100,,BEAUTY SUPPLIES,-61,0
1121,"USD W/SALE 8""",,,21,,BUNDLES,0,0
897,7 DAYS IASO ORIGINAL TEA,,,2800,,TOTAL LIFE CHANGER,-33,0
919,KIDS SLIPPERS,,,2000,,KIDS,-8,0
929,LIFE DROPS,,,10500,,TOTAL LIFE CHANGER,0,0
952,coconut curl,,,1500,0022796900951,BEAUTY SUPPLIES,0,0
965,SATIN BONNET LARGE,,,330,0705372044125,BEAUTY SUPPLIES,-5,0
985,"CLOSURE WIG KINKY CURLY 16""",,,18000,,BUNDLES,0,0
1001,"6X6 BODY WAVE CLOSURE 20""",,20,14500,,BUNDLES,-1,0
1021,MAYBEL COLOSSAL MASCARA GLAM BL,,,1700,0041554197037,BEAUTY SUPPLIES,-4,0
1052,"TENNIS NECKLACE 18""",,,4500,,ACCESSORIES,-2,0
1079,CANTU COMEBACK CURL,,,1540,0817513015656,BEAUTY SUPPLIES,0,0
1094,"3.5 X 4 CLOSURE 14""",,,7200,,BUNDLES,-11,0
1122,"USD W/SALE 10""",,,26,,BUNDLES,-3,0
1133,1.5 CLOSURE BOB WIG,,8,17000,,BUNDLES,1,0
920,KIDS,,,2000,,KIDS,-30,0
930,PANTY,,,2500,,KIDS,-9,0
953,ZAK,,,2000,0707226962005,KIDS,0,0
966,XL SATIN SCARF,,,450,0705372044316,BEAUTY SUPPLIES,-2,0
986,"CLOSURE WIG KINKY CURLY 18""",,,21000,,BUNDLES,-1,0
1002,"HD STRAIGHT FRONTAL 10""",,10,0,,BUNDLES,-2,0
1022,MAYBEL COLOSSAL MASCARA CLASSIC,,,1700,,BEAUTY SUPPLIES,0,0
1053,"TENNIS NECKLACE 20""",,,4500,,ACCESSORIES,1,0
1080,CANTU LEAVE IN COND CREAM,,,1450,0817513010132,BEAUTY SUPPLIES,1,0
1095,"3.5 X 4 CLOSURE 16""",,,8400,,BUNDLES,-15,0
1123,"USD W/SALE 12""",,,29,,BEAUTY SUPPLIES,-3,0
1134,"BLUNT BOB 10""",,,18500,,BUNDLES,2,0
1139,LASHES,,,1000,,BEAUTY SUPPLIES,-201,0
1145,TOP 3T,,,1400,,KIDS,-9,0
1406,single cbd tea,,,600,,BEAUTY SUPPLIES,-3,0
1410,"RAW VIETNAMESE 14"" STR",,,13500,,BUNDLES,-2,0
1427,"GHANA TWIST 3X SPRING 10"" 1B",,,2300,0828179174939,BEAUTY SUPPLIES,-14,0
1439,ADA BRUSH SET,,,3000,,BEAUTY SUPPLIES,0,0
1444,"13x4 STRAIGHT FRONTAL 22""",,,22500,,BUNDLES,-2,0
1459,AFRO PUFF,,,1500,0828179037685,BEAUTY SUPPLIES,-1,0
1460,"BLUNT CUT BOB 14""",,,21000,,BUNDLES,-2,0
1461,good grip clear,,,2500,,BEAUTY SUPPLIES,-5,0
1462,KIDS BAG,,,2500,,KIDS,-19,0
1463,PONY,,,1800,,BEAUTY SUPPLIES,-2,0
1467,YELLOW BIRD,,,9000,0074108203984,BEAUTY SUPPLIES,0,0
1468,CANTU FLAXSEED,,,950,0817513019869,BEAUTY SUPPLIES,-10,0
1471,U PART WIG CAP,,,700,0842510050157,BEAUTY SUPPLIES,0,0
1908,CERAVE HYALURONIC SERUM,,,3600,3606000527997,BEAUTY SUPPLIES,-8,0
1921,CETAPHIL DAILY MOIST SPF 50,,,2000,,BEAUTY SUPPLIES,0,0
1931,L.A MASCARA,,,500,0081555733285,BEAUTY SUPPLIES,-5,0
1958,SILICON BAMBU POLISHER,,,1800,7464804100671,BEAUTY SUPPLIES,0,0
1960,BHC01 WIG BLACK,,,11000,,BEAUTY SUPPLIES,1,0
1974,TRESEMME SHAMPOO,,,800,,BEAUTY SUPPLIES,-22,0
2001,PLATINUM COLOR POWDER BLACK,,,450,6923133089916,BEAUTY SUPPLIES,1,0
2028,HAWAIIAN SILK TOUCH UP REGULAR,,,250,0743690080432,BEAUTY SUPPLIES,18,0
2030,CALA INDIVIDUAL,,,400,0616513318039,BEAUTY SUPPLIES,0,0
2039,TYCHE FLATTIES,,,2100,0607203020363,BEAUTY SUPPLIES,5,0
2066,ARLOS BEARD OIL RID THE ITCH,,,900,0021959910233,BEAUTY SUPPLIES,0,0
2093,BEYOND WIG KANI REG,,,7500,,BEAUTY SUPPLIES,1,0
2100,KOJIE SAN SOAP SINGLE 65G,,,1000,4809013300215,BEAUTY SUPPLIES,-26,0
2127,YADIRA FULL WIG,,,4200,,BEAUTY SUPPLIES,1,0
1909,CERAVE CREAM TO FOAM,,,3000,3606000559998,BEAUTY SUPPLIES,-1,0
1922,CETAPHIL SPF 15 MOISTURIZER,,,2000,,BEAUTY SUPPLIES,0,0
1932,BARBIE,,,2000,,KIDS,0,0
1959,MAGIC CREAM SHAVE BLUE,,,1400,0072790000188,BEAUTY SUPPLIES,5,0
1961,"HIGHLIGHT BLUNT BOB 8""",,,18500,,BEAUTY SUPPLIES,0,0
1975,ORIGINALS HAIR MAYONNAISE,,,950,0034285534165,BEAUTY SUPPLIES,4,0
2002,HAWAIIAN SILKY JAR REL REG,,,1050,0743690030406,BEAUTY SUPPLIES,5,0
2029,13X4 STRAIGHT WIG 180,,,57000,,BUNDLES,-3,0
2031,GOLD SKIN ARGAN TUBE CREAM,,,900,6181100324495,BEAUTY SUPPLIES,2,0
2040,HOTBEAUTY COMBO,,,3900,0731509688849,BEAUTY SUPPLIES,0,0
2067,HH MINI FLAT IRON,,,2400,0705372059471,BEAUTY SUPPLIES,0,0
2094,MAYDE BUN AND BANG  LOVELY DAY,,,2100,,BEAUTY SUPPLIES,-1,0
2101,THAYERS TONER,,,2400,0041507067035,BEAUTY SUPPLIES,1,0
2128,BEYOND  WIG KANI 2 TONE,,,8500,,BEAUTY SUPPLIES,-1,0
1003,"HD STRAIGHT FRONTAL 12""",,"12""",0,,BUNDLES,-2,0
1023,CURL BOOSTER SMALL,,,1000,,BEAUTY SUPPLIES,1,0
1054,SHOWER GEL,,,1500,0667550993741,BEAUTY SUPPLIES,-1,0
1081,CANTU COCONUT OIL HOLD MIST,,,1380,0817513010064,BEAUTY SUPPLIES,0,0
1096,"3.5 X 4 CLOSURE 18""",,,9600,,BEAUTY SUPPLIES,-10,0
1124,"USD W/SALE 14""",,,32,,BUNDLES,-3,0
1135,"HIGHLIGHT CURLY BOB 10""",,,20000,,BUNDLES,1,0
1140,SOFTEE GROWTH OIL 4OZ,,,1500,0096002002012,BEAUTY SUPPLIES,4,0
1146,SOCKS,,,1500,,KIDS,-4,0
1158,PANTS,,,2500,,KIDS,-9,0
1165,T PIN,,,200,,BEAUTY SUPPLIES,-4,0
1171,BAMBU SHAMPOO 16OZ,,,1000,7464804100633,BEAUTY SUPPLIES,0,0
1193,JUVIAS FOUNDATION,,,3500,,BEAUTY SUPPLIES,-3,0
1039,"XPRESSION 82"" #1B",,,850,0803868306662,BEAUTY SUPPLIES,6,0
1055,WILD GROWTH OIL,,,2000,0617218000014,BEAUTY SUPPLIES,5,0
1082,CANTU KIDS CURLING CREAM,,,1050,0817513015434,BEAUTY SUPPLIES,0,0
1097,"BDAY 10/12/14 + 10"" CLOSURE",,,19000,,BUNDLES,-1,0
1125,"USD W/SALE 16""",,,36,,BEAUTY SUPPLIES,0,0
1136,"1B/#30 BOB WIG 10""",,,19500,,BUNDLES,1,0
1141,"10"" STRAIGHT BOB FRONTAL WIG",,,25000,,BUNDLES,0,0
1147,"BDAY LACE FRONTAL WIG 10""",,10,16000,,BUNDLES,-25,0
1159,ZIMII TEHRMAL BOOSTER 16OZ,,,1100,0636853800162,BEAUTY SUPPLIES,0,0
1166,DETANGLER BRUSH,,,800,,BEAUTY SUPPLIES,-4,0
1172,BAMBU SHAMPOO 8OZ,,,800,7464804100626,BEAUTY SUPPLIES,-3,0
1194,JUVIAS CONCEALER,,,2500,,BEAUTY SUPPLIES,-1,0
1040,"XPRESSION 82"" #2",,,850,0803868306679,BEAUTY SUPPLIES,5,0
1056,SUSH BODY OIL,,,800,,BEAUTY SUPPLIES,-2,0
1083,DAY AND NIGHT,,,800,0705372045641,BEAUTY SUPPLIES,-27,0
1098,"BDAY 12/14/16 + 10"" CLOSURE",,,0,,BUNDLES,0,0
1126,"USD W/SALE 18""",,,40,,BEAUTY SUPPLIES,0,0
1137,"NATURAL WAVE CLOSURE BOB 10""",,10,19500,,BUNDLES,0,0
1148,"BDAY LACE FRONTAL WIG 12""",,12,18500,,BUNDLES,-24,0
1160,LACOSTE SNEAKERS,,,2500,,KIDS,-1,0
1167,SATIN BONNET SMALL BAND,,,600,,BEAUTY SUPPLIES,-11,0
1173,BAMBU TREATMENT 8OZ,,,1000,7464804100572,BEAUTY SUPPLIES,1,0
1195,JUVIAS STICK FOUNDATION,,,2800,,BEAUTY SUPPLIES,5,0
1212,"HIGHLIGHT CURLY BOB 12""",,,22000,,BEAUTY SUPPLIES,0,0
10000,13X4 Body Wave Frontal,13x4-body-wave-frontals,10,18500,,System,2,0
10021,13X4 Body Wave Frontal,13x4-body-wave-frontals,12,19500,,System,3,0
10022,13X4 Body Wave Frontal,13x4-body-wave-frontals,14,20500,,System,1,0
10023,13X4 Body Wave Frontal,13x4-body-wave-frontals,16,21500,,System,2,0
10024,13X4 Body Wave Frontal,13x4-body-wave-frontals,18,22500,,System,4,0
10025,13X4 Body Wave Frontal,13x4-body-wave-frontals,20,23500,,System,2,0
10032,13x4 Deep Curly Frontal,deep-curly-frontals,10,18500,,System,3,0
10033,13x4 Deep Curly Frontal,deep-curly-frontals,12,19500,,System,2,0
10034,13x4 Deep Curly Frontal,deep-curly-frontals,14,20500,,System,2,0
10035,13x4 Deep Curly Frontal,deep-curly-frontals,16,21500,,System,2,0
41,"6X6 STRAIGHT CLOSURE 20""",,,14500,,BUNDLES,-2,0
42,"6X6 16"" STR CLOSURE",,,11500,,BUNDLES,-2,0
43,Mink Lash Style A,,,1000,,System,-32,0
44,OGX ARGAN OIL,,,1750,0022796916167,BEAUTY SUPPLIES,1,0
45,DELIVERY,,,500,,System,-84,0
46,CURL BOOSTER,,,1350,,System,1,0
47,TOP,,,1400,,KIDS,-39,0
48,Andis Hot Comb,,,7000,,System,-3,0
49,Annie Brow Shaper,Annie Brow Shaper,,200,,BEAUTY SUPPLIES,-10,0
50,PROFECTIV PRO RELAX SINGLE SUP,Beauty,,250,0802535121126,BEAUTY SUPPLIES,-14,0
51,MAGIC WEAVING COMBO,Beauty,,250,0636227492726,BEAUTY SUPPLIES,1,0
52,MAGIC STRING FOR BRAID,Beauty,,200,0636227394402,BEAUTY SUPPLIES,5,0
53,M&M DOME STYLE WIG CAP,Beauty,,600,0842510050270,BEAUTY SUPPLIES,-4,0
10036,13x4 Deep Curly Frontal,deep-curly-frontals,18,22500,,System,2,0
10037,13x4 Deep Curly Frontal,deep-curly-frontals,20,23500,,System,-1,0
10026,13x4 Deep Wave Frontal,deep-wave-frontal,10,18500,,System,3,0
10027,13x4 Deep Wave Frontal,deep-wave-frontal,12,19500,,System,3,0
10028,13x4 Deep Wave Frontal,deep-wave-frontal,14,20500,,System,1,0
10029,13x4 Deep Wave Frontal,deep-wave-frontal,16,21500,,System,2,0
10030,13x4 Deep Wave Frontal,deep-wave-frontal,18,22500,,System,0,0
10031,13x4 Deep Wave Frontal,deep-wave-frontal,20,23500,,System,0,0
10135,13x4 Kinky Curly Frontal,13x4-kinky-curly-frontal,"10""",18500,,System,0,0
10136,13x4 Kinky Curly Frontal,13x4-kinky-curly-frontal,"12""",19500,,System,0,0
10137,13x4 Kinky Curly Frontal,13x4-kinky-curly-frontal,"14""",20500,,System,1,0
10138,13x4 Kinky Curly Frontal,13x4-kinky-curly-frontal,"16""",21500,,System,1,0
10139,13x4 Kinky Curly Frontal,13x4-kinky-curly-frontal,"18""",22500,,System,1,0
10140,13x4 Kinky Curly Frontal,13x4-kinky-curly-frontal,"20""",23500,,System,0,0
1072,CANTU TWIST AND LOCK GEL,,,1560,0817513010057,BEAUTY SUPPLIES,0,0
1099,"BDAY 14/16/18 + 12"" CLOSURE",,,0,,BUNDLES,-1,0
1127,"USD W/SALE 20""",,,45,,BEAUTY SUPPLIES,0,0
1138,"JOY CURLY CLOSURE WIG 12""",,,21500,,BUNDLES,0,0
1149,"BDAY LACE FRONTAL WIG 14""",,14,36500,,BUNDLES,-13,0
1161,STRIPE DRESS,,,2500,,KIDS,-7,0
1168,SATIN BONNET WIDE BAND,,,800,,BEAUTY SUPPLIES,-6,0
1174,BAMBU TREATMENT 16OZ,,,1500,7464804100589,BEAUTY SUPPLIES,-1,0
1196,GOT2B SMALL SPRAY,,,1300,5012583105091,BEAUTY SUPPLIES,0,0
1213,"BANG BOB WIG 10""",,,18500,,BUNDLES,4,0
1223,Washcloths,,,1800,,KIDS,-2,0
1225,ANNIE SCISSORS,,,300,0705372050560,BEAUTY SUPPLIES,-27,0
1073,CANTU WAVE WHIP CURLING MOUSSE,,,1450,0817513015700,BEAUTY SUPPLIES,4,0
1100,"BDAY 16/18/20 + 12"" CLOSURE",,,0,,BUNDLES,-1,0
1128,"USD W/SALE 22""",,,52,,BUNDLES,0,0
1144,SHEER WHITE CURTAIN,,,1000,,BEAUTY SUPPLIES,-6,0
1150,"BDAY LACE FRONTAL WIG 16""",,16,32500,,BUNDLES,-13,0
1162,PINK DRESS,,,1800,,KIDS,-7,0
1169,"BDAY 13X6 180% 26""",,,50500,,BUNDLES,-1,0
1175,BROADWAY SINGLE LASH,,,300,0731509597080,BEAUTY SUPPLIES,-3,0
1197,ECO GEL 16OZ PINK,,,750,0748378001020,BEAUTY SUPPLIES,-3,0
1214,"BANG BOB WIG 12""",,,19500,,BUNDLES,1,0
1224,"13X6 22"" LACE FRONTAL WIG",,,47000,,BUNDLES,-1,0
1226,RUBBER SOFT GRIP BRUSH,,,500,0705372020181,BEAUTY SUPPLIES,0,0
1240,wholesale prefume,,,1000,,BEAUTY SUPPLIES,-30,0
1116,"W/SALE BUNDLE 26""",,,9025,,BUNDLES,-12,0
1129,"USD W/SALE 24""",,,57,,BUNDLES,0,0
1151,"BDAY LACE FRONTAL WIG 18""",,18,36500,,BUNDLES,-15,0
1163,BAHAMA SKIRT,,,1600,,KIDS,-4,0
1170,SHAMPOO COMB,,,200,0705372000220,BEAUTY SUPPLIES,10,0
1176,"JANET PASSION W/W 24"" #1",,,1400,0884593269705,BEAUTY SUPPLIES,0,0
1198,ECO GEL 16OZ YELLOW,,,750,0748378001211,BEAUTY SUPPLIES,-2,0
1215,"BANG BOB WIG 14""",,,21000,,BUNDLES,0,0
1227,BLACK PONYTAILERS,,,395,0705372033556,BEAUTY SUPPLIES,-4,0
1241,magic bullet,,,0,,TOTAL LIFE CHANGER,-2,0
1251,EDGE SCARF BLACK BIG,,,700,0636227885603,BEAUTY SUPPLIES,1,0
1276,MESH DOME CAP NUDE,,,800,0843632042846,BEAUTY SUPPLIES,1,0
1281,TRIPOD,,,6300,,BEAUTY SUPPLIES,-2,0
1308,RED EDGE BRUSH,,,300,,BEAUTY SUPPLIES,75,0
1335,NEUTROGENA ACNE STRESS TONER,,,2200,0070501053454,BEAUTY SUPPLIES,0,0
1152,"BDAY LACE FRONTAL WIG 20""",,20,41500,,BUNDLES,-13,0
1164,"XMAS 13X6 26""",,,55000,,BUNDLES,-1,0
1177,"JANET PASSION W/W 24"" #2",,,1400,0884593269729,BEAUTY SUPPLIES,-5,0
1199,ECO GEL 16OZ BLUE,,,750,,BEAUTY SUPPLIES,-4,0
1216,"BANG BOB WIG 18""",,,30000,,BUNDLES,0,0
1228,MR. DURAG MESH DOME,,,550,0705372043586,BEAUTY SUPPLIES,2,0
1242,PERFECT BRITENER,,,1400,,BEAUTY SUPPLIES,-3,0
1252,EBIN  LACE BOND ADHESIVE SPRAY,,,900,0812429031196,BEAUTY SUPPLIES,-13,0
1277,SMALL ULTRA HOLD WALKER  TAPE,,,1900,0856459002467,BEAUTY SUPPLIES,0,0
1282,AVEENO CLEANSING PADS,,,1100,0812429034968,BEAUTY SUPPLIES,-3,0
1309,CALA BRUSH TANGLE FREE OMBRE,,,900,0616513668820,BEAUTY SUPPLIES,0,0
1336,NEUTROGENA ACNE STRESS WASHE,,,2200,0070501053409,BEAUTY SUPPLIES,0,0
1362,"VIVITAR 10"" RING LIGHT",,,5000,85513395628001499,BEAUTY SUPPLIES,0,0
10050,13x4 Loose Deep Frontal,loose-deep-frontal,10,18500,,System,1,0
10051,13x4 Loose Deep Frontal,loose-deep-frontal,12,19500,,System,2,0
10052,13x4 Loose Deep Frontal,loose-deep-frontal,14,20500,,System,1,0
10053,13x4 Loose Deep Frontal,loose-deep-frontal,16,21500,,System,1,0
10054,13x4 Loose Deep Frontal,loose-deep-frontal,18,22500,,System,1,0
10055,13x4 Loose Deep Frontal,loose-deep-frontal,20,23500,,System,0,0
10044,13x4 Loose Wave Frontal,loose-wave,10,18500,,System,0,0
10045,13x4 Loose Wave Frontal,loose-wave,12,19500,,System,1,0
10046,13x4 Loose Wave Frontal,loose-wave,14,20500,,System,2,0
10047,13x4 Loose Wave Frontal,loose-wave,16,21500,,System,0,0
10048,13x4 Loose Wave Frontal,loose-wave,18,22500,,System,0,0
10049,13x4 Loose Wave Frontal,loose-wave,20,23500,,System,1,0
10015,13x4 Straight Frontal,straight-13x4,10,18500,,BUNDLES,7,0
10016,13x4 Straight Frontal,straight-13x4,12,19500,,BUNDLES,4,0
10017,13x4 Straight Frontal,straight-13x4,14,20500,,BUNDLES,10,0
10018,13x4 Straight Frontal,straight-13x4,16,21500,,BUNDLES,7,0
10019,13x4 Straight Frontal,straight-13x4,18,22500,,BUNDLES,4,0
10020,13x4 Straight Frontal,straight-13x4,20,23500,,BUNDLES,1,0
10038,13x4 Water Wave Frontal,water-wave-frontal,10,18500,,System,0,0
10039,13x4 Water Wave Frontal,water-wave-frontal,12,19500,,System,0,0
10040,13x4 Water Wave Frontal,water-wave-frontal,14,20500,,System,1,0
10041,13x4 Water Wave Frontal,water-wave-frontal,16,21500,,System,1,0
10042,13x4 Water Wave Frontal,water-wave-frontal,18,22500,,System,0,0
10043,13x4 Water Wave Frontal,water-wave-frontal,20,23500,,System,0,0
10129,13x6 Body Wave Frontal,13x6-body-wave-frontal,"10""",13000,,System,0,0
10130,13x6 Body Wave Frontal,13x6-body-wave-frontal,"12""",13500,,System,0,0
10131,13x6 Body Wave Frontal,13x6-body-wave-frontal,"14""",19000,,System,0,0
10132,13x6 Body Wave Frontal,13x6-body-wave-frontal,"16""",20000,,System,1,0
54,SILICONE WIG GRIP,,,600,0636227130567,BEAUTY SUPPLIES,-10,0
55,STRECTH FRONT LACE WIG CAP,,,650,0842510050645,BEAUTY SUPPLIES,9,0
56,CROCHET NEEDLE GABRIELLA,,,130,0671331590982,BEAUTY SUPPLIES,-19,0
57,EBIN WILD CAT 3D LASH,,,600,0812429030274,BEAUTY SUPPLIES,-9,0
58,ANNIE COMB 3 IN 1,,,150,0705372002088,BEAUTY SUPPLIES,1,0
59,AB EYELASH TWEEZER,,,150.984,0717146000053,BEAUTY SUPPLIES,-7,0
60,DONNA FILLIGREE 10MM SILVER,,,3017.1636,,BEAUTY SUPPLIES,0,0
61,"ANNIE HAIR PIN 1 1/2""",,,120,,BEAUTY SUPPLIES,0,0
62,ECO STYLING GEL 8OZ ARGAN,,,400,0748378003130,BEAUTY SUPPLIES,25,0
63,ECO STYLING GEL 8OZ OLIVE,,,400,0748378001105,BEAUTY SUPPLIES,-9,0
64,GOT2B FREEZE SPRAY,,,1700,0052336912014,BEAUTY SUPPLIES,10,0
65,DREAM WIG CAP,,,300,0669352100976,BEAUTY SUPPLIES,-209,0
66,EBIN TINTED LACE SPRAY LWB,,,1600,0812429033251,BEAUTY SUPPLIES,10,0
67,AMPRO GEL SUPER HOLD 6OZ,,,200,0077312408404,BEAUTY SUPPLIES,7,0
68,MAGIC BONE TAIL COMB,,,70,0636227401162,BEAUTY SUPPLIES,-4,0
69,AJ LEAVE IN CONDITIONER,Beauty,,1700,,BEAUTY SUPPLIES,0,0
70,AJ OH SO CLEAN SHAMPOO 12OZ,Beauty,,1700,,BEAUTY SUPPLIES,0,0
71,ORS SHEEN SPRAY,Beauty,,1050,0632169110308,BEAUTY SUPPLIES,17,0
72,ORS OLIVE OIL HEAT SERUM 6OZ,Beauty,,1450,0632169111633,BEAUTY SUPPLIES,0,0
73,AJ KNOT OLN MY WATCH DETANGLER,Beauty,,1300,,BEAUTY SUPPLIES,0,0
74,AJ COCONUT BUTTER CRÈME 7.5OZ,Beauty,,1300,,BEAUTY SUPPLIES,0,0
75,AJ FLAXSEED CURLING GEL,Beauty,,1700,,BEAUTY SUPPLIES,0,0
76,ORS HAIREPAIR POLISHER 60Z,Beauty,,1450,0632169111619,BEAUTY SUPPLIES,0,0
77,DIANE ROYAL OVAL SATIN BRUSH,Beauty,,900,0824703091710,BEAUTY SUPPLIES,4,0
78,AJ CONTROL COND 15OZ,Beauty,,1480,,BEAUTY SUPPLIES,0,0
79,NOSE STUD,Beauty,,400,0846250003459,BEAUTY SUPPLIES,-187,0
80,LOTTABODY CONTROL ME EDGE BLACK,Beauty,,900,0075724435582,BEAUTY SUPPLIES,0,0
81,ORS OLIVE OIL GLOSSING POLISHER,Beauty,,1550,0632169111145,BEAUTY SUPPLIES,1,0
82,MURRAY BEESWAX 4OZ,Beauty,,600,0074704260008,BEAUTY SUPPLIES,2,0
83,S CURL ACTIVATOR 8OZ,Beauty,,980,,BEAUTY SUPPLIES,0,0
84,LUSTERS PINK GLOSSER,Beauty,12 OZ,1300,0038276056018,BEAUTY SUPPLIES,25,0
85,CREAM OF NATURE PERFECT EDGES,Beauty,,1200,,BEAUTY SUPPLIES,3,0
86,C/N ARGAN EDGES EXTRA HOLD,Beauty,,1080,,BEAUTY SUPPLIES,0,0
87,TOWEL,Beauty,,350,,BEAUTY SUPPLIES,-4,0
88,ANNIE BRUSH-CUSHION,Beauty,,450,0705372020501,BEAUTY SUPPLIES,2,0
89,ORS OLIVE OIL EDGE CONTROL,Beauty,,1150,0632169111763,BEAUTY SUPPLIES,2,0
90,PUMP IT UP 8OZ,Beauty,,850,0032023016348,BEAUTY SUPPLIES,6,0
91,LOTTABODY  fortify me LEAVE IN,Beauty,,850,0075724398313,BEAUTY SUPPLIES,0,0
92,LOTTABODY TEXT. SETTING LOTION,Beauty,,650,,BEAUTY SUPPLIES,0,0
93,LOTTABODY CLEANSE ME COWASH,Beauty,,850,,BEAUTY SUPPLIES,-1,0
94,LOTTABODY CONTROL ME EDGE GEL,Beauty,,760,0075724084018,BEAUTY SUPPLIES,0,0
95,ANNIE COMB- SHAMPOO,Beauty,,125,0705372000190,BEAUTY SUPPLIES,10,0
96,ANNIE COMB-PIN SHELL,Beauty,,150,0705372000305,BEAUTY SUPPLIES,0,0
97,HAIR RINGS,Beauty,,200,,BEAUTY SUPPLIES,-95,0
98,HAIR STRINGS,Beauty,,200,,BEAUTY SUPPLIES,-19,0
99,WHITE TOWEL,Beauty,,200,,BEAUTY SUPPLIES,0,0
100,AB 3 IN 1 EDGE BRUSH,Beauty,,300,0718015000006,BEAUTY SUPPLIES,-3,0
101,THE SHAPPY FILE COARSE,Beauty,,1200,0616909588879,BEAUTY SUPPLIES,6,0
102,M&M SP 3PCSRING WIG CLIP,Beauty,,200,0842510011028,BEAUTY SUPPLIES,0,0
103,ANNIE BROWSHAPER,Beauty,,200,0705372051314,BEAUTY SUPPLIES,-63,0
104,CALA BABY NAIL CLIPPER,Beauty,,300,,BEAUTY SUPPLIES,-1,0
105,GRAHAM WRAPP IT BLACK,Beauty,,1000,0747036371505,BEAUTY SUPPLIES,16,0
106,MAGIG DOUBLE SIDED EDGE BRUSH,Beauty,,300,0636227247463,BEAUTY SUPPLIES,-23,0
107,GHOSTBOND PLATINUM,Beauty,,4500,0642554488387,BEAUTY SUPPLIES,10,0
108,GHOSTBOND CLASSIC,Beauty,,4500,0628586868915,BEAUTY SUPPLIES,-19,0
109,M&M SPRING WIG CLIP,Beauty,,200,,BEAUTY SUPPLIES,-13,0
110,THREAD WEAVING GABRIELLA 400M,Beauty,,500,,BEAUTY SUPPLIES,-2,0
111,SALON PRO HAIR GLUE 4OZ,Beauty,,1100,0746817584097,BEAUTY SUPPLIES,3,0
112,AJ CURL LA LA,Beauty,,1700,,BEAUTY SUPPLIES,-1,0
113,WILD GROWTH HAIR OIL,Beauty,,2000,,BEAUTY SUPPLIES,-20,0
114,WILD GROWTH LIGHT OIL MOISTURIZ,Beauty,,2000,0617218000021,BEAUTY SUPPLIES,3,0
115,SHEA MST RAW CREAM CUSTARD,Beauty,,2500,0764302280989,BEAUTY SUPPLIES,-1,0
116,SHEA MST CURL SMOOTHIE,Beauty,,2500,0764302290223,BEAUTY SUPPLIES,-2,0
117,DOO GRO ANTI DANDRUFF CREME,Beauty,,1100,0649010751504,BEAUTY SUPPLIES,2,0
118,CANTU LEAVE IN CONDITIONER SHEA,Beauty,,1100,0856017000126,BEAUTY SUPPLIES,3,0
119,CANTU DEFINE AND SHINE CUSTARD,Beauty,,1350,0817513010125,BEAUTY SUPPLIES,0,0
120,CANTU SHEA BUTTER HAIR DRESSING,Beauty,,850,0874211002685,BEAUTY SUPPLIES,0,0
121,CANTU KIDS SHAMPOO 8OZ,Beauty,,1050,0817513015465,BEAUTY SUPPLIES,2,0
122,CANTU KIDS CONDITIONER DETANGLE,Beauty,,1050,0817513015441,BEAUTY SUPPLIES,0,0
123,CANTU NAT. SULFATE FREE CONDITI,Beauty,,1250,0817513015328,BEAUTY SUPPLIES,7,0
124,CANTU CONDITIONING CO WASH 10OZ,Beauty,,1250,0817513010149,BEAUTY SUPPLIES,1,0
125,SILICON MIX 16OZ SHAMPOO,Beauty,,1100,7464804101845,BEAUTY SUPPLIES,12,0
126,SHEA MST COCO & HIBIS MOUSSE,Beauty,,2200,0764302290612,BEAUTY SUPPLIES,0,0
127,SHEA RAW MOIST RETENTION SHAMPO,Beauty,,2400,0764302280200,BEAUTY SUPPLIES,1,0
128,CANTU KIDS LEAVE IN CONDITIONER,Beauty,,1050,0817513015427,BEAUTY SUPPLIES,-2,0
129,ADORE HAIR COLOUR,Beauty,,950,0661157101943,BEAUTY SUPPLIES,-304,0
130,DARK AND LOVELY HONEY BLONDE,Beauty,,1210,,BEAUTY SUPPLIES,0,0
131,ORS OO CREAMY ALOE SHAMPOO SACH,Beauty,,320,0632169111664,BEAUTY SUPPLIES,-1,0
132,C/N ARGAN COND TREAT SACHET,Beauty,,330,,BEAUTY SUPPLIES,0,0
133,AJ CURL LA LA SACHET,Beauty,,320,0034285686024,BEAUTY SUPPLIES,-11,0
134,ORS OLIVE OIL REPLENISH PAK,Beauty,,320,0632169111015,BEAUTY SUPPLIES,-6,0
135,OKAY PEPPERMINT OIL,Beauty,,950,0810367017203,BEAUTY SUPPLIES,-7,0
136,AP OM DEEP COND TREATMENT,Beauty,,300,0802535493018,BEAUTY SUPPLIES,10,0
137,ORS HAIR MAYO SACHET,Beauty,,350,0632169110230,BEAUTY SUPPLIES,-21,0
138,OKAY CHARCOAL LEAVE IN DEEP CON,Beauty,,350,0815166023998,BEAUTY SUPPLIES,7,0
10133,13x6 Body Wave Frontal,13x6-body-wave-frontal,"18""",22000,,System,0,0
10134,13x6 Body Wave Frontal,13x6-body-wave-frontal,"20""",17000,,System,0,0
10006,13x6 Straight Frontal,13x4-straight-frontal-1,"10""",18500,,BUNDLES,0,0
10122,13x6 Straight Frontal,13x4-straight-frontal-1,"12""",19500,,BUNDLES,0,0
10123,13x6 Straight Frontal,13x4-straight-frontal-1,"14""",19000,,BUNDLES,1,0
10124,13x6 Straight Frontal,13x4-straight-frontal-1,"16""",20000,,BUNDLES,2,0
10125,13x6 Straight Frontal,13x4-straight-frontal-1,"18""",22000,,BUNDLES,2,0
10128,13x6 Straight Frontal,13x4-straight-frontal-1,"20""",17000,,BUNDLES,0,0
10261,1B 27 Blonde Body Wave Bundles,1b-27-blonde-body-wave-bundles,"10""",5500,,System,0,0
10262,1B 27 Blonde Body Wave Bundles,1b-27-blonde-body-wave-bundles,"12""",6000,,System,0,0
10263,1B 27 Blonde Body Wave Bundles,1b-27-blonde-body-wave-bundles,"14""",6500,,System,-1,0
10264,1B 27 Blonde Body Wave Bundles,1b-27-blonde-body-wave-bundles,"16""",7000,,System,0,0
10265,1B 27 Blonde Body Wave Bundles,1b-27-blonde-body-wave-bundles,"18""",7500,,System,0,0
10266,1B 27 Blonde Body Wave Bundles,1b-27-blonde-body-wave-bundles,"20""",8500,,System,0,0
10267,1B 27 Blonde Body Wave Bundles,1b-27-blonde-body-wave-bundles,"22""",9000,,System,-1,0
10268,1B 27 Blonde Body Wave Bundles,1b-27-blonde-body-wave-bundles,"24""",10000,,System,0,0
10269,1B 27 Blonde Body Wave Bundles,1b-27-blonde-body-wave-bundles,"26""",10500,,System,-1,0
10270,1B 27 Blonde Body Wave Bundles,1b-27-blonde-body-wave-bundles,"28""",11000,,System,0,0
10271,1B 27 Blonde Body Wave Bundles,1b-27-blonde-body-wave-bundles,"30""",11500,,System,0,0
10250,1B 27 Blonde Straight Bundles,1b-27-blonde-straight,"10""",5500,,System,0,0
10251,1B 27 Blonde Straight Bundles,1b-27-blonde-straight,"12""",6000,,System,0,0
10252,1B 27 Blonde Straight Bundles,1b-27-blonde-straight,"14""",6500,,System,0,0
10253,1B 27 Blonde Straight Bundles,1b-27-blonde-straight,"16""",7000,,System,0,0
10254,1B 27 Blonde Straight Bundles,1b-27-blonde-straight,"18""",7500,,System,-1,0
10255,1B 27 Blonde Straight Bundles,1b-27-blonde-straight,"20""",8500,,System,0,0
10256,1B 27 Blonde Straight Bundles,1b-27-blonde-straight,"22""",9000,,System,0,0
10257,1B 27 Blonde Straight Bundles,1b-27-blonde-straight,"24""",10000,,System,0,0
10258,1B 27 Blonde Straight Bundles,1b-27-blonde-straight,"26""",10500,,System,0,0
10259,1B 27 Blonde Straight Bundles,1b-27-blonde-straight,"28""",11000,,System,0,0
10260,1B 27 Blonde Straight Bundles,1b-27-blonde-straight,"30""",11500,,System,0,0
10241,1B 613 Blonde Straight Bundles,1b-613-blonde-bundles,"10""",8000,,System,1,0
10242,1B 613 Blonde Straight Bundles,1b-613-blonde-bundles,"12""",6000,,System,0,0
10243,1B 613 Blonde Straight Bundles,1b-613-blonde-bundles,"14""",6500,,System,0,0
10244,1B 613 Blonde Straight Bundles,1b-613-blonde-bundles,"16""",7000,,System,0,0
10245,1B 613 Blonde Straight Bundles,1b-613-blonde-bundles,"18""",7500,,System,0,0
10246,1B 613 Blonde Straight Bundles,1b-613-blonde-bundles,"20""",8000,,System,0,0
10247,1B 613 Blonde Straight Bundles,1b-613-blonde-bundles,"22""",9000,,System,1,0
10248,1B 613 Blonde Straight Bundles,1b-613-blonde-bundles,"24""",10000,,System,1,0
10249,1B 613 Blonde Straight Bundles,1b-613-blonde-bundles,"26""",11000,,System,2,0
10301,1B 613 Blonde Straight Closure,1b-613-blonde-straight-closure,"10""",9500,,System,0,0
10302,1B 613 Blonde Straight Closure,1b-613-blonde-straight-closure,"12""",10500,,System,0,0
10303,1B 613 Blonde Straight Closure,1b-613-blonde-straight-closure,"14""",11500,,System,-1,0
10304,1B 613 Blonde Straight Closure,1b-613-blonde-straight-closure,"16""",12500,,System,0,0
10305,1B 613 Blonde Straight Closure,1b-613-blonde-straight-closure,"18""",13000,,System,0,0
10306,1B 613 Blonde Straight Closure,1b-613-blonde-straight-closure,"20""",13500,,System,0,0
10284,1B 613 Blonde Straight Frontal,1b-613-blonde-straight-frontal,"10""",20500,,System,0,0
10285,1B 613 Blonde Straight Frontal,1b-613-blonde-straight-frontal,"12""",21500,,System,0,0
10307,1B 613 Blonde Straight Frontal,1b-613-blonde-straight-frontal,"14""",22500,,System,1,0
10286,1B 613 Blonde Straight Frontal,1b-613-blonde-straight-frontal,"16""",23500,,System,-1,0
10287,1B 613 Blonde Straight Frontal,1b-613-blonde-straight-frontal,"18""",23500,,System,0,0
10288,1B 613 Blonde Straight Frontal,1b-613-blonde-straight-frontal,"20""",28500,,System,0,0
10141,2x6 Body Wave Closure,2x6-body-wave-closure,"12""",4500,,System,0,0
10147,2x6 Body Wave Closure,2x6-body-wave-closure,14'',5000,,System,0,0
10142,2x6 Body Wave Closure,2x6-body-wave-closure,"16""",5500,,System,0,0
10143,2x6 Body Wave Closure,2x6-body-wave-closure,"18""",6000,,System,0,0
10001,2x6 Straight Closure,straight-closure,"10""",4000,,System,0,0
10119,2x6 Straight Closure,straight-closure,"12""",4500,,System,1,0
10120,2x6 Straight Closure,straight-closure,"14""",5000,,System,-1,0
10121,2x6 Straight Closure,straight-closure,"16""",5500,,System,0,0
10126,2x6 Straight Closure,straight-closure,"18""",6000,,System,0,0
10127,2x6 Straight Closure,straight-closure,"20""",6500,,System,0,0
10007,"40"" J WIG","40""-j-wig",,8000,,System,0,0
10062,4x4 Body Wave Closure,body-wave-closure,10,8500,,System,0,0
10063,4x4 Body Wave Closure,body-wave-closure,12,9500,,System,0,0
10064,4x4 Body Wave Closure,body-wave-closure,14,10000,,System,0,0
10065,4x4 Body Wave Closure,body-wave-closure,16,11000,,System,0,0
10066,4x4 Body Wave Closure,body-wave-closure,18,11500,,System,0,0
10067,4x4 Body Wave Closure,body-wave-closure,20,12000,,System,2,0
10068,4x4 Deep Curly Closure,deep-curly-closure,10,8500,,System,0,0
10069,4x4 Deep Curly Closure,deep-curly-closure,12,9500,,System,0,0
10070,4x4 Deep Curly Closure,deep-curly-closure,14,10000,,System,3,0
10071,4x4 Deep Curly Closure,deep-curly-closure,16,11000,,System,1,0
10072,4x4 Deep Curly Closure,deep-curly-closure,18,11500,,System,2,0
10073,4x4 Deep Curly Closure,deep-curly-closure,20,12000,,System,1,0
10157,4x4 Deep Wave Closure,4x4-deep-wave,"10""",8500,,System,0,0
10158,4x4 Deep Wave Closure,4x4-deep-wave,"12""",9500,,System,2,0
10159,4x4 Deep Wave Closure,4x4-deep-wave,"14""",10000,,System,1,0
10160,4x4 Deep Wave Closure,4x4-deep-wave,"16""",11000,,System,1,0
10161,4x4 Deep Wave Closure,4x4-deep-wave,"18""",11500,,System,2,0
10162,4x4 Deep Wave Closure,4x4-deep-wave,"20""",12000,,System,2,0
10169,4x4 Kinky Curly Closure,4x4-kinky-curly-closure,"10""",8500,,System,1,0
10170,4x4 Kinky Curly Closure,4x4-kinky-curly-closure,"12""",9500,,System,-1,0
10171,4x4 Kinky Curly Closure,4x4-kinky-curly-closure,"14""",10000,,System,1,0
10172,4x4 Kinky Curly Closure,4x4-kinky-curly-closure,"16""",11000,,System,1,0
10173,4x4 Kinky Curly Closure,4x4-kinky-curly-closure,"18""",11500,,System,4,0
10174,4x4 Kinky Curly Closure,4x4-kinky-curly-closure,"20""",12000,,System,0,0
10151,4x4 Loose Deep Wave,4x4-loose-deep-wave,"10""",8500,,System,1,0
10152,4x4 Loose Deep Wave,4x4-loose-deep-wave,"12""",9500,,System,3,0
10153,4x4 Loose Deep Wave,4x4-loose-deep-wave,"14""",10000,,System,2,0
10154,4x4 Loose Deep Wave,4x4-loose-deep-wave,"16""",11000,,System,0,0
10155,4x4 Loose Deep Wave,4x4-loose-deep-wave,"18""",11500,,System,1,0
10156,4x4 Loose Deep Wave,4x4-loose-deep-wave,"20""",12000,,System,1,0
10144,4x4 Loose Wave Closure,4x4-loose-wave-closure,"10""",8500,,System,0,0
10145,4x4 Loose Wave Closure,4x4-loose-wave-closure,"12""",9500,,System,0,0
10146,4x4 Loose Wave Closure,4x4-loose-wave-closure,"14""",10000,,System,2,0
10148,4x4 Loose Wave Closure,4x4-loose-wave-closure,"16""",11000,,System,1,0
10149,4x4 Loose Wave Closure,4x4-loose-wave-closure,"18""",11500,,System,1,0
10150,4x4 Loose Wave Closure,4x4-loose-wave-closure,"20""",12000,,System,1,0
10056,4x4 Straight Closure,straight-closure-1,10,8500,,System,0,0
10057,4x4 Straight Closure,straight-closure-1,12,9500,,System,0,0
10058,4x4 Straight Closure,straight-closure-1,14,10000,,System,0,0
10059,4x4 Straight Closure,straight-closure-1,16,11000,,System,0,0
10060,4x4 Straight Closure,straight-closure-1,18,11500,,System,1,0
10061,4x4 Straight Closure,straight-closure-1,20,12000,,System,2,0
10163,4x4 Water Wave Closure,4x4-water-wave-closure,"10""",8500,,System,1,0
10164,4x4 Water Wave Closure,4x4-water-wave-closure,"12""",9500,,System,0,0
10165,4x4 Water Wave Closure,4x4-water-wave-closure,"14""",10000,,System,0,0
10166,4x4 Water Wave Closure,4x4-water-wave-closure,"16""",11000,,System,-1,0
10167,4x4 Water Wave Closure,4x4-water-wave-closure,"18""",11500,,System,0,0
10168,4x4 Water Wave Closure,4x4-water-wave-closure,20'',12000,,System,1,0
10230,613 Blonde Body Wave Bundles,613-blonde-body-wave,"10""",6000,,System,0,0
10231,613 Blonde Body Wave Bundles,613-blonde-body-wave,"12""",6000,,System,-2,0
10232,613 Blonde Body Wave Bundles,613-blonde-body-wave,"14""",6500,,System,0,0
10233,613 Blonde Body Wave Bundles,613-blonde-body-wave,"16""",7000,,System,0,0
10234,613 Blonde Body Wave Bundles,613-blonde-body-wave,"18""",7500,,System,0,0
10235,613 Blonde Body Wave Bundles,613-blonde-body-wave,"20""",8000,,System,-1,0
10236,613 Blonde Body Wave Bundles,613-blonde-body-wave,"22""",9000,,System,-3,0
10237,613 Blonde Body Wave Bundles,613-blonde-body-wave,"24""",10000,,System,-2,0
10238,613 Blonde Body Wave Bundles,613-blonde-body-wave,"26""",11000,,System,-1,0
10239,613 Blonde Body Wave Bundles,613-blonde-body-wave,"28""",12000,,System,0,0
10240,613 Blonde Body Wave Bundles,613-blonde-body-wave,"30""",13000,,System,0,0
10295,613 Blonde Body Wave Closure,613-blonde-body-wave-closure,"10""",9500,,System,0,0
10296,613 Blonde Body Wave Closure,613-blonde-body-wave-closure,"12""",10500,,System,0,0
10297,613 Blonde Body Wave Closure,613-blonde-body-wave-closure,"14""",11500,,System,-1,0
10298,613 Blonde Body Wave Closure,613-blonde-body-wave-closure,"16""",12500,,System,-1,0
10299,613 Blonde Body Wave Closure,613-blonde-body-wave-closure,"18""",13000,,System,0,0
10300,613 Blonde Body Wave Closure,613-blonde-body-wave-closure,"20""",13500,,System,0,0
10272,613 Blonde Body Wave Frontal,613-blonde-body-wave-frontal,"10""",20500,,System,-1,0
10273,613 Blonde Body Wave Frontal,613-blonde-body-wave-frontal,"12""",21500,,System,0,0
10274,613 Blonde Body Wave Frontal,613-blonde-body-wave-frontal,"14""",22500,,System,0,0
10275,613 Blonde Body Wave Frontal,613-blonde-body-wave-frontal,"16""",23500,,System,-1,0
10276,613 Blonde Body Wave Frontal,613-blonde-body-wave-frontal,"18""",25500,,System,0,0
10277,613 Blonde Body Wave Frontal,613-blonde-body-wave-frontal,"20""",28500,,System,0,0
10009,613 Blonde Straight Bundles,613-blonde-straight,"10""",8500,,System,-5,0
10010,613 Blonde Straight Bundles,613-blonde-straight,"12""",9000,,System,-5,0
10011,613 Blonde Straight Bundles,613-blonde-straight,"14""",10000,,System,1,0
10222,613 Blonde Straight Bundles,613-blonde-straight,"16""",11000,,System,-5,0
10223,613 Blonde Straight Bundles,613-blonde-straight,"18""",12000,,System,-3,0
10224,613 Blonde Straight Bundles,613-blonde-straight,"20""",13000,,System,-6,0
10225,613 Blonde Straight Bundles,613-blonde-straight,"22""",14000,,System,-5,0
10226,613 Blonde Straight Bundles,613-blonde-straight,"24""",15000,,System,0,0
10227,613 Blonde Straight Bundles,613-blonde-straight,"26""",16000,,System,0,0
10228,613 Blonde Straight Bundles,613-blonde-straight,"28""",17000,,System,-1,0
10229,613 Blonde Straight Bundles,613-blonde-straight,"30""",18500,,System,1,0
10289,613 Blonde Straight Closure,613-blonde-straight-closure,"10""",10500,,System,0,0
10290,613 Blonde Straight Closure,613-blonde-straight-closure,"12""",10500,,System,0,0
10291,613 Blonde Straight Closure,613-blonde-straight-closure,"14""",11500,,System,-2,0
1153,"BDAY LACE FRONTAL WIG 22""",,22,53500,,BUNDLES,-13,0
1178,"SOLO EXPRESS 10"" #1",,10,3200,0828179904291,BEAUTY SUPPLIES,-2,0
1200,GOT2B SMALL BLACK,,,600,0052336909298,BEAUTY SUPPLIES,5,0
1217,"JOY 12"" FRONTAL WIG",,,29000,,BUNDLES,0,0
1229,MS. REMI MESH WRAP,,,350,0705372044248,BEAUTY SUPPLIES,-2,0
1243,SHE IS BOMB WAX STICK,,,2000,,BEAUTY SUPPLIES,-1,0
1253,PERFUME,,,500,,BEAUTY SUPPLIES,-84,0
1278,ST IVES ACNE CONTROL APRICOT,,,1200,0077043104507,BEAUTY SUPPLIES,-3,0
1283,PEDI SLIPPERS,,,350,0705372053103,BEAUTY SUPPLIES,9,0
1310,GABRIELLA STONE PADDLE BRUSH,,,1000,0671331851021,BEAUTY SUPPLIES,0,0
1337,NEUTROGENA PINK GRAPE SCRUB,,,2000,0070501053607,BEAUTY SUPPLIES,0,0
1363,"CORE AUDIO 8"" SELFIE RING LIGHT",,,4500,0195207002923,BEAUTY SUPPLIES,-1,0
1369,NADINOLA FADE CREAM,,,1450,0075610271102,BEAUTY SUPPLIES,-6,0
1396,PERFUME SINGLE,,,1500,,BEAUTY SUPPLIES,-42,0
165,GOLD SKIN SNAIL SLIME CORRECT 3,Beauty,,950,6181100322880,BEAUTY SUPPLIES,3,0
192,GORILLA GLUE BOTTLE YELLOW,Beauty,,900,0878971001247,BEAUTY SUPPLIES,3,0
219,"XPRESSSION 84"" #1",Beauty,,850,0828179928792,BEAUTY SUPPLIES,-91,0
246,SALON BRUSH (JAB PADDLE CUSHION,Beauty,,750,0705372022314,BEAUTY SUPPLIES,0,0
273,ANNIE DRAW STRING CAP MULTI COL,Beauty,,310,0705372044545,BEAUTY SUPPLIES,0,0
300,COMB OUT CAPE BLACK VELCRO,Beauty,,600,0705372039190,BEAUTY SUPPLIES,1,0
327,Cantu Oil Sheen Deep Cond. Spra,Beauty,,930,0817513015014,BEAUTY SUPPLIES,0,0
354,D&Lovely AU Natural 10in 1 styl,Beauty,,1520,0075285008263,BEAUTY SUPPLIES,1,0
381,ORS Olive Oil Relaxer Extra Str,Beauty,,2100,0632169110995,BEAUTY SUPPLIES,1,0
408,NEW Colour Lotion 2oz Crimson F,Beauty,,370,0852744001016,BEAUTY SUPPLIES,-3,0
435,Design Ess. Restore Vitamin Tre,Beauty,,770,0875408003492,BEAUTY SUPPLIES,0,0
462,WOW FIESTA GREEN COLOUR RINSE 2,Beauty,,315,0850187001006,BEAUTY SUPPLIES,10,0
489,ETTENIO Free to be Me Condition,Beauty,,1780,0601754203947,BEAUTY SUPPLIES,1,0
516,Lottabody Sleek Me Blowout,Beauty,,770,0075724400788,BEAUTY SUPPLIES,3,0
10292,613 Blonde Straight Closure,613-blonde-straight-closure,"16""",12500,,System,0,0
10293,613 Blonde Straight Closure,613-blonde-straight-closure,"18""",13000,,System,0,0
10294,613 Blonde Straight Closure,613-blonde-straight-closure,"20""",13500,,System,0,0
10278,613 Blonde Straight Frontal,613-blonde-straight-frontal,"10""",20500,,System,8,0
10279,613 Blonde Straight Frontal,613-blonde-straight-frontal,"12""",21500,,System,7,0
10280,613 Blonde Straight Frontal,613-blonde-straight-frontal,"14""",22500,,System,1,0
10281,613 Blonde Straight Frontal,613-blonde-straight-frontal,"16""",23500,,System,1,0
10282,613 Blonde Straight Frontal,613-blonde-straight-frontal,"18""",23500,,System,0,0
10283,613 Blonde Straight Frontal,613-blonde-straight-frontal,"20""",25500,,System,0,0
10097,Body Wave Bundles,body-wave,10,6500,,System,9,0
10098,Body Wave Bundles,body-wave,12,7000,,System,-1,0
10099,Body Wave Bundles,body-wave,14,8000,,System,-7,0
10100,Body Wave Bundles,body-wave,16,9000,,System,9,0
10101,Body Wave Bundles,body-wave,18,10000,,System,0,0
10102,Body Wave Bundles,body-wave,20,11000,,System,14,0
10103,Body Wave Bundles,body-wave,22,12000,,System,17,0
10104,Body Wave Bundles,body-wave,24,13000,,System,8,0
10105,Body Wave Bundles,body-wave,26,14000,,System,13,0
10106,Body Wave Bundles,body-wave,28,15000,,System,17,0
10107,Body Wave Bundles,body-wave,30,16500,,System,26,0
10014,Clairol Volume 40,clairol-volume-40,,750,,System,11,0
10400,COVER FX FOUNDATION,cover-fx-foundation,,0,,System,0,0
10075,Deep Curly Bundles,deep-curly,10,6500,,System,0,0
10076,Deep Curly Bundles,deep-curly,12,7000,,System,-3,0
10077,Deep Curly Bundles,deep-curly,14,8000,,System,-1,0
10078,Deep Curly Bundles,deep-curly,16,9000,,System,6,0
10079,Deep Curly Bundles,deep-curly,18,10000,,System,7,0
10080,Deep Curly Bundles,deep-curly,20,11000,,System,1,0
10081,Deep Curly Bundles,deep-curly,22,12000,,System,-2,0
10082,Deep Curly Bundles,deep-curly,24,13000,,System,4,0
10083,Deep Curly Bundles,deep-curly,26,14000,,System,7,0
10084,Deep Curly Bundles,deep-curly,28,15000,,System,9,0
10085,Deep Curly Bundles,deep-curly,30,16500,,System,12,0
10086,Deep Wave Bundles,deep-wave,10,6500,,System,7,0
10087,Deep Wave Bundles,deep-wave,12,7000,,System,10,0
10088,Deep Wave Bundles,deep-wave,14,8000,,System,15,0
10089,Deep Wave Bundles,deep-wave,16,9000,,System,19,0
10090,Deep Wave Bundles,deep-wave,18,10000,,System,0,0
10091,Deep Wave Bundles,deep-wave,20,11000,,System,-8,0
10092,Deep Wave Bundles,deep-wave,22,12000,,System,15,0
10093,Deep Wave Bundles,deep-wave,24,13000,,System,16,0
10094,Deep Wave Bundles,deep-wave,26,14000,,System,13,0
10095,Deep Wave Bundles,deep-wave,28,15000,,System,-2,0
10096,Deep Wave Bundles,deep-wave,30,16500,,System,16,0
10221,Destiny Puff,destiny-jumbo-puff,Jumbo,1500,,System,-2,0
10220,Destiny Puff,destiny-jumbo-puff,Large,1000,,System,-2,0
10219,Destiny Puff,destiny-jumbo-puff,Small,900,,System,-2,0
10175,Expression Braid,expression-#1,1,800,,System,-32,0
10176,Expression Braid,expression-#1,1b,600,,System,-28,0
10074,FREEZE SPRAY,freeze-spray,,1500,,System,-1,0
10008,JANET MAY WIG,janet-may-wig,,4500,,System,0,0
10207,Kinky Curly Bundles,kinky-curly-cundles,"10""",6500,,System,9,0
10208,Kinky Curly Bundles,kinky-curly-cundles,"12""",7000,,System,9,0
10209,Kinky Curly Bundles,kinky-curly-cundles,"14""",8000,,System,10,0
10210,Kinky Curly Bundles,kinky-curly-cundles,"16""",9000,,System,9,0
10211,Kinky Curly Bundles,kinky-curly-cundles,"18""",10000,,System,5,0
10212,Kinky Curly Bundles,kinky-curly-cundles,"20""",11000,,System,7,0
10213,Kinky Curly Bundles,kinky-curly-cundles,"22""",12000,,System,10,0
10214,Kinky Curly Bundles,kinky-curly-cundles,"24""",13000,,System,5,0
10215,Kinky Curly Bundles,kinky-curly-cundles,"26""",14000,,System,6,0
10216,Kinky Curly Bundles,kinky-curly-cundles,"28""",15000,,System,4,0
10218,Kinky Curly Bundles,kinky-curly-cundles,"30""",16500,,System,5,0
10197,Loose Deep Wave,loose-deep-wave,"10""",6500,,System,4,0
10198,Loose Deep Wave,loose-deep-wave,"12""",7000,,System,0,0
10199,Loose Deep Wave,loose-deep-wave,"14""",8000,,System,8,0
10200,Loose Deep Wave,loose-deep-wave,"16""",9000,,System,10,0
10201,Loose Deep Wave,loose-deep-wave,"18""",10000,0000000000024,System,2,0
10202,Loose Deep Wave,loose-deep-wave,"20""",11000,,System,7,0
10203,Loose Deep Wave,loose-deep-wave,"22""",12000,,System,-1,0
10217,Loose Deep Wave,loose-deep-wave,"24""",13000,,System,7,0
10204,Loose Deep Wave,loose-deep-wave,"26""",14000,,System,12,0
10205,Loose Deep Wave,loose-deep-wave,"28""",15000,,System,6,0
10206,Loose Deep Wave,loose-deep-wave,"30""",16500,,System,8,0
10186,Loose Wave Bundles,loose-wave-bundles,"10""",6500,,System,-1,0
10187,Loose Wave Bundles,loose-wave-bundles,"12""",7000,,System,6,0
10188,Loose Wave Bundles,loose-wave-bundles,"14""",8000,,System,1,0
10189,Loose Wave Bundles,loose-wave-bundles,"16""",9000,,System,6,0
10190,Loose Wave Bundles,loose-wave-bundles,"18""",10000,,System,1,0
10191,Loose Wave Bundles,loose-wave-bundles,"20""",11000,,System,5,0
10192,Loose Wave Bundles,loose-wave-bundles,"22""",12000,,System,-4,0
10193,Loose Wave Bundles,loose-wave-bundles,"24""",13000,,System,2,0
10194,Loose Wave Bundles,loose-wave-bundles,"26""",14000,,System,0,0
10195,Loose Wave Bundles,loose-wave-bundles,"28""",15000,,System,0,0
10196,Loose Wave Bundles,loose-wave-bundles,"30""",16500,,System,4,0
10003,Straight Bundles,straight-bundles,"10""",6500,,System,0,0
10004,Straight Bundles,straight-bundles,"12""",7000,,System,-7,0
10005,Straight Bundles,straight-bundles,"14""",8000,,System,19,0
10108,Straight Bundles,straight-bundles,"16""",9000,,System,12,0
10109,Straight Bundles,straight-bundles,"18""",10000,,System,9,0
10110,Straight Bundles,straight-bundles,"20""",11000,,System,13,0
10111,Straight Bundles,straight-bundles,"22""",12000,,System,44,0
10112,Straight Bundles,straight-bundles,"24""",13000,,System,36,0
10113,Straight Bundles,straight-bundles,"26""",14000,,System,16,0
10114,Straight Bundles,straight-bundles,"28""",15000,,System,16,0
10115,Straight Bundles,straight-bundles,"30""",16500,,System,8,0
10116,Straight Bundles,straight-bundles,"32""",17500,,System,-3,0
10117,Straight Bundles,straight-bundles,"34""",18500,,System,-5,0
10118,Straight Bundles,straight-bundles,"36""",19500,,System,1,0
10002,Straight Bundles,straight-bundles,"8""",5500,,System,1,0
10012,Water Wave Bundles,water-wave-bundles,"10""",6500,,System,7,0
10013,Water Wave Bundles,water-wave-bundles,"12""",7000,,System,3,0
10177,Water Wave Bundles,water-wave-bundles,"14""",8000,,System,1,0
10178,Water Wave Bundles,water-wave-bundles,"16""",9000,,System,9,0
10179,Water Wave Bundles,water-wave-bundles,"18""",10000,,System,7,0
10180,Water Wave Bundles,water-wave-bundles,"20""",11000,,System,5,0
665,Water Wave Bundles,water-wave-bundles,"22""",12000,,System,7,0
10182,Water Wave Bundles,water-wave-bundles,"24""",13000,,System,7,0
10183,Water Wave Bundles,water-wave-bundles,"26""",14000,,System,4,0
10184,Water Wave Bundles,water-wave-bundles,"28""",15000,,System,15,0
10185,Water Wave Bundles,water-wave-bundles,"30""",16500,,System,8,0
139,ORS HAIREPAIR DEEP CONDITIONING,Beauty,,350,0632169120758,BEAUTY SUPPLIES,-10,0
166,GOLD SKIN SNAIL SLIME CREAM,Beauty,,900,6181100321852,BEAUTY SUPPLIES,-9,0
193,GORILLA GLUE SMALL YELLOW,Beauty,,360,0878971001124,BEAUTY SUPPLIES,0,0
220,"XPRESSION 84"" #2",Beauty,,850,8281799288158,BEAUTY SUPPLIES,-70,0
247,SALON PADDLE BRUSH,Beauty,,900,0705372022536,BEAUTY SUPPLIES,7,0
274,ANNIE SATIN TIE BONNET MULTI,Beauty,,310,0705372044569,BEAUTY SUPPLIES,-1,0
301,STYLSIT APRON BURGUNDY TIE-STRI,Beauty,,700,0705372039220,BEAUTY SUPPLIES,0,0
328,Cantu Thermal Shield Heat Prote,Beauty,,1100,0817513015588,BEAUTY SUPPLIES,3,0
355,D&L AU Natural Shine Spray 5.75,Beauty,,1520,0075285008287,BEAUTY SUPPLIES,1,0
382,ORS Olive Oil Normal Relaxer Ki,Beauty,,1460,0632169110988,BEAUTY SUPPLIES,7,0
409,NEW Colour Lotion 2oz Copper Su,Beauty,,370,0852744001122,BEAUTY SUPPLIES,-3,0
436,Design Ess. Peppermint and Aloe,Beauty,,3470,0875408003836,BEAUTY SUPPLIES,0,0
463,WOW FIESTA GREEN COLOUR RINSE,Beauty,,940,0850187001020,BEAUTY SUPPLIES,6,0
490,ETTENIO Free to Be Me Detangler,Beauty,,1400,0601754203954,BEAUTY SUPPLIES,0,0
140,ORS HAIR REPAIR NOURISHING COND,Beauty,,400,0632169110049,BEAUTY SUPPLIES,-24,0
167,GOLD SKIN SNAIL SLIME LOTION,Beauty,,1800,6181100321500,BEAUTY SUPPLIES,-5,0
194,VIGOROL MOUSSE Maximum Shine &,Beauty,,980,0078319471019,BEAUTY SUPPLIES,2,0
221,"XPRESSION  84"" #1B/BURG",Beauty,,850,0828179973365,BEAUTY SUPPLIES,-51,0
248,JUMBO RFAKE COMB,Beauty,,210,0705372000237,BEAUTY SUPPLIES,0,0
275,ANNIE MESH WEAVING CAP,Beauty,,260,0705372044729,BEAUTY SUPPLIES,-3,0
302,COMB OUT CAPE BURGUNDY TIE STRI,Beauty,,310,0705372039183,BEAUTY SUPPLIES,-1,0
329,Cantu Int. Repair Deep Teat Mas,Beauty,,400,0817513016325,BEAUTY SUPPLIES,0,0
356,D&L Healthy Gloss 5 moist Shamp,Beauty,,1340,0075285004593,BEAUTY SUPPLIES,3,0
383,ORS Olive Oil Creamy aloe Shamp,Beauty,,1100,0632169111022,BEAUTY SUPPLIES,16,0
410,NEW Colour Lotion 2oz  Misty Am,Beauty,,370,0852744001023,BEAUTY SUPPLIES,2,0
437,Design Ess Bamboon Silk Leave I,Beauty,,1800,0875408003270,BEAUTY SUPPLIES,0,0
464,WOW   MANIC PINK COLOUR RINSE 8,Beauty,,940,0850187001082,BEAUTY SUPPLIES,5,0
491,ETTENIO Dreamsicle Moisturizer,Beauty,,1600,0601754203961,BEAUTY SUPPLIES,0,0
141,JOHNSONS FOOT SOAK,Beauty,,520,0011509004031,BEAUTY SUPPLIES,-9,0
168,PROFECTIV 1 TOUCH UP RELAXER RE,Beauty,,370,0802535001237,BEAUTY SUPPLIES,-12,0
195,VIGOROL MOUSSE Curls,Beauty,,980,0078319471033,BEAUTY SUPPLIES,2,0
222,"XPRESSION 84"" #350",Beauty,,850,0828179928877,BEAUTY SUPPLIES,-17,0
249,LARGE DYE BRUSH,Beauty,,150,0705372029146,BEAUTY SUPPLIES,0,0
276,FIST AFRO PICK,Beauty,,250,,BEAUTY SUPPLIES,0,0
303,TOUCH UR HAIR WAND JET BLACK,Beauty,,680,0705372072012,BEAUTY SUPPLIES,-1,0
330,W/D 2N1 dRy Finishing Lotion 8o,Beauty,,820,0875408003423,BEAUTY SUPPLIES,-3,0
357,D&L Anti Rev Styling Extra Stre,Beauty,,1340,0075285009543,BEAUTY SUPPLIES,3,0
384,ORS Olive Oil Replen Cond 12.5o,Beauty,,1100,0632169111084,BEAUTY SUPPLIES,17,0
411,NEW Colour Lotion 2oz Russet ra,Beauty,,370,0852744001214,BEAUTY SUPPLIES,-3,0
438,Design Ess. Oil and Shea Deep F,Beauty,,1150,0875408003126,BEAUTY SUPPLIES,2,0
465,WOW MANIC PINK COLOUR RINSE 2OZ,Beauty,,310,0850187001068,BEAUTY SUPPLIES,10,0
492,ETTENIO Soothing Scalp Balm,Beauty,,1650,0601754203985,BEAUTY SUPPLIES,0,0
142,DIFEEL HEMP OIL,Beauty,,800,0711716021011,BEAUTY SUPPLIES,0,0
169,PROFECTIV 1 TOUCH UP RELAXER SU,Beauty,,370,0802535124059,BEAUTY SUPPLIES,-4,0
196,VIGOROL MOUSSE Olive Oil Mega M,Beauty,,980,0078319471026,BEAUTY SUPPLIES,4,0
223,ESHA SML LACE GLUE,Beauty,,750,,BEAUTY SUPPLIES,-30,0
250,HAND MIRROR ASST COLOURS,Beauty,,345,0705372030036,BEAUTY SUPPLIES,-3,0
277,ANNIE MS REMI PREMIUM DELUXE DA,Beauty,,460,0705372045894,BEAUTY SUPPLIES,0,0
304,HAIR DRYER SNAP ON NOZZLE,Beauty,,600,0705372030012,BEAUTY SUPPLIES,0,0
331,W/D Finishing Mist and Shine Sp,Beauty,,880,0875408001023,BEAUTY SUPPLIES,1,0
358,D&L Perm Hair Colur Natural Bla,Beauty,,1150,0075285003336,BEAUTY SUPPLIES,-6,0
385,ORS Jojoba Oil 5.5oz,Beauty,,800,0632169120123,BEAUTY SUPPLIES,1,0
412,NEW Colour Lotion 2oz Stormy Br,Beauty,,370,0852744001221,BEAUTY SUPPLIES,4,0
439,Design Ess. Soothing Scalp Toni,Beauty,,1020,0875408001085,BEAUTY SUPPLIES,0,0
466,WOW PANIC PURPLE COLOUR RINSE 2,Beauty,,310,0850187001099,BEAUTY SUPPLIES,4,0
493,ETTENIO Scalp Restore,Beauty,,1400,0757901862342,BEAUTY SUPPLIES,-22,0
143,LOTTABODY DEEP CONDITIONING MAS,Beauty,,320,,BEAUTY SUPPLIES,0,0
170,PROFECTIV GRO STIM SHAMPOO 12OZ,Beauty,,900,0802535001312,BEAUTY SUPPLIES,0,0
197,APHOGEE Balancing Moisturizer 1,Beauty,,1400,0015228131115,BEAUTY SUPPLIES,1,0
224,COLD WAVE ROD TANGERINE LARGE,Beauty,,250,0705372011011,BEAUTY SUPPLIES,-1,0
251,"BOB PINS BLACK 2"" 60CT",Beauty,,150,0705372031088,BEAUTY SUPPLIES,0,0
278,MS REMI PREMIUM DELUXE SLEEPING,Beauty,,760,0705372046112,BEAUTY SUPPLIES,1,0
305,ALMINE 3/4 RED CLAENSING SPONGE,Beauty,,0,0705372042374,BEAUTY SUPPLIES,-1,0
332,W/D Moisture wrap Booster,Beauty,,1100,0875408002037,BEAUTY SUPPLIES,1,0
359,D&L Permanent Colour Brown Sabl,Beauty,,890,0072790003738,BEAUTY SUPPLIES,1,0
386,CURLS UNLEASHED Leave In Cond,Beauty,,350,0632169112456,BEAUTY SUPPLIES,-8,0
413,NEW Colour Lotion 2oz Cranberry,Beauty,,370,0852744001009,BEAUTY SUPPLIES,-3,0
440,Design Ess. Composition Foaming,Beauty,,1190,0875408004239,BEAUTY SUPPLIES,0,0
467,WOW PANIC PURPLE COLOUR RINSE 8,Beauty,,940,0850187001112,BEAUTY SUPPLIES,5,0
494,Cream Of Nature Argan Relaxer S,Beauty,,1400,0075724251649,BEAUTY SUPPLIES,-3,0
144,SILICON MIX PROTEIN 8OZ,Beauty,,1100,7464804101371,BEAUTY SUPPLIES,12,0
171,PROFECTIV DET COND 12OZ,Beauty,,900,0802535001350,BEAUTY SUPPLIES,0,0
198,APHOGEE Pro Vitamin Leave In Co,Beauty,,1400,0015228134109,BEAUTY SUPPLIES,-6,0
225,COLD WAVE RODS PURPLE (S) 12CT,Beauty,,230,0705372011097,BEAUTY SUPPLIES,0,0
252,ANNE TPINS 12CT STAINLESS STEEL,Beauty,,400,0705372031408,BEAUTY SUPPLIES,12,0
279,MS REMI PREMIUM DAY & NIGHT CAP,Beauty,,760,0705372046297,BEAUTY SUPPLIES,-2,0
306,ALMINE 16PCS NR COSMETIC WEDGES,Beauty,,450,0705372042459,BEAUTY SUPPLIES,6,0
333,W/D Rearranger 2lb,Beauty,,3300,0875408002068,BEAUTY SUPPLIES,0,0
360,D&L Permanent Colour Rich aubur,Beauty,,890,0072790003745,BEAUTY SUPPLIES,0,0
387,ORS CU Take Comm Curl Def Crème,Beauty,,350,0632169112463,BEAUTY SUPPLIES,-10,0
414,NEW Colour Lotion 8 oz Black Pe,Beauty,,980,0852744001207,BEAUTY SUPPLIES,-3,0
441,Design Ess. Herbal complex,Beauty,,1000,0875408004116,BEAUTY SUPPLIES,1,0
468,WOW MAD BLUE COLOUR RINSE 2 OZ,Beauty,,310,0850187001037,BEAUTY SUPPLIES,7,0
495,Cream Of Nature Argan Relaxer R,Beauty,,1400,0075724251632,BEAUTY SUPPLIES,-2,0
145,"BRAID FREETRESS WATER WAVE 24""",Beauty,,1700,0821090312268,BEAUTY SUPPLIES,0,0
172,PROFECTIV NEUTRALIZING SHMAPOO,Beauty,,900,0802535001367,BEAUTY SUPPLIES,-4,0
199,APHOGEE Deep Moisturizer Shampo,Beauty,,1400,0015228101002,BEAUTY SUPPLIES,6,0
226,COLD WAVE RODS WHITE SMALL,Beauty,,220,0705372011103,BEAUTY SUPPLIES,1,0
253,RUBBER BANDSBLACK MEDIUM 300CT,Beauty,,180,0705372031477,BEAUTY SUPPLIES,4,0
280,MS REMI SPANDEX DOME CAP BLACK,Beauty,,350,0705372046884,BEAUTY SUPPLIES,0,0
307,ALMINE TOE SEPARATORS 2CT,Beauty,,160,0705372042626,BEAUTY SUPPLIES,0,0
334,W/D Dry Finishing lotion 16oz,Beauty,,1360,0875408002075,BEAUTY SUPPLIES,-3,0
361,D&L Permanent Colour Sunkissed,Beauty,,890,0072790003776,BEAUTY SUPPLIES,1,0
388,CURLS UNLEASHED CURL BOOSTING J,Beauty,,350,0632169112470,BEAUTY SUPPLIES,-12,0
415,NEW Colour Lotion 8oz Crimson F,Beauty,,980,0852744001146,BEAUTY SUPPLIES,3,0
442,Nutriment with pea Sprout 4oz,Beauty,,980,0875408004451,BEAUTY SUPPLIES,2,0
469,WOW MAD BLUE COLOUR RINSE 8 OZ,Beauty,,940,0850187001051,BEAUTY SUPPLIES,6,0
496,Cream of Nature Mango and Shea,Beauty,,730,0075724219311,BEAUTY SUPPLIES,-6,0
1154,"13X4 FRONTAL WIG 24""",,24,55000,,BUNDLES,-13,0
1179,"SOLO EXPRESS  12"" #1",,12,3900,0828179904451,BEAUTY SUPPLIES,-1,0
1201,GOT2B SMALL YELLOW,,,450,0052336341456,BEAUTY SUPPLIES,-34,0
1218,"JOY 10"" FRONTAL WIG",,,27000,,BUNDLES,0,0
1230,MS REMI SATIN TIE BAND,,,350,0705372044392,BEAUTY SUPPLIES,2,0
1244,FACIAL CLEANSING BRUSH,,,800,,BEAUTY SUPPLIES,-6,0
1254,CANVAS MANNEQUIN HEAD,,,4500,,BEAUTY SUPPLIES,-2,0
1279,SALON PRO SMALL GLUE,,,200,,BEAUTY SUPPLIES,88,0
1284,SATIN BAND,,,450,0695019212553,BEAUTY SUPPLIES,8,0
1311,THREAD,,,300,0636227492702,BEAUTY SUPPLIES,-1,0
1338,NEUTROGENA PINK MOISTURIZER,,,2000,0070501062241,BEAUTY SUPPLIES,0,0
1364,KOJIC ACID BEAUTY SOAP 350G,,,1600,,BEAUTY SUPPLIES,-3,0
1370,CAROTONE SPOT CORRECTOR,,,900,6182000104309,BEAUTY SUPPLIES,-27,0
1397,PERFUME WHOLESALE,,,1000,,BEAUTY SUPPLIES,-8,0
745,FABRIC HEADBAND COMB 2CT,,,520,0705372033754,BEAUTY SUPPLIES,1,0
772,ETERNAL BASE COAT,,,650,0017502015609,BEAUTY SUPPLIES,-30,0
782,ESSATIONS FINISHING GLOSS,,,2000,0051416080438,BEAUTY SUPPLIES,1,0
809,SALE WIG 08,,,11000,,BUNDLES,-8,0
821,KIDS DRESS,,,1500,,KIDS,-77,0
852,COLOURPOP LIQUIP LIPSTICK,,,0,,BEAUTY SUPPLIES,3,0
880,JUVIAS SAHARAN 2 SPICE EYES,,,0,0857494007264,BEAUTY SUPPLIES,2,0
887,6 months,,,0,,KIDS,-1,0
931,KIDS SET LEGGINGS,,,3000,,KIDS,-16,0
954,BOTTLE,,,1000,,BEAUTY SUPPLIES,-3,0
967,PREMIUM DAY AND NIGHT CAP X JUM,,,1160,0705372045733,BEAUTY SUPPLIES,-1,0
987,WIG STR FRONTAL 16,,,20000,,BUNDLES,-2,0
1004,FAUX LOCKS,,"18""",1700,,BUNDLES,-41,0
746,"2 IN 1 COMB,COPPER/BLACK NW/TIP",,,120,0705372001081,BEAUTY SUPPLIES,1,0
773,SALE WIG 10 STRAIGHT,,,12000,,BUNDLES,-8,0
783,ZIMII CONDITIONER 16OZ,,,1100,0636853701384,BEAUTY SUPPLIES,0,0
810,"SALE WIG 12"" STRAIGHT",,,15000,,BUNDLES,-13,0
822,GIRLS SKIRT SET,,,4000,,KIDS,-6,0
826,"6*6 CLOSURE 20""",,,14500,,BUNDLES,-3,0
853,FROZEN ULTRA GLOSSY LIP/ DISNEY,,,0,,BEAUTY SUPPLIES,1,0
881,JUVIAS WARRIOR 3,,,0,0857494007462,BEAUTY SUPPLIES,1,0
888,BANGLE SET,,,0,,KIDS,-9,0
932,LONG SLEEVE TOP KIDS,,,1600,,KIDS,-1,0
955,CROCS,,,4000,,KIDS,-10,0
968,EXTRA JUMBO CAP,,,1300,0705372045726,BEAUTY SUPPLIES,-3,0
1155,"13X4 FRONTAL WIG 26""",,26,64000,,BUNDLES,0,0
1180,"SOLO EXPRESS 14"" #1",,,5700,0828179904611,BEAUTY SUPPLIES,0,0
1202,EDGE BRUSH,,,300,6923172806093,BEAUTY SUPPLIES,-230,0
1219,"LV01 8"" BOB 180%",,,16000,,BUNDLES,-1,0
1231,GREEN RAT TAIL COMB,,,80,10705372001651,BEAUTY SUPPLIES,11,0
1245,SOFTEE  OIL,,,800,,BEAUTY SUPPLIES,-8,0
1255,BLK JAMAICA STREGHTEN &RESTORE,,,2500,0764302215851,BEAUTY SUPPLIES,1,0
1280,AFRICAN SHEA BUTTER,,,750,0850546001265,BEAUTY SUPPLIES,9,0
1285,GABRIELLA BRUSH,,,1000,0671331851069,BEAUTY SUPPLIES,0,0
1312,ELF EYELINER PENCIL,,,600,0609332010031,BEAUTY SUPPLIES,-1,0
1339,NEUTROGENA PINK CLEANSER,,,2000,0070501053652,BEAUTY SUPPLIES,0,0
1365,KOJIC ACID FACE CREAM,,,1500,,BEAUTY SUPPLIES,7,0
1371,CAROTONE SERUM,,,900,6182000105146,BEAUTY SUPPLIES,11,0
1398,GOLD SKIN  BODY SOAP,,,750,6181100321920,BEAUTY SUPPLIES,-17,0
146,"BRAID JANET 24"" PASSION TWIST",Beauty,,1400,0884593254671,BEAUTY SUPPLIES,-15,0
173,PROFECTIV PRO RELAX 7SINGLE REG,Beauty,,250,0802535120259,BEAUTY SUPPLIES,1,0
200,APHOGEE Shampoo For Damaged hai,Beauty,,1400,0015228100852,BEAUTY SUPPLIES,0,0
227,COLD WAVE RODS PINK (S) 12CT,Beauty,,200,0705372011127,BEAUTY SUPPLIES,0,0
254,DUCK BILL CLIPS 4CT,Beauty,,300,0705372031705,BEAUTY SUPPLIES,24,0
281,ANNIE 15OZ MEDIUM SPRAY BOTTLE,Beauty,,320,0705372047065,BEAUTY SUPPLIES,-2,0
308,Dark and Lovely Regular Relaxer,Beauty,,1520,0072790004209,BEAUTY SUPPLIES,7,0
335,W/D wave Lock Neutralizer 32oz,Beauty,,2160,0875408002082,BEAUTY SUPPLIES,0,0
362,D&L Permanent Colour Honey Blon,Beauty,,890,0072790003783,BEAUTY SUPPLIES,-9,0
389,ORS Tea Tree Oil Hair Dress,Beauty,,800,0632169120116,BEAUTY SUPPLIES,0,0
416,NEW Colour Lotion 8oz Copper Su,Beauty,,980,0852744001153,BEAUTY SUPPLIES,-3,0
443,Design Ess. Hydrient Argan Mois,Beauty,,1600,0875408004406,BEAUTY SUPPLIES,0,0
470,WOW SUNSHINE YELLOW COLOUR RINS,Beauty,,940,0850187001174,BEAUTY SUPPLIES,5,0
497,Cream Of Nature Argan Perfect 7,Beauty,,1650,0075724071285,BEAUTY SUPPLIES,0,0
147,KISS TINTATION FUSCHIA,Beauty,,950,0731509754292,BEAUTY SUPPLIES,-2,0
174,SHORTLOOKS GEL N 6OZ,Beauty,,750,0038276005627,BEAUTY SUPPLIES,-3,0
201,APHOGEE Balancing Moisturizer 8,Beauty,,1000,0015228131108,BEAUTY SUPPLIES,1,0
228,TAIL COMB BLACK BULK,Beauty,,70,10705372001644,BEAUTY SUPPLIES,-58,0
255,FLEXIBLE COMB,Beauty,,200,,BEAUTY SUPPLIES,0,0
282,OZEN SPRAY BOTTLE 8OZ CLEAR,Beauty,,265,,BEAUTY SUPPLIES,-3,0
309,Dark and Lovely Super Relaxer K,Beauty,,1520,0072790004223,BEAUTY SUPPLIES,8,0
336,Design Essentials Sensitive Sca,Beauty,,6800,0875408003164,BEAUTY SUPPLIES,-2,0
363,D&L Permanent Colour Golden Bro,Beauty,,890,0072790003790,BEAUTY SUPPLIES,3,0
390,ORS Coconut Oil,Beauty,,800,0632169120147,BEAUTY SUPPLIES,0,0
417,NEW Colour Lotion 8oz Misty amb,Beauty,,980,0852744001160,BEAUTY SUPPLIES,2,0
444,Design Ess. Nat Almond sHAMPOO,Beauty,,1400,0875408004512,BEAUTY SUPPLIES,1,0
471,WOW Neutralizing Shampoo Gal,Beauty,,2600,0850187000177,BEAUTY SUPPLIES,1,0
498,Cream of Nature Argan Oil Gloss,Beauty,,1600,0075724244405,BEAUTY SUPPLIES,10,0
148,KISS TINTATION PLATINUM,Beauty,,950,0731509754063,BEAUTY SUPPLIES,-5,0
175,SHORTLOOKS KIT 1 APP,Beauty,,850,0038276005634,BEAUTY SUPPLIES,-3,0
202,BIJOUX DESTINY AFRO PUFF JUMBO,Beauty,,3750,0828179171280,BEAUTY SUPPLIES,1,0
229,LARGE TAIL COMB ASSORTED COLOUR,Beauty,,110,0705372000183,BEAUTY SUPPLIES,-22,0
256,30 LARGE PONYTAILERS BLACK,Beauty,,180,0705372033624,BEAUTY SUPPLIES,0,0
283,METAL TOOTH STYLING PINK COMB,Beauty,,140,,BEAUTY SUPPLIES,0,0
310,D&N Mens Perm Hair Colour Jet B,Beauty,,1010,0072790000317,BEAUTY SUPPLIES,-3,0
337,Design E Honey Crème Moisture R,Beauty,,840,0875408004871,BEAUTY SUPPLIES,0,0
364,D&L Permanent Colour Chestnut B,Beauty,,890,0072790003806,BEAUTY SUPPLIES,2,0
391,ORS Olive Oil Girls Fly Away ta,Beauty,,750,0632169191512,BEAUTY SUPPLIES,0,0
418,PHOENIX COLOUR LOTION R RAGE,Beauty,,980,0852744001177,BEAUTY SUPPLIES,3,0
445,Design Ess. Nat Almsond moist D,Beauty,,1510,0875408004529,BEAUTY SUPPLIES,1,0
472,WOW Neutralizing Shampoo 1/2 Ga,Beauty,,1500,0850187000214,BEAUTY SUPPLIES,1,0
499,C/N Argan Oil Gloss & Shine Pol,Beauty,,1600,0075724244429,BEAUTY SUPPLIES,15,0
149,KISS TINTATATION EMERALD,Beauty,,950,0731509754100,BEAUTY SUPPLIES,-2,0
176,SHORTLOOKS SASSFRAZ 8OZ,Beauty,,850,0038276005740,BEAUTY SUPPLIES,2,0
203,BIJOUX DESTINY AFRO PUFF SMALL,Beauty,,1500,0828179037692,BEAUTY SUPPLIES,-4,0
230,VENT BRUSH LARGE,Beauty,,250,0705372020303,BEAUTY SUPPLIES,-3,0
257,3 SCRUNCHIES ASSORTED COLOURS,Beauty,,360,0705372033747,BEAUTY SUPPLIES,-5,0
284,FOAM HEAD WHITE,Beauty,,650,,BEAUTY SUPPLIES,-12,0
311,D&N Mens Perm Hair Colour Natur,Beauty,,1010,0072790000324,BEAUTY SUPPLIES,-3,0
338,D/E Oats Protein Honey Shampoo,Beauty,,2260,0875408003812,BEAUTY SUPPLIES,0,0
365,D&L Permanent Colour Midnight B,Beauty,,890,0072790003820,BEAUTY SUPPLIES,-3,0
392,ORS Olive Oi Girls Conditioner,Beauty,,895,0632169191536,BEAUTY SUPPLIES,0,0
419,OPT Alma Legend Relaxer Kit,Beauty,,1950,0075285008423,BEAUTY SUPPLIES,0,0
446,Design Ess. Nat Almond & avo Mo,Beauty,,1230,0875408004338,BEAUTY SUPPLIES,-2,0
473,WOW Shampoo H&A 1 Gallon,Beauty,,2600,0850187000092,BEAUTY SUPPLIES,2,0
500,C/N Argan Pudding perfection,Beauty,,1410,0075724082571,BEAUTY SUPPLIES,1,0
150,KISS EXPRESS K30  ELECTRIC YELL,Beauty,,950,0731509663792,BEAUTY SUPPLIES,5,0
177,TCB NO BASE RELAXER REG SACHET,Beauty,,300,0802535814059,BEAUTY SUPPLIES,-2,0
204,YAMAN BRAID #1B,Beauty,,1100,0896586174385,BEAUTY SUPPLIES,-7,0
231,BRUSH AND RAT TAIL COMBSET,Beauty,,250,0705372020549,BEAUTY SUPPLIES,0,0
258,"RUBBERIZED PONYTAILERS BLACK 2""",Beauty,,300,,BEAUTY SUPPLIES,0,0
285,BANANA FOAM BOARD 50CT,Beauty,,60,,BEAUTY SUPPLIES,-13,0
312,Lets Jam Gel Regular 4.4oz,Beauty,,550,0072790615559,BEAUTY SUPPLIES,1,0
339,D/E 6N1 Milk and Honey Conditio,Beauty,,2370,0875408003287,BEAUTY SUPPLIES,0,0
366,D&L Permanent Colour Light Gold,Beauty,,890,0072790003844,BEAUTY SUPPLIES,1,0
393,ORS Olive Oil Girls Detangler 8,Beauty,,680,0632169191543,BEAUTY SUPPLIES,1,0
420,Amla Legend Rejuvenating Oil 5o,Beauty,,1950,0075285009437,BEAUTY SUPPLIES,1,0
447,Design Ess. Curl FoRm Custard,Beauty,,2080,0875408009227,BEAUTY SUPPLIES,3,0
474,WOW H&A Conditioner 1 Gallon,Beauty,,1250,0850187000269,BEAUTY SUPPLIES,1,0
501,C/N Argan Oil Gfoaming Wrap LTN,Beauty,,1200,0075724244382,BEAUTY SUPPLIES,4,0
151,KISS EXPRESS K43 ORANGE,Beauty,,950,0731509663808,BEAUTY SUPPLIES,4,0
178,TCB NO BASE RELAXER SUPER SACHE,Beauty,,300,0802535815056,BEAUTY SUPPLIES,-4,0
205,JANET DIY WIG KIT SET,Beauty,,800,0884593259300,BEAUTY SUPPLIES,-2,0
232,BRUSH BAND STYLE COM SET ASST C,Beauty,,230,0705372020556,BEAUTY SUPPLIES,0,0
259,SHOWER CAP PINK FLOWERS,Beauty,,235,0705372035451,BEAUTY SUPPLIES,-7,0
286,ANNIE BLACK SANDING BLOCK 80/12,Beauty,,150,0705372053783,BEAUTY SUPPLIES,1,0
313,Lets Jam Gel Extra Hold 4.4oz,Beauty,,550,0072790615658,BEAUTY SUPPLIES,-1,0
340,Care Free Curl Instant Moisturi,Beauty,,1660,0075285001820,BEAUTY SUPPLIES,1,0
367,D&L Permanent Colour Brown Suga,Beauty,,890,0072790003868,BEAUTY SUPPLIES,-3,0
394,ORS Olive Oil Girls Relaxer Kit,Beauty,,1290,0632169191550,BEAUTY SUPPLIES,-3,0
421,OPtimum care Salon Collection R,Beauty,,1950,0075285204825,BEAUTY SUPPLIES,0,0
448,Mizani sensitive Scalp relaxer,Beauty,,5100,0875592400022,BEAUTY SUPPLIES,0,0
475,WOW H&A Conditioner 1/2 Gallon,Beauty,,700,0850187000122,BEAUTY SUPPLIES,0,0
502,C/N Argan Oil Intense Condition,Beauty,,450,0075724245662,BEAUTY SUPPLIES,3,0
152,EBIN 24H EDGE TAMER EXTRA MEGA,Beauty,,1400,0812429030663,BEAUTY SUPPLIES,5,0
179,QUICK BLUE BUCKET,Beauty,,4200,0657201080074,BEAUTY SUPPLIES,-9,0
206,LA GIRL SETTING SPRAY,Beauty,,750,0081555969509,BEAUTY SUPPLIES,-10,0
233,VOLUME COMB,Beauty,,190,0705372002064,BEAUTY SUPPLIES,5,0
260,SHOWERS CAPS BLUE DOTS,Beauty,,235,0705372035468,BEAUTY SUPPLIES,-7,0
287,TINT BOWL BULK,Beauty,,140,0705372054100,BEAUTY SUPPLIES,0,0
314,Magic Shave Powder Gold,Beauty,,750,0072790000119,BEAUTY SUPPLIES,1,0
341,Care Free Curl Booster,Beauty,,1680,0075285008096,BEAUTY SUPPLIES,0,0
368,D&L Permanent Colour Luminous B,Beauty,,890,0075285000267,BEAUTY SUPPLIES,-2,0
395,ORS Olive Oil Girls Moist Styli,Beauty,,850,0632169111572,BEAUTY SUPPLIES,0,0
422,Optimum care Salon Collection S,Beauty,,1100,0075285004722,BEAUTY SUPPLIES,-3,0
449,Mizani Hydrafuse Treatment 1lt,Beauty,,3400,0875592220040,BEAUTY SUPPLIES,0,0
476,WOW castor Oil Hairdress 16oz,Beauty,,930,0850187000245,BEAUTY SUPPLIES,6,0
503,C/N Argan Oil Milk Masque,Beauty,,450,0075724082595,BEAUTY SUPPLIES,0,0
153,EBIN 24 HR EDGE TAMER EXTREME F,Beauty,,1800,0812429030700,BEAUTY SUPPLIES,-1,0
180,DUDU OSUN SOAP,Beauty,,650,6156000043708,BEAUTY SUPPLIES,8,0
207,KC BALL BOMB LIP BALM,Beauty,,200,0841265100834,BEAUTY SUPPLIES,17,0
234,HARD CLUB BRUSH,Beauty,,420,0705372020617,BEAUTY SUPPLIES,2,0
261,FROST/TINT CAP/ NEEDLE,Beauty,,180,0705372035505,BEAUTY SUPPLIES,3,0
288,"9"" BUSH COMB BALCK",Beauty,,65,,BEAUTY SUPPLIES,0,0
315,Magic Shave Powder Platinum,Beauty,,750,0072790000126,BEAUTY SUPPLIES,0,0
342,Care Free Curl Max Rearranger 1,Beauty,,2090,0075285008157,BEAUTY SUPPLIES,0,0
369,D&L Permanent Colour Brown Cinn,Beauty,,890,0075285000281,BEAUTY SUPPLIES,-3,0
396,ORS Curlies in or Out Cond 8oz,Beauty,,1400,0632169112807,BEAUTY SUPPLIES,0,0
423,OC A-B Moist Replenish Cream Ha,Beauty,,700,0075285000441,BEAUTY SUPPLIES,0,0
450,Mizani sensitive Scalp Neutrali,Beauty,,2580,0875592000963,BEAUTY SUPPLIES,0,0
477,WOW Superb Non Acetone 16oz,Beauty,,400,0850187000856,BEAUTY SUPPLIES,1,0
504,C/N Mango & Shea Butter  Leave,Beauty,,660,0075724219328,BEAUTY SUPPLIES,-5,0
154,EBIN 24HR EDGE TAMER ULTRA SUP,Beauty,,1400,0812429030656,BEAUTY SUPPLIES,-3,0
181,CLAIROL PURE WHITE VOLUME 20,Beauty,,850,0070018114358,BEAUTY SUPPLIES,11,0
208,BMB SUPER LACE GLUE 24,Beauty,,900,0080229103041,BEAUTY SUPPLIES,16,0
235,SOFT WAVE BRUSH,Beauty,,700,0705372020808,BEAUTY SUPPLIES,-7,0
262,"PROCESSING CAPS 21"" 3CT",Beauty,,50,0705372035550,BEAUTY SUPPLIES,-24,0
289,NAIL CLIPPER NW/FILE 72CT,Beauty,,100,0636227245049,BEAUTY SUPPLIES,-101,0
316,Magic Shave Powder Blue,Beauty,,750,0072790000157,BEAUTY SUPPLIES,3,0
343,CFC Curl Activator,Beauty,,970,0075285000090,BEAUTY SUPPLIES,0,0
370,D&L Permanent Colour Vivacious,Beauty,,890,0075285000328,BEAUTY SUPPLIES,-5,0
397,ORS Curlies Curl Detangling Sha,Beauty,,1400,0632169112869,BEAUTY SUPPLIES,3,0
424,OC Anti-B Featherlight Hairdres,Beauty,,700,0075285000458,BEAUTY SUPPLIES,-3,0
451,ORS Olive Oil Lotion,Beauty,,850,0632169110797,BEAUTY SUPPLIES,15,0
478,WOW Comb Free Softener 8oz,Beauty,,400,0850187000528,BEAUTY SUPPLIES,3,0
505,C/N Coconut Milk Det. & Cond Le,Beauty,,750,0075724219298,BEAUTY SUPPLIES,-5,0
155,NOSE HOOPS/STUDS,Beauty,,400,0846250003428,BEAUTY SUPPLIES,-67,0
182,CLAIROL PURE WHITE VOLUME 30,Beauty,,850,0070018114419,BEAUTY SUPPLIES,0,0
209,LOREAL QUICK BLUE SACHET,Beauty,,530,0657201080081,BEAUTY SUPPLIES,29,0
236,SOFT CLUB BRUSH,Beauty,,600,0705372020815,BEAUTY SUPPLIES,-3,0
263,ANNIE SPANDEX DOME CAP,Beauty,,450,0705372043203,BEAUTY SUPPLIES,2,0
290,TOENAIL CLIPPER 36CT,Beauty,,125,0705372060125,BEAUTY SUPPLIES,24,0
317,Magic Shave E/Strength Powder R,Beauty,,750,0072790000164,BEAUTY SUPPLIES,0,0
344,CFC Lite Gel Activator,Beauty,,760,0075285002827,BEAUTY SUPPLIES,0,0
371,Doctor Miracle Deep Cond Reg 1.,Beauty,,360,0802535219038,BEAUTY SUPPLIES,7,0
398,Taliah Waajid Easy Herbal Comb,Beauty,,1030,0815680001359,BEAUTY SUPPLIES,0,0
425,Optimum 3in1 Oil Therapy 9oz,Beauty,,960,,BEAUTY SUPPLIES,0,0
452,Cantu Sul-Free Cleansing SHAMPO,Beauty,,1250,0817513015311,BEAUTY SUPPLIES,7,0
479,Wow Curl Activator Gel 8oz,Beauty,,400,0850187000979,BEAUTY SUPPLIES,1,0
506,C/N Coco/Milk Curl Repair Leave,Beauty,,980,0075724398450,BEAUTY SUPPLIES,-2,0
156,BIGEN SEMI JET BLACK,Beauty,,900,0033859020011,BEAUTY SUPPLIES,0,0
183,SANTEK GLOVES,Beauty,,1200,0747036785241,BEAUTY SUPPLIES,-30,0
210,GO 2 B STYLING GEL BLACK 6OZ,Beauty,,1750,0052336331495,BEAUTY SUPPLIES,6,0
237,ROUND BRISTLE BRUSH MEDIUM,Beauty,,550,0705372020969,BEAUTY SUPPLIES,2,0
264,ANNIE SOLID DURAG ROYAL BLLUE,Beauty,,300,0705372043036,BEAUTY SUPPLIES,3,0
291,ALMINE 2 SIDED CALLOUS FILE ASS,Beauty,,155,,BEAUTY SUPPLIES,-7,0
318,magic Extra Strength cream Sha,Beauty,,1400,0075285008270,BEAUTY SUPPLIES,4,0
345,CFC Snap Back,Beauty,,780,0075285002995,BEAUTY SUPPLIES,0,0
372,Doctor Miracle Deep Cond Super,Beauty,,360,0897127000484,BEAUTY SUPPLIES,2,0
399,Taliah Waajid Clean 3in1 Shampo,Beauty,,1030,0815680001366,BEAUTY SUPPLIES,0,0
426,WN Coiffure Moisturizing lotion,Beauty,,1020,0075285108857,BEAUTY SUPPLIES,-1,0
453,Cantu Moist Cream Shampoo,Beauty,,1050,0856017000010,BEAUTY SUPPLIES,-1,0
480,ETTENIO Wheat Germ and Honey Mo,Beauty,,1900,0757901862151,BEAUTY SUPPLIES,3,0
507,C/N Coco/MilkMoisture Curl Milk,Beauty,,1020,0075724397712,BEAUTY SUPPLIES,-3,0
157,MURRAYS BEESWAX BLACK 4OZ,Beauty,,600,0074704265003,BEAUTY SUPPLIES,9,0
184,GORILLA GEL JAR,Beauty,,600,0878971000110,BEAUTY SUPPLIES,1,0
211,ADORE PLATINUM,Beauty,,950,0661157101509,BEAUTY SUPPLIES,-9,0
238,MINI HARD WOOD WAVE BRUSH 4.8 P,Beauty,,370,0705372021102,BEAUTY SUPPLIES,0,0
265,MR DURAG ASST COLOUR,Beauty,,300,0705372043074,BEAUTY SUPPLIES,12,0
292,"9"" DRESSING COMB ASST",Beauty,,60,,BEAUTY SUPPLIES,12,0
319,Magic Razorless Smooth Cream Sh,Beauty,,1000,0072790000218,BEAUTY SUPPLIES,0,0
346,CFC Gold Activator?Moisturizer,Beauty,,1390,0075285203071,BEAUTY SUPPLIES,-3,0
373,DR Miracle Relaxer Kit Regu,Beauty,,1600,0897127000224,BEAUTY SUPPLIES,-3,0
400,Optimum Multimineral Relaxer rE,Beauty,,1350,0075285006658,BEAUTY SUPPLIES,0,0
427,WN Coiffure Moisturizing Mist 8,Beauty,,1020,0075285108871,BEAUTY SUPPLIES,0,0
454,Cantu Moist Rinse Out Condition,Beauty,,1050,0856017000027,BEAUTY SUPPLIES,1,0
481,ETTENIO  Moisture Infusion,Beauty,,2150,0757901862311,BEAUTY SUPPLIES,1,0
508,C/N Coco/Milk Essential 7 Treat,Beauty,,960,0075724397682,BEAUTY SUPPLIES,3,0
158,MURRAYS BEESWAX  4OZ,Beauty,,600,,BEAUTY SUPPLIES,4,0
185,DANDRUFF DRESS,Beauty,,1200,0734503204015,BEAUTY SUPPLIES,15,0
212,CLAIROL PURE WHITE VOL 40,Beauty,,850,0070018114433,BEAUTY SUPPLIES,12,0
239,MINI SOFT WOOD WAVE BRUSH 4.8 P,Beauty,,335,0705372021140,BEAUTY SUPPLIES,-1,0
266,ANNIE STOCKING WAVE CAP BLACK,Beauty,,300,0705372043326,BEAUTY SUPPLIES,-6,0
293,ALMINE EYELASHES #203,Beauty,,310,,BEAUTY SUPPLIES,0,0
320,Dark and Lovely Damage Slayer L,Beauty,,1050,0075285014929,BEAUTY SUPPLIES,0,0
347,CFC Maximum Rearranger 30oz,Beauty,,0,0075285008126,BEAUTY SUPPLIES,0,0
374,DR Miracle Super Relaxer Ki,Beauty,,1600,0897127000231,BEAUTY SUPPLIES,0,0
401,Optimum Multimineral Relaxer Mi,Beauty,,1350,0075285006665,BEAUTY SUPPLIES,0,0
428,WNC Shape Release Normal 14.1oz,Beauty,,2610,,BEAUTY SUPPLIES,0,0
455,Cantu daily Oil Moist,Beauty,,1100,0856017000065,BEAUTY SUPPLIES,9,0
482,ETTENIO Free at last,Beauty,,1300,0757901862229,BEAUTY SUPPLIES,3,0
509,Lottabody Wrap Me Foaming Mouss,Beauty,,980,0075724183056,BEAUTY SUPPLIES,12,0
159,ECO STYLING GEL 16OZ OLIVE,Beauty,,750,0748378001112,BEAUTY SUPPLIES,18,0
186,CRÈME OF NATURE HONEY Leave In,Beauty,,1250,0075724428126,BEAUTY SUPPLIES,13,0
213,SILICON MIX SHAMPOO 8OZ,Beauty,,1000,7464804101852,BEAUTY SUPPLIES,36,0
240,DETANGLER COMB,Beauty,,185,0705372002149,BEAUTY SUPPLIES,1,0
267,KIDS SHOWER CAP ASST COLORS,Beauty,,250,0705372043777,BEAUTY SUPPLIES,3,0
294,LATCH HOOK HAIR WEAVE TOOL,Beauty,,0,,BEAUTY SUPPLIES,-4,0
321,Dark and Lovely Damage slayer S,Beauty,,1050,0075285014936,BEAUTY SUPPLIES,3,0
348,S/W Gel Pomade Max Hold,Beauty,,600,0075285205204,BEAUTY SUPPLIES,2,0
375,ORS Fertilizing Serum 2oz,Beauty,,2140,0632169110117,BEAUTY SUPPLIES,1,0
402,Optimum Multimineral Relaxer su,Beauty,,1350,0075285006672,BEAUTY SUPPLIES,0,0
429,WNC Shape Lock 13.9oz,Beauty,,1450,0075285108840,BEAUTY SUPPLIES,0,0
456,Opt Oil Therapy 3in I Oil Moist,Beauty,,970,0075285066102,BEAUTY SUPPLIES,-6,0
483,ETTENIO  Crème de la Crème,Beauty,,1680,0757901862267,BEAUTY SUPPLIES,0,0
510,LottaBody Cleanse Me Co- wash,Beauty,,770,0075724222441,BEAUTY SUPPLIES,3,0
160,SILICON MIX 16OZ HYDRATING TREA,Beauty,,1600,7464804101364,BEAUTY SUPPLIES,7,0
187,CRÈME OF NATURE HONEY Curl Acti,Beauty,,1250,0075724473188,BEAUTY SUPPLIES,4,0
214,M&m SPANDEX DOME STYLE WIG CAP,Beauty,,600,0842510050171,BEAUTY SUPPLIES,7,0
241,AFRO PIK,Beauty,,250,0705372000459,BEAUTY SUPPLIES,2,0
268,ANNIE SATIN TURBAN MULTI COLOUR,Beauty,,310,0705372044064,BEAUTY SUPPLIES,4,0
295,HAIR TRIMMER,Beauty,,220,0705372051055,BEAUTY SUPPLIES,0,0
322,Amla Moist Remedy Shampoo 13.5o,Beauty,,1220,0075285011614,BEAUTY SUPPLIES,3,0
349,S/W Gel Pomade 3.5oz,Beauty,,0,0075285002766,BEAUTY SUPPLIES,-5,0
376,ORS Fertilizing Balm 2oz,Beauty,,2140,0632169110124,BEAUTY SUPPLIES,3,0
403,Optimum multimeral Relaxer 4lbs,Beauty,,4300,0075285006689,BEAUTY SUPPLIES,-1,0
430,WNC Moist Lotion 16.9oz,Beauty,,1660,0075285108864,BEAUTY SUPPLIES,0,0
457,Cantu Coconut Curling Cream 12o,Beauty,,1560,0817513010033,BEAUTY SUPPLIES,3,0
484,ETTENIO MangoShea Moisturizer,Beauty,,1560,0757901862243,BEAUTY SUPPLIES,1,0
511,Lottabody Style Me Ready To Use,Beauty,,680,0075724631083,BEAUTY SUPPLIES,3,0
161,GOLD SKIN ARGAN OIL CORRETC 38G,Beauty,,950,6181100322873,BEAUTY SUPPLIES,5,0
188,COOL CARE BARBER SPRAY,Beauty,,1800,0040102127502,BEAUTY SUPPLIES,13,0
215,M&m MESH DOME STYLE WIG CAP,Beauty,,600,0842510050218,BEAUTY SUPPLIES,9,0
242,MEDIUM CLUB BRUSH,Beauty,,500,0705372021614,BEAUTY SUPPLIES,2,0
269,ANNIE SATIN BONNET MULTI COLOUR,Beauty,,310,0705372044132,BEAUTY SUPPLIES,-1,0
296,ALMINE FLORAL EMERY BOARD GRIT,Beauty,,200,,BEAUTY SUPPLIES,-2,0
323,Cantu Kids Care Nourishing Cond,Beauty,,1050,0817513015472,BEAUTY SUPPLIES,2,0
350,DL BB No Mistake Curl Softener,Beauty,,1270,0075285006795,BEAUTY SUPPLIES,3,0
377,ORS uplifting Shampoo 9oz,Beauty,,1320,0632169110131,BEAUTY SUPPLIES,3,0
404,Bantu Regular Relaxer 14oz,Beauty,,950,,BEAUTY SUPPLIES,-3,0
431,WNC Shape Transformer,Beauty,,1970,0075285108895,BEAUTY SUPPLIES,0,0
458,Cantu Argan Oil Leave In Condit,Beauty,,1370,0817513015175,BEAUTY SUPPLIES,0,0
485,ETTENIO Macademia Deluxe Hair B,Beauty,,2650,0757901862144,BEAUTY SUPPLIES,5,0
512,Lottabody Control Me24 hrs Extr,Beauty,,710,0075724474635,BEAUTY SUPPLIES,-5,0
162,GOLD SKIN ARGAN OIL CRÈAM 140ML,Beauty,,900,6181100321845,BEAUTY SUPPLIES,-6,0
189,AJ CURL LALA SMALL,Beauty,,750,0034285696092,BEAUTY SUPPLIES,-11,0
216,KLEANCOLOR GLITTER PALLETTE,Beauty,,1300,0836558009901,BEAUTY SUPPLIES,-6,0
243,PIK COMB,Beauty,,110,0705372002187,BEAUTY SUPPLIES,2,0
270,ANNIE SATIN BONNET MEDIUM,Beauty,,450,0705372044163,BEAUTY SUPPLIES,0,0
297,ALMINE RECTANGULAR EMERY BOARD,Beauty,,140,,BEAUTY SUPPLIES,-4,0
324,Cantu grow Strong Strengthening,Beauty,,810,0856017000041,BEAUTY SUPPLIES,0,0
351,D/L AU Naturals Shampoo,Beauty,,1520,0075285007556,BEAUTY SUPPLIES,2,0
378,ORS Hair Mayonnaise 16oz,Beauty,,1630,0632169110216,BEAUTY SUPPLIES,0,0
405,Bantu Yellow Out Conditioner,Beauty,,950,0075285013632,BEAUTY SUPPLIES,0,0
432,Care free curl Neutralizing Sol,Beauty,,950,0075285001790,BEAUTY SUPPLIES,-1,0
459,ORS Olive Oil Wrap Set Mousse,Beauty,,1400,0632169111077,BEAUTY SUPPLIES,14,0
486,ETTENIO Seal & Shine,Beauty,,1300,0757901862328,BEAUTY SUPPLIES,6,0
513,Lottabody Love Me 5in 1 Miracle,Beauty,,790,0075724199033,BEAUTY SUPPLIES,1,0
163,GOLD SKIN ARGAN OIL LOTION 250M,Beauty,,1800,6181100321494,BEAUTY SUPPLIES,-7,0
190,JULEP MASQUE,Beauty,,750,0079896585793,BEAUTY SUPPLIES,1,0
217,LA GIRL CONCEALER,Beauty,,750,0081555969837,BEAUTY SUPPLIES,-406,0
244,RAKE COMB,Beauty,,150,0705372002200,BEAUTY SUPPLIES,1,0
271,ANNIE SLEEP CAP LARGE BLACK,Beauty,,450,0705372044187,BEAUTY SUPPLIES,3,0
298,ALM INE WOOD EMERY BOARD BLUE,Beauty,,200,,BEAUTY SUPPLIES,-1,0
325,Cantu Tea Tree & Jojoba Hair an,Beauty,,1130,0856017000089,BEAUTY SUPPLIES,1,0
352,D&L AU Naturals Conditioner 13.,Beauty,,1520,0075285007563,BEAUTY SUPPLIES,2,0
379,ORS carrot Oil 6oz,Beauty,,1220,0632169110438,BEAUTY SUPPLIES,1,0
406,NEW Colour Lotion 2oz Black Pea,Beauty,,370,0852744001238,BEAUTY SUPPLIES,-4,0
433,Design Ess. Almond Butter Expre,Beauty,,2250,0875408003119,BEAUTY SUPPLIES,3,0
460,WOW BLACK COLOUR RINSE 20Z,Beauty,,315,0850187000399,BEAUTY SUPPLIES,-14,0
487,ETTENIO Moisture Milk,Beauty,,1900,0757901862175,BEAUTY SUPPLIES,1,0
514,Lottabody Hydrate Me Conditione,Beauty,,770,0075724403529,BEAUTY SUPPLIES,0,0
164,GOLD SKIN ARGAN OIL SOAP 180G,Beauty,,750,6181100321913,BEAUTY SUPPLIES,5,0
191,TEXTURE MY WAY,Beauty,,820,0034285230128,BEAUTY SUPPLIES,4,0
218,"XPRESSION 84"" 1B",Beauty,,850,8281799288080,BEAUTY SUPPLIES,-242,0
245,SALON BRUSH LARGE OVAL (BLACK?S,Beauty,,600,0705372022307,BEAUTY SUPPLIES,0,0
272,ANNIE MULTI WRAP MULTI COLOUR,Beauty,,235,0705372044293,BEAUTY SUPPLIES,0,0
299,EAR COVER BLACK 2PCS,Beauty,,14,0705372054582,BEAUTY SUPPLIES,0,0
326,Cantu Super Shine Hair Silk,Beauty,,1210,0856017000096,BEAUTY SUPPLIES,0,0
353,D&L AU Naturals Coil Cream 14oz,Beauty,,1520,0075285007587,BEAUTY SUPPLIES,1,0
380,ORS Olive Oil Crème 6oz,Beauty,,1360,0632169110445,BEAUTY SUPPLIES,0,0
407,NEW Colour Lotion 2oz Honey Gol,Beauty,,370,0852744001115,BEAUTY SUPPLIES,4,0
434,Design Ess. R/Mint Stimulating,Beauty,,3300,0875408003232,BEAUTY SUPPLIES,0,0
461,WOW BLACK COLOUR RINSE 80Z,Beauty,,940,0850187000412,BEAUTY SUPPLIES,-6,0
488,ETTENIO Free to Be Me Shampoo,Beauty,,1600,0601754203930,BEAUTY SUPPLIES,0,0
515,Lottabody Hydrate Me Shampoo,Beauty,,770,0075724403512,BEAUTY SUPPLIES,1,0
543,C/N Hair Colour Mens Dark Brown,Beauty,,625,0075724429024,BEAUTY SUPPLIES,2,0
570,Zimii Moisturizing shampoo 8oz,Beauty,,610,0636853701377,BEAUTY SUPPLIES,23,0
597,NAKED DEEP CLEANSE NEUTRALIZING,Beauty,,1900,0051416080988,BEAUTY SUPPLIES,0,0
1554,NAKED MAX FOAMING SOLUTION 8 OZ,Beauty,,1300,0051416190618,BEAUTY SUPPLIES,0,0
1607,Root Rescue Auburn #4r,Beauty,,1290,0071249402382,BEAUTY SUPPLIES,0,0
1647,Superstay Powder Coconut,Beauty,,2200,0041554562903,BEAUTY SUPPLIES,-11,0
609,B/Bliss Reparative Hair Mask 8o,,,2550,0859776000222,BEAUTY SUPPLIES,2,0
622,Creme of Nature Extra Hold,,,1200,0075724214040,BEAUTY SUPPLIES,3,0
625,CANTU SHEA CURL ACTIVATOR CREAM,,,1440,0817513010002,BEAUTY SUPPLIES,6,0
652,PINK SBCO MOIST SHAMPOO,,,1350,0038276005429,BEAUTY SUPPLIES,3,0
680,28'' CURLY WIG,,,28000,,BEAUTY SUPPLIES,-1,0
684,WIG WATER WAVE FRONTAL 16,,,20000,,BUNDLES,1,0
711,contacts lens honey,,,2500,,BEAUTY SUPPLIES,-1,0
517,Lotta Body Milk n Honey Restore,Beauty,,770,,BEAUTY SUPPLIES,0,0
544,Soft Sheen Mens Liquid Hair Col,Beauty,,625,0075724770010,BEAUTY SUPPLIES,-3,0
571,Zimii Intense Curls Gel 8oz,Beauty,,550,0636853000036,BEAUTY SUPPLIES,-23,0
598,NAKED DETOX CLARIFING SHAMPOO 3,Beauty,,2200,,BEAUTY SUPPLIES,2,0
1567,ESSATIONS 7 IN 1 POSITIVE CHARG,Beauty,,2200,,BEAUTY SUPPLIES,0,0
1608,Root Rescue Medium auburn Red #,Beauty,,1290,0071249402443,BEAUTY SUPPLIES,0,0
1648,Superstay Powder Golden Caramel,Beauty,,2950,0041554562880,BEAUTY SUPPLIES,-18,0
610,Mielle Mint Almind Oil 8oz,,,2400,0854102006183,BEAUTY SUPPLIES,3,0
623,Dark and Lovely 393 Spicy Aubur,,,890,0075285003329,BEAUTY SUPPLIES,2,0
626,LETTER NECKLACE,,,2000,,BEAUTY SUPPLIES,-2,0
653,PINK SBCO LEAVE-IN CONDTIONER,,,1350,0038276006808,BEAUTY SUPPLIES,0,0
681,BRACELET WITH STONE,,,0,,BEAUTY SUPPLIES,-85,0
712,"WIG WATER WAVE FRONTAL 18""",,,24000,,BEAUTY SUPPLIES,0,0
518,Lottabody Milk n Honey Restore,Beauty,,770,0075724448353,BEAUTY SUPPLIES,4,0
545,Pfresh Guava and Nectar BB 8oz,Beauty,,1120,0713708421052,BEAUTY SUPPLIES,-4,0
572,Zimii Intense Curls Gel 16oz,Beauty,,900,0636853000029,BEAUTY SUPPLIES,-12,0
599,NAKED HONEY MOISTURE WHIP SHAMP,Beauty,,2500,0051416080995,BEAUTY SUPPLIES,3,0
1568,ESSATIONS POSTITIVE CHARGE 7IN,Beauty,,1600,,BEAUTY SUPPLIES,3,0
1609,ABNY Daily Clean Clarifying Gel,Beauty,,830,0888432915549,BEAUTY SUPPLIES,1,0
1649,Superstay Powder Truffle,Beauty,,2200,0041554563399,BEAUTY SUPPLIES,-4,0
611,Mielle Babassu Shampoo 8oz,,,2150,0854102006060,BEAUTY SUPPLIES,3,0
624,D/L FADE RESIST 372 NAT BLACK,,,890,0072790003721,BEAUTY SUPPLIES,-2,0
627,MEGA GROWTH REGULAR 6 PACK,,,1500,0802535064331,BEAUTY SUPPLIES,4,0
654,S-CURL SHEEN SPRAY 70Z,,,990,0038276909543,BEAUTY SUPPLIES,3,0
682,FREE TRESS WATER WAVE,,,1700,,BEAUTY SUPPLIES,-3,0
519,Lottabody Milk n Honey Nourish,Beauty,,890,0075724448377,BEAUTY SUPPLIES,3,0
546,Pfresh Hibiscus & Papaya BB,Beauty,,1100,0713708421069,BEAUTY SUPPLIES,-3,0
573,Zimii Intense Curls Activator,Beauty,,550,0636853000197,BEAUTY SUPPLIES,0,0
600,NAKED MOISTURE REPAIR SULFATE-F,BEAUTY,,2700,0051416190861,BEAUTY SUPPLIES,2,0
1583,NAKED  starter NO MIX RELAXER K,Beauty,,3500,,BEAUTY SUPPLIES,2,0
1610,ABNY Charcoal Cleansing Oil],Beauty,,1720,,BEAUTY SUPPLIES,0,0
1650,Face Studio lasting Fix Spray,Beauty,,1710,0041554562927,BEAUTY SUPPLIES,0,0
612,Mielle White Peony Leave in Con,,,2400,0854102006190,BEAUTY SUPPLIES,0,0
628,MEGA GROWTH 7 PACK SUPER,,,2500,0802535064348,BEAUTY SUPPLIES,-3,0
655,S CURL FF INSTANT MOIST 12OZ,,,1350,0038276009625,BEAUTY SUPPLIES,0,0
683,SALE WIG 16 ST,,,20000,,BUNDLES,-3,0
713,DES ESSEN 20 PCS KIT,,,15650,,BEAUTY SUPPLIES,0,0
520,Lottabody Milk & Honey Tame me,Beauty,,690,0075724448384,BEAUTY SUPPLIES,-3,0
547,PfreshCoconut B/Scrub,Beauty,,1260,0713708423018,BEAUTY SUPPLIES,-3,0
574,Zimii Festive Detangling 16oz p,Beauty,,2600,0636853000531,BEAUTY SUPPLIES,-1,0
601,NAKED KERATIN PLUS RECONSTRUCTI,Beauty,,3500,0051416081015,BEAUTY SUPPLIES,1,0
1584,Benjamins Castor Oil Shampoo 47,Beauty,,1450,0603084491902,BEAUTY SUPPLIES,0,0
1611,ABNY 24k Gold Gel Mask,Beauty,,670,,BEAUTY SUPPLIES,0,0
1651,Fit me Matte and Poreless Powde,Beauty,,1950,0041554553468,BEAUTY SUPPLIES,-20,0
613,Curls Blueberry Hair Milk,,,3100,0859776000277,BEAUTY SUPPLIES,2,0
629,LOTTA BODY SACHET MASQUE,,,260,0075724426047,BEAUTY SUPPLIES,0,0
656,PINK SBCO SUP MOIST CURL DEFINE,,,1350,0038276006884,BEAUTY SUPPLIES,0,0
714,BATH AND BODY COMBO,,,4200,,BEAUTY SUPPLIES,-6,0
521,C/N Argan Oil Moist Rish Hair B,Beauty,,1450,0075724082588,BEAUTY SUPPLIES,1,0
548,Pfresh Argan Shea B/Scrub,Beauty,,1260,0713708423025,BEAUTY SUPPLIES,-3,0
575,Zimii Festive Moisturizing Pack,Beauty,,2450,0636853000562,BEAUTY SUPPLIES,0,0
602,ESSATIONS NEUTRALIZING CLEANSIN,Beauty,,1750,0051416080209,BEAUTY SUPPLIES,-4,0
1585,GARNIER SHAMPOO,Beauty,,1450,0603084491254,BEAUTY SUPPLIES,2,0
1612,ABNY Charcoal Peel Off Mask,Beauty,,1545,0888432921120,BEAUTY SUPPLIES,-3,0
1652,Maybelline Baby Skin Pore Erase,Beauty,,1500,0041554415131,BEAUTY SUPPLIES,-15,0
614,Curls B/Bliss Rep. hair wash,,,2550,0859776000215,BEAUTY SUPPLIES,1,0
630,DARK&LOVELY JET BLACK FADE RESI,,,1250,0072790003714,BEAUTY SUPPLIES,2,0
657,PINK CURL & TWIST PUDDING,,,1350,0038276006761,BEAUTY SUPPLIES,1,0
715,TENNIS PENDANT,,,2500,,BEAUTY SUPPLIES,-6,0
717,"WIG WATER WAVE FRONTAL 22""",,,30000,,BUNDLES,0,0
522,C/N Argan Oil Twirling Custard,Beauty,,1430,0075724082564,BEAUTY SUPPLIES,4,0
549,Jean Nate A Bath Splash 16oz,Beauty,,1030,0309979843992,BEAUTY SUPPLIES,3,0
576,Zimii Moist Wash and Go pack,Beauty,,2450,0636853000548,BEAUTY SUPPLIES,-3,0
603,ESSATIONS REFRESH SHAMPOO 320Z,Beauty,,1900,0051416080261,BEAUTY SUPPLIES,2,0
1586,TRIPLE NURITION SHAMPOO,Beauty,,850,0603084491513,BEAUTY SUPPLIES,0,0
1613,ABNY Charcoal Bubbling Mask,Beauty,,515,0888432921137,BEAUTY SUPPLIES,-3,0
1653,Maybelline PRIMER 100,Beauty,,1700,0041554431957,BEAUTY SUPPLIES,1798,0
615,Mane Choice Metabolism plus,,,3500,0859340007435,BEAUTY SUPPLIES,0,0
631,BENJAMINS MOIST. COND 16OZ,,,1310,0832762598606,BEAUTY SUPPLIES,0,0
658,PINK SBCO CURL POP DEFINE GEL 1,,,1350,0038276069117,BEAUTY SUPPLIES,0,0
716,"TENNIS BRACELET 8""",,,2500,,BEAUTY SUPPLIES,1,0
523,Roux Violet Bleach,Beauty,,630,0075724229006,BEAUTY SUPPLIES,-4,0
550,Jean Nate A Bath Splash 30oz,Beauty,,1330,0309979845507,BEAUTY SUPPLIES,2,0
577,NAKED DETOX CLARIFYING SHAMPOO,Beauty,,1400,0051416190045,BEAUTY SUPPLIES,1,0
604,Essations TT Dry and Itchy Scal,Beauty,,2900,0051416080759,BEAUTY SUPPLIES,1,0
1587,Benjamins Castor Oil with Olive,Beauty,,1500,0083276259822,BEAUTY SUPPLIES,0,0
1614,ABNY Lemon Sugar Scrub,Beauty,,525,0888432937442,BEAUTY SUPPLIES,0,0
1654,Maybelline PRIMER 400,Beauty,,1800,0041554551792,BEAUTY SUPPLIES,1,0
616,Mane Choice Gowth Oil 4oz,,,2300,0850093005259,BEAUTY SUPPLIES,2,0
632,BENJAMINS LEAVE IN COND,,,1300,0832762598392,BEAUTY SUPPLIES,-3,0
659,PINK MOIST GEL CURL ACTIVATOR,,,1350,0038276069216,BEAUTY SUPPLIES,0,0
718,"WATER WAVE FRONTAL WIG 20""",,,28000,,BEAUTY SUPPLIES,0,0
524,Gel Hair Colour 1.0 Intense Bla,Beauty,,1650,0075724232679,BEAUTY SUPPLIES,-9,0
551,Dry Skin Lotion,Beauty,,450,0309970950002,BEAUTY SUPPLIES,-2,0
578,NAKED  BIO-PHUSE REFRESHING SHA,Beauty,,1500,0051416190021,BEAUTY SUPPLIES,2,0
605,NAKED PROFESSIONAL RELAXER CRÈM,Beauty,,4400,0051416080971,BEAUTY SUPPLIES,2,0
1588,Benjamins Castor Oil with Cocon,Beauty,,1500,0083276259785,BEAUTY SUPPLIES,-4,0
1615,Himalaya Purifying Neem Mask 15,Beauty,,1360,0605069500494,BEAUTY SUPPLIES,-3,0
617,Mane Choice Detangle Shampoo,,,2150,0850093005235,BEAUTY SUPPLIES,0,0
633,HAIR PIK,,,210,0705372002163,BEAUTY SUPPLIES,5,0
660,MIELLE COIL SCULPTING CUSTARD,,12 OZ,2600,0854102006367,BEAUTY SUPPLIES,6,0
719,SINGLE LASH,,,400,0705372064345,BEAUTY SUPPLIES,-6,0
720,bath gel,,,1500,,BEAUTY SUPPLIES,-7,0
747,3 SCRUNCHIES BLACK,,,500,0705372033730,BEAUTY SUPPLIES,1,0
774,2 *6 CLOSUIRE,,,5500,,BUNDLES,-8,0
525,Gel Hair Colour 7.64 Bronze Cop,Beauty,,1230,0075724232693,BEAUTY SUPPLIES,0,0
552,ZP11 Normal Shampoo,Beauty,,895,0636853540013,BEAUTY SUPPLIES,0,0
579,NAKED  MOISTURE REPAIR SULFATE-,Beauty,,1500,0051416190854,BEAUTY SUPPLIES,1,0
606,ESSATIONS CONDITIONING NO- BASE,Beauty,,3500,0051416080063,BEAUTY SUPPLIES,0,0
1589,Benjamins Castor Oil with Laven,Beauty,,1700,0083276259808,BEAUTY SUPPLIES,0,0
1616,Himalaya Mud Mask 150ml,Beauty,,1360,0605069500524,BEAUTY SUPPLIES,-1,0
618,Mane Choice detangle Cond 8oz,,,2150,0850093005242,BEAUTY SUPPLIES,1,0
634,"6655"" RUBBERIZED PONYTAILERS",,,300,0705372033822,BEAUTY SUPPLIES,-3,0
661,SACHA BUTTERCUP LOOSE POWDER,,,2800,0763130915773,BEAUTY SUPPLIES,0,0
692,suit yellow,,,3200,,KIDS,-3,0
721,8/10/12 BODY WAVE BUNDLES,,,17500,,BUNDLES,-2,0
748,40 CT ROLLER PIN BLACK,,,250,0705372031033,BEAUTY SUPPLIES,-5,0
775,SLIPPERS,,,2500,,KIDS,-5,0
526,Gel Hair Colour 7.6 Intensive R,Beauty,,1230,0075724232761,BEAUTY SUPPLIES,-3,0
553,Zp11 Dry Shampoo,Beauty,,895,0636853540020,BEAUTY SUPPLIES,2,0
580,ESSATION DRY SCALP COND 8OZ,Beauty,,1400,,BEAUTY SUPPLIES,1,0
607,NAKED 9-APP MIX KIT,Beauty,,5000,,BEAUTY SUPPLIES,0,0
1590,Benjamins Castor Oil with Pimen,Beauty,,1740,0083276259761,BEAUTY SUPPLIES,0,0
1617,Himalaya Purifying Neem Face wa,Beauty,,1230,0605069500470,BEAUTY SUPPLIES,-3,0
619,Mane Choice Nourish Gro butter,,,2450,0850093005013,BEAUTY SUPPLIES,0,0
635,STYLING PIK,,,200,0705372000480,BEAUTY SUPPLIES,-1,0
662,BRUSH,,,500,0681131090353,KIDS,-74,0
693,KIDS HM DRESS,,,1500,,KIDS,-3,0
722,8/10/12 LOOSE WAVE,,,17500,,BUNDLES,0,0
749,BOB PINS COMBO BLACK 50CT,,,160,0705372031026,BEAUTY SUPPLIES,-1,0
776,SHORT,,,2000,,KIDS,-9,0
527,Gel Hair Colour 6.2 Burgundy Bl,Beauty,,1230,0075724566200,BEAUTY SUPPLIES,-3,0
554,Zp11 Oily Shampoo,Beauty,,895,0636853540037,BEAUTY SUPPLIES,3,0
581,NAKED AT KERATIN PLUS RECON 8OZ,,,1600,,BEAUTY SUPPLIES,2,0
608,NAKED NO MIX RELAXER KIT,,,3500,,BEAUTY SUPPLIES,3,0
1591,Benjamins Castor Oil with Vitam,Beauty,,2360,0083276259952,BEAUTY SUPPLIES,1,0
1618,Himalaya Oil Clear lemon Face W,Beauty,,1230,0605069500463,BEAUTY SUPPLIES,0,0
620,Mane  Egyptian 24kn  Twisting G,,,2400,,BEAUTY SUPPLIES,0,0
636,ALMINE REMI LASH,,,300,0705372064277,BEAUTY SUPPLIES,-1,0
663,"NATURAL WAVE CLO BOB 12""",,12,21500,,BUNDLES,1,0
694,red shoes,,,3500,,KIDS,-8,0
723,10/12/14 DEEP WAVE,,,19500,,BUNDLES,-1,0
750,BOB PINS MINI BLACK 60CT,,,110,0705372033013,BEAUTY SUPPLIES,0,0
777,TOP OKIE,,,1200,,KIDS,-15,0
528,Gel Hair Colour 6.4 Red Copper,Beauty,,1230,0075724232723,BEAUTY SUPPLIES,2,0
555,ZP11 Dandruff Value Combo,Beauty,,1100,0636853000449,BEAUTY SUPPLIES,-2,0
582,NAKED CURVE CURL DEFINER 8OZ,Beauty,,1300,0051416081244,BEAUTY SUPPLIES,-6,0
1592,Colour vibrancy Conditioner,Beauty,,870,0071249207284,BEAUTY SUPPLIES,3,0
1619,Himalaya Radiant Glow Fairness,Beauty,,1390,0605069500753,BEAUTY SUPPLIES,-2,0
621,Mane Choice g/Tea Carrot Mask,,,2700,0850093005006,BEAUTY SUPPLIES,0,0
637,CALLOUS FILE,,,155,0705372061160,BEAUTY SUPPLIES,1,0
664,BODY WAVE BUNDLE,,8,5500,,BUNDLES,4,0
695,panty 6,,,2000,,KIDS,-2,0
724,10/12/14/ DEEP CURLY,,,19500,,BUNDLES,-1,0
751,8 NO TANGLE PONITAILERS,,,395,0705372033563,BEAUTY SUPPLIES,-4,0
778,BATHING SUIT,,,2550,,KIDS,-13,0
784,FIT ME FOUNDATION,,,1950,,BEAUTY SUPPLIES,5,0
811,MAKEUP BRUSH SMALL,,,3200,,BEAUTY SUPPLIES,-4,0
529,Gel Hair Colour 10.01 Ginger Bl,Beauty,,1230,0075724232785,BEAUTY SUPPLIES,-2,0
556,ZP11 Hairdressing,Beauty,,620,0636853540402,BEAUTY SUPPLIES,4,0
583,NAKED INFUSION 365 8OZ,Beauty,,2200,0051416190830,BEAUTY SUPPLIES,3,0
1593,Evercurl Shampoo,Beauty,,1390,0071249341407,BEAUTY SUPPLIES,3,0
1620,Gentle Exfoliating Apricot Scru,Beauty,,1350,0605069500593,BEAUTY SUPPLIES,-1,0
638,OSSION HAIR WAX GEL,,,550,,BEAUTY SUPPLIES,-5,0
666,LOOSE WAVE BUNDLE,,8,5500,,BUNDLES,0,0
752,ANNIE DELUXE WEAVING CAP,,,630,0705372044712,BEAUTY SUPPLIES,1,0
779,HEAD BAND,,,950,,KIDS,-44,0
785,WATER WAVE  WIG 12,,,16000,,BUNDLES,0,0
812,OSH KOSH 4/5T PINK DRESS,,,4700,,KIDS,-2,0
530,Gel Hair Colour3.0 Soft Black,Beauty,,1650,0075724232686,BEAUTY SUPPLIES,-9,0
557,Top Brass Hairdressing,Beauty,,620,0309973522008,BEAUTY SUPPLIES,2,0
584,NAKED GLOW FINISHING GLOSS,Beauty,,2000,0051416190304,BEAUTY SUPPLIES,2,0
1594,Evercurl Conditioner,Beauty,,1390,0071249341414,BEAUTY SUPPLIES,3,0
1621,Himalaya Purifying neem Scrub 1,Beauty,,1350,0605069500616,BEAUTY SUPPLIES,-1,0
639,EBIN LASHES,,,700,0812429030250,BEAUTY SUPPLIES,-103,0
667,WONDER BLENDER,,,500,0100000091487,BEAUTY SUPPLIES,-30,0
697,"WIG WATER WAVE FRONTAL 14""",,,18000,,BUNDLES,1,0
753,"SILICONE PONYTAIL BLACK 2""",,,410,0705372033808,BEAUTY SUPPLIES,0,0
780,ESSATIONS INTENSE HYDRATION,,,1150,0051416080148,BEAUTY SUPPLIES,1,0
786,5X5 STRAIGHT CLOSURE,,12,10500,,BUNDLES,1,0
813,CARE FREE CURL INSTANT ACTIVATO,,,970,0075285203033,BEAUTY SUPPLIES,0,0
531,Gel Hair Colour 10.0 Honey Blon,Beauty,,1230,0075724062627,BEAUTY SUPPLIES,-2,0
558,Top Brass Hair Groom,Beauty,,620,0309973659001,BEAUTY SUPPLIES,5,0
585,NAKED HONEY AND ALMOND MOISTURE,Beauty,,2550,,BEAUTY SUPPLIES,0,0
1595,TN Marvelous Oil Deep Nourish,Beauty,,2100,0603084491940,BEAUTY SUPPLIES,2,0
1622,Himalaya Walnut Scrub,Beauty,,1350,0605069500609,BEAUTY SUPPLIES,0,0
640,EARRINGS,,,800,,BEAUTY SUPPLIES,-655,0
668,AGRAN OIL BRUSH SOAP,,,500,0100000105511,BEAUTY SUPPLIES,4,0
727,NIKE SWIMWEAR 5T,,,2500,,KIDS,-7,0
754,ANNIE NON SLIP HEADBAND 1CT,,,380,10705372088638,BEAUTY SUPPLIES,1,0
781,D&L ANTI-REVERSION CREAM SERUM,,,1340,0075285005606,BEAUTY SUPPLIES,2,0
787,5X5 STRAIGHT CLOSURE 14,,14,11000,,BUNDLES,0,0
814,"BLONDE WIG 12""",,,23000,,BUNDLES,-2,0
532,Gel Hair Colour 7.3 Medium warm,Beauty,,1230,0075724062863,BEAUTY SUPPLIES,1,0
559,Top Brass Hair Thicker,Beauty,,620,0309973660007,BEAUTY SUPPLIES,1,0
586,NAKED MAX  FOAMING SOLUTION 32O,Beauty,,2200,0051416190625,BEAUTY SUPPLIES,-2,0
1596,Colour Sensation Black,Beauty,,1010,0603084458776,BEAUTY SUPPLIES,0,0
1623,Himalaya Neem and Tumeric Clean,Beauty,,400,0605069500708,BEAUTY SUPPLIES,-36,0
641,COCO RESTORE CREME COND CLEANS,,,1500,0649010351407,BEAUTY SUPPLIES,3,0
669,PAW  WONDER BLENDER 6PACK,,,2500,0100000108178,BEAUTY SUPPLIES,-9,0
728,CONTACT LENS,,,2500,,BEAUTY SUPPLIES,14,0
755,"ANNIE 18""HEAD WRAP ASSORTED",,,400,0705372086194,BEAUTY SUPPLIES,0,0
788,5X5 DEEP CURLY CLOSURE,,12,10500,,BUNDLES,2,0
815,SACHA FIX IT SPRAY,,,2100,0763130007157,BEAUTY SUPPLIES,3,0
823,UNICORN  BANDOO,,,1000,,KIDS,-1,0
533,Gel Hair Colour 9.2 Light caram,Beauty,,1230,0075724062665,BEAUTY SUPPLIES,0,0
560,Zimii Neautralizing Shampoo 8oz,Beauty,,700,0636853000104,BEAUTY SUPPLIES,-9,0
587,NAKED SATIN SILKENING GLAZE 40Z,Beauty,,1900,0051416190052,BEAUTY SUPPLIES,1,0
1597,Colour Sensation Darkest Brown,Beauty,,1010,0603084458806,BEAUTY SUPPLIES,0,0
1624,Himalaya Almond Moist Cleansing,Beauty,,400,0605069500685,BEAUTY SUPPLIES,3,0
642,COCO RESTORE LEAVE IN CONDITION,,,1500,0649010351254,BEAUTY SUPPLIES,3,0
670,CLAIROL BW2,,,530,0070018102638,BEAUTY SUPPLIES,14,0
729,ANNIE BUDDON SCARF MULTI-COLOR,,,570,0705372044637,BEAUTY SUPPLIES,-1,0
756,"ANNIE 18""HEAD WRAP VIVID 6MM",,,400,0705372086200,BEAUTY SUPPLIES,0,0
789,5X5 DEEP CURLY CLOSURE,,14,11000,,BUNDLES,3,0
816,BCBG BAG,,,3500,,BEAUTY SUPPLIES,-2,0
827,ZIMII SETTING LOTION 02,,,165,0636853800209,BEAUTY SUPPLIES,-3,0
855,COLOURPOP SHAYLA X COLOURPOP,,,0,,BEAUTY SUPPLIES,2,0
534,Gel Hair Colour 9.23 Light Gold,Beauty,,1230,0075724062658,BEAUTY SUPPLIES,-1,0
561,Zimii Neautralizing Shampoo 16o,Beauty,,1050,0636853000111,BEAUTY SUPPLIES,2,0
588,NAKED INFUSION 365 4OZ,Beauty,,1400,0051416190823,BEAUTY SUPPLIES,2,0
1598,Colour Sensation Medium Natural,Beauty,,1010,0603084458868,BEAUTY SUPPLIES,0,0
1625,Himalaya Cream? Honey Nourish C,Beauty,,400,0605069500692,BEAUTY SUPPLIES,2,0
643,COCO RESTORE CONDITIONER,,,1500,0649010351155,BEAUTY SUPPLIES,3,0
671,STAINLESS STEEL NECK/EAR BOX,,,2300,,BEAUTY SUPPLIES,-8,0
730,ANNIE SLEEPING CAP MEDIUM SIZE,,,450,0705372044170,BEAUTY SUPPLIES,1,0
757,ANNIE WAVE HEADBAND 1CT BLACK,,,375,10705372088416,BEAUTY SUPPLIES,2,0
790,5X5 DEEP WAVE CLOSURE 12,,12,10500,,BUNDLES,2,0
817,ESSATION DRY SCALP COND 32OZ,,,2600,,BEAUTY SUPPLIES,2,0
828,PUPS RULE,,,1000,,KIDS,-1,0
856,COLOURPOP LUXGLOSS,,,0,,BEAUTY SUPPLIES,1,0
535,C/N Hair Colour #30 Red Hot Bur,Beauty,,625,0075724640306,BEAUTY SUPPLIES,-6,0
562,Zimii Thermal Sheen Booster 2oz,Beauty,,200,0636853800025,BEAUTY SUPPLIES,-6,0
589,NAKED MOISTURE WHIP CONDITIONER,Beauty,,1500,0051416190601,BEAUTY SUPPLIES,2,0
1599,Nutrisse Black #10,Beauty,,1640,0603084242733,BEAUTY SUPPLIES,0,0
1626,Himalaya Cucumber Refreshing Cl,Beauty,,400,0605069500715,BEAUTY SUPPLIES,3,0
644,PINK NOB LUSH GROWTH OIL,,,1200,0038276006648,BEAUTY SUPPLIES,0,0
672,NECKLACE $1200,,,1200,,BEAUTY SUPPLIES,-48,0
702,vday-set,,,2000,,BEAUTY SUPPLIES,0,0
731,HARD WAVE BRUSH,,,460,0705372020600,BEAUTY SUPPLIES,-3,0
758,ANNIE 10OZ ROUND SPRAY BOTTLE,,,290,0705372047034,BEAUTY SUPPLIES,-1,0
791,5X5 DEEP WAVE CLOSURE 14,,14,11000,,BUNDLES,4,0
818,ESSATION DRY SCALP SHAMP 32OZ,,,2500,,BEAUTY SUPPLIES,1,0
829,place shirt,,,1200,,KIDS,-16,0
857,"REINGTON 1/2 - 1"" WAND",,,6000,0074590509526,BEAUTY SUPPLIES,-2,0
536,C/N Hair Colour #31 Vivid Red,Beauty,,625,0075724640313,BEAUTY SUPPLIES,-6,0
563,Zimii Thermal Sheen Booster 8oz,Beauty,,660,0636853000265,BEAUTY SUPPLIES,-6,0
590,NAKED QUENCH PURE MOISTURE 16OZ,BEAUTY,,1500,0051416081145,BEAUTY SUPPLIES,0,0
1600,Nutrisse Dark Berry Burgundy #4,Beauty,,1640,0603084493647,BEAUTY SUPPLIES,0,0
1628,Garnier Sleek & Shine Conditin,Beauty,,850,0603084491261,BEAUTY SUPPLIES,0,0
645,PINK NOB TRUE SHINE OIL MIST,,,1200,0038276006679,BEAUTY SUPPLIES,1,0
673,NECKLACE $1500,,,1500,,BEAUTY SUPPLIES,-219,0
703,necklace set,,,2000,,BEAUTY SUPPLIES,-38,0
732,PIN TAIL COMB BLACK,,,120,0705372000299,BEAUTY SUPPLIES,-31,0
759,RUBBER BAND ASSORTED 250CT,,,200,0705372031538,BEAUTY SUPPLIES,-15,0
792,5X5 LOOSE DEEP WAVE CLOSURE 12,,12,10500,,BUNDLES,1,0
819,ESSATION SCALP OIL 4OZ,,,1150,0051416081206,BEAUTY SUPPLIES,1,0
830,STRAIGHT 12 WIG,,,15000,,BEAUTY SUPPLIES,-1,0
858,ANDIS PRESS COMB,,,7000,0040102383007,BEAUTY SUPPLIES,-2,0
537,C/N Hair Colour #20 Light Golde,Beauty,,625,0075724640207,BEAUTY SUPPLIES,0,0
564,Zimii Concentrated Setting Loti,Beauty,,750,0636853801206,BEAUTY SUPPLIES,1,0
591,ESSATIONS TEA TREE SHAM 8OZ,Beauty,,1300,,BEAUTY SUPPLIES,3,0
1601,Nutrisse Darkest Berry Burgundy,Beauty,,1640,0603084493630,BEAUTY SUPPLIES,0,0
1629,Garnier Sleek & Shine Leave in,Beauty,,850,0603084267682,BEAUTY SUPPLIES,1,0
646,PINK SMOOTH TOUCH KIT SUPER,,,950,0038276905781,BEAUTY SUPPLIES,1,0
674,STAINLESS KNOBS $800,,,800,,BEAUTY SUPPLIES,-4,0
733,DELUXE MESH WRAP,,,520,0705372044262,BEAUTY SUPPLIES,-4,0
760,MS REMI SHOWER CAP ASST COLOUR,,,195,0705372044699,BEAUTY SUPPLIES,-2,0
793,5X5 LOOSE DEEP WAVE CLOSURE 14,,14,11000,,BUNDLES,2,0
820,CLAIROL BASIC WHITE SACHET,,,450,,BEAUTY SUPPLIES,-12,0
831,COMB 80,,,0,,BEAUTY SUPPLIES,-48,0
859,SLIIPERS,,,3000,,KIDS,-2,0
538,C/N Hair Colour #40 Lightest Bl,Beauty,,625,0075724640405,BEAUTY SUPPLIES,-6,0
565,Zimii Hydrating Foaming Mousse,Beauty,,900,0636853000524,BEAUTY SUPPLIES,0,0
592,ESSATIONS REFRESH SHAMPOO 8OZ,Beauty,,1150,0051416080254,BEAUTY SUPPLIES,3,0
1602,Nutrisse Deep Burgundy # 42,Beauty,,1640,0603084244140,BEAUTY SUPPLIES,0,0
1630,Garnier Sleek & Shine Moroccan,Beauty,,1390,0603084290390,BEAUTY SUPPLIES,0,0
647,S CURL BEARD BALM,,,1100,0038276909581,BEAUTY SUPPLIES,0,0
675,BUFFER,,,100,,BEAUTY SUPPLIES,-73,0
734,ANNIE SATIN SCARF MULTI-COLOR,,,550,0705372044323,BEAUTY SUPPLIES,3,0
761,"HAIRPINS , BLACK 2.5"" 60CT",,,170,0705372033167,BEAUTY SUPPLIES,0,0
794,5X5 BODY WAVE CLOSURE,,12,10500,,BUNDLES,2,0
832,EAR RING,,,1000,,BEAUTY SUPPLIES,-69,0
860,SILICON MIX LEAVE IN TREATMENT,,,1700,7464804102903,BEAUTY SUPPLIES,-1,0
882,JUVIAS SAHARAN BLUSH 2,,,0,0869001000347,BEAUTY SUPPLIES,2,0
539,C/N Hair Colour #21 Rich Brown,Beauty,,625,0075724640214,BEAUTY SUPPLIES,-6,0
566,Zimii Detangling Shampoo 16oz,Beauty,,550,0636853703371,BEAUTY SUPPLIES,-8,0
593,ESSATIONS MOISTURE SHEEN CONDIT,Beauty,,1300,0051416080285,BEAUTY SUPPLIES,6,0
1603,Nutrisse Dark Brown #40,Beauty,,1640,0603084242726,BEAUTY SUPPLIES,0,0
1632,Triple Nutritrion Conditioner 1,Beauty,,850,0603084491520,BEAUTY SUPPLIES,-1,0
648,S CURL 360  WAVE 3OZ,,,950,0038276009144,BEAUTY SUPPLIES,4,0
676,"WIG WATER WAVE FRONTAL 24""",,,36000,,BEAUTY SUPPLIES,0,0
735,14 NO TANGLE THICK PONYTAILERS,,,320,0705372033655,BEAUTY SUPPLIES,-1,0
762,ANNIE 6.5 SCISSORS BLACK  W/HAN,,,300,0705372050553,BEAUTY SUPPLIES,1,0
795,5X5 BODY WAVE CLOSURE,,14,11000,,BUNDLES,5,0
833,ELF LIP PLUMPING GLOSS,,,1500,,BEAUTY SUPPLIES,-5,0
861,SHEA CASTOR OIL SHAMPOO 13OZ,,,2000,0764302215509,BEAUTY SUPPLIES,3,0
883,JUVIAS SAHARAN BLUSH 1,,,0,0869001000279,BEAUTY SUPPLIES,1,0
540,C/N Hair Colour #41 Honey Blond,Beauty,,800,0075724640412,BEAUTY SUPPLIES,0,0
567,Zimii Moisturizing shampoo 16oz,Beauty,,900,0636853702374,BEAUTY SUPPLIES,-4,0
594,ESSATIONS SOOTHING SCALP BASE 9,Beauty,,1400,0051416080117,BEAUTY SUPPLIES,0,0
1604,Nutrisse True Red #66,Beauty,,1640,0603084242627,BEAUTY SUPPLIES,0,0
1633,Triple Nourish Curl Nourish Sha,Beauty,,850,0603084491896,BEAUTY SUPPLIES,1,0
649,S CURL WAVE POMADE 30Z,,,650,0038276009120,BEAUTY SUPPLIES,1,0
677,KIDS CLOTHES,,,1200,,KIDS,-123,0
736,ANNIE FAMILY SWIMMING CAP,,,480,0705372044309,BEAUTY SUPPLIES,1,0
763,PEARL SHINE COMBS 2PCS PCK COMB,,,180,0705372001456,BEAUTY SUPPLIES,0,0
796,BOY TOP,,,2000,,KIDS,-9,0
834,RIMMEL MASCARA,,,1800,3614229315936,BEAUTY SUPPLIES,-2,0
862,SHEA YUCCA SHAMPOO 13OZ,,,2000,0764302210207,BEAUTY SUPPLIES,2,0
884,JUVIAS THE SAHARAN,,,0,0869001000231,BEAUTY SUPPLIES,0,0
541,C/N Hair Colour #11 Natural Bla,Beauty,,900,0075724780118,BEAUTY SUPPLIES,-11,0
568,Zimii Detangling Shampoo 8oz,Beauty,,610,0636853700370,BEAUTY SUPPLIES,19,0
595,ESSATIONS  HYDRATION SHAMP 32OZ,Beauty,,1900,0051416080155,BEAUTY SUPPLIES,1,0
1605,Root Rescue Soft Black #3,Beauty,,2300,0071249399248,BEAUTY SUPPLIES,1,0
1635,MAYBELLINE FIT ME #334,Beauty,,1950,0041554539639,BEAUTY SUPPLIES,0,0
650,PINK SBCO MOIST HAIR MILK 12OZ,,,1350,0038276006815,BEAUTY SUPPLIES,3,0
678,WIG WATER WAVE FRONTAL 26,,,42000,,BEAUTY SUPPLIES,0,0
737,MEDIUM WAVE BRUSH,,,600,0705372021607,BEAUTY SUPPLIES,1,0
764,CONTACTS  LENS PURE HAZEL,,,2500,,BEAUTY SUPPLIES,-6,0
797,BOY SHORTS,,,2000,,KIDS,-4,0
835,KIDS SET,,,2000,,KIDS,-123,0
863,SHEA BABY COCONUT OIL WASH,,,2000,0764302224051,BEAUTY SUPPLIES,0,0
885,JUVIAS THE NUBIAN,,,0,0869001000200,BEAUTY SUPPLIES,2,0
542,C/N Hair Colour #32 Spiced Red,Beauty,,625,0075724640320,BEAUTY SUPPLIES,0,0
569,Zimii Ultra Moisturizing condit,Beauty,,430,0636853700387,BEAUTY SUPPLIES,18,0
596,ESSATIONS 7 IN 1 COND 8OZ,,,1400,,BEAUTY SUPPLIES,3,0
1606,Root Rescue Black #2,Beauty,,1290,0071249402405,BEAUTY SUPPLIES,0,0
1640,MAYBELLINE SUPERSTAY 370,Beauty,,2950,0041554559446,BEAUTY SUPPLIES,2,0
651,S CURL BEARD WASH 8OZ,,,1100,0038276909567,BEAUTY SUPPLIES,0,0
679,CLIP 2,,,150,,BEAUTY SUPPLIES,-118,0
738,STYLING RUBBER CUSHION BRUSH,,,750,0705372022529,BEAUTY SUPPLIES,-10,0
765,BABY SET,,,2500,,KIDS,-18,0
798,BED HEAD CRIMP IRON,,,7000,0630623003654,BEAUTY SUPPLIES,-4,0
836,"6x6 BODY WAVE CLOSURE 14""",,,10000,,BUNDLES,-2,0
864,SHEA BABY CHAMOMILE,,,1800,0764302901297,BEAUTY SUPPLIES,0,0
886,JUVIAS AFRIQUE,,,0,0857494007523,BEAUTY SUPPLIES,-1,0
1156,"13X4 FRONTAL WIG 28""",,28,72000,,BUNDLES,0,0
1181,"SOLO EXPRESS  10"" 1B",,,3200,0828179904307,BEAUTY SUPPLIES,-18,0
1203,EDGE BRUSH 2,,,300,6923172807090,BEAUTY SUPPLIES,-62,0
1220,"10"" CLOSURE BOB 130%",,,18500,,BUNDLES,-3,0
1232,MS REMI WIG CAP,,,200,0705372044002,BEAUTY SUPPLIES,-16,0
1246,DOO GRO ANTI ITCH,,,1600,0649010751917,BEAUTY SUPPLIES,0,0
1256,ANNIE HOT COMB,,,3500,0705372055305,BEAUTY SUPPLIES,0,0
1286,ANNIE RUBBER BAND BLACK,,,250,0705372031583,BEAUTY SUPPLIES,-24,0
1313,LA COLORS,,,600,0081555666156,BEAUTY SUPPLIES,-17,0
1340,NETROGENA TUMERIC MOISTURIZER,,,2200,0070501112434,BEAUTY SUPPLIES,0,0
1366,KOJIC SAN BODY LOTION,,,1800,0651348297210,BEAUTY SUPPLIES,-2,0
1372,CAROTONE CREME JAR 10OZ,,,1600,6182000132272,BEAUTY SUPPLIES,7,0
1399,KISS PENCIL FLAT IRON,,,5500,0731509763041,BEAUTY SUPPLIES,-16,0
1157,"13X4 FRONTAL WIG 30""",,30,75000,,BUNDLES,4,0
1182,"SOLO EXPRESS 12"" 1B",,12,3900,0828179904468,BEAUTY SUPPLIES,-7,0
1204,ECO GEL 8OZ BLUE,,,400,0748378001181,BEAUTY SUPPLIES,0,0
1221,"BLUNT CUT BOB 12""",,,19500,,BUNDLES,-2,0
1233,VIRGIN HAIR FERTILIZER,,,1450,6156000003801,BEAUTY SUPPLIES,4,0
1247,PINK GLOSSER,,,1350,0038276005603,BEAUTY SUPPLIES,0,0
1287,CARO WHITE,,,1500,6181100530049,BEAUTY SUPPLIES,-8,0
1314,LIP BALM ACAI BERRY,,,500,0017754450777,BEAUTY SUPPLIES,-9,0
1341,NEUTROGENA CLEAR PORE ASTRINGEN,,,1300,0070501116906,BEAUTY SUPPLIES,0,0
1367,KOJIC ACID BODY OIL,,,1400,6186000112951,BEAUTY SUPPLIES,-5,0
1373,CAROTONE CREME TUBE,,,900,6182000101667,BEAUTY SUPPLIES,6,0
1400,FOOT PEEL MASK,,,3500,,BEAUTY SUPPLIES,-7,0
1183,"SOLO EXPRESS 14"" 1B",,,5700,0828179904628,BEAUTY SUPPLIES,-20,0
1205,ECO GEL 80Z PINK,,,450,0748378001051,BEAUTY SUPPLIES,0,0
1222,"JOY 14"" FRONTAL BOB",,,32000,,BUNDLES,0,0
1234,HAIR SKIN & NAILS GUMMIES,,80,2400,0074312785641,BEAUTY SUPPLIES,0,0
1248,EYELINER WITH SHARPENER,,,150,,BEAUTY SUPPLIES,-46,0
1288,ORS FIXIT WIG GRIP GEL,,,1700,0632169118007,BEAUTY SUPPLIES,1,0
1315,PALMERS LIP BALM,,,600,0010181032226,BEAUTY SUPPLIES,3,0
1342,NEUTROGENA RAPID CLEAR ASTRINGE,,,2200,0070501060681,BEAUTY SUPPLIES,0,0
1368,HAIR BAND,,,1000,,BEAUTY SUPPLIES,-3,0
1374,CAROTONE BRIGHTENING OIL,,,900,6182000100479,BEAUTY SUPPLIES,4,0
1401,CURLA LA LA,,,1500,0034285696153,BEAUTY SUPPLIES,7,0
1405,BLISTEX,,,600,0041388003153,BEAUTY SUPPLIES,-9,0
1184,"SOLO EXPRESS 10"" #2",,,3200,0828179904314,BEAUTY SUPPLIES,-1,0
1206,REMINGTON FLAT IRON 1,,,6000,0074590507935,BEAUTY SUPPLIES,-17,0
1235,HAIR SKIN NAILS GUMMIES 140CNT,,140,4200,0074312801525,BEAUTY SUPPLIES,0,0
1249,BRAIDING TAIL COMB,,,160,0636227204992,BEAUTY SUPPLIES,27,0
1289,WOOD BEADS SMALL,,,350,,BEAUTY SUPPLIES,-14,0
1316,VASELINE ALOE VERA LIP BALM,,,600,8859581006860,BEAUTY SUPPLIES,1,0
1343,AVEENO CLEANSIND PADS,,,1500,0381370013693,BEAUTY SUPPLIES,0,0
1375,CAROTONE LOTION 550 ML LARGE,,,1900,6182000105382,BEAUTY SUPPLIES,6,0
1402,BLUE ALDO CROSSBODY,,,7000,,BEAUTY SUPPLIES,-2,0
1407,cuticle trimmer,,,600,0639277537287,BEAUTY SUPPLIES,-4,0
1409,AFRICAN SOAP,,,2500,0786370784114,BEAUTY SUPPLIES,1,0
1411,FAB ESSENTIAL,,,1300,,BEAUTY SUPPLIES,-21,0
1185,"SOLO EXPRESS 12"" #2",,,3900,0828179904475,BEAUTY SUPPLIES,0,0
1207,CERAMIC IRON DOUBLE,,,7000,0074108390325,BEAUTY SUPPLIES,1,0
1236,KANECHOM KARITE,,,3000,,BEAUTY SUPPLIES,1,0
1250,WEAVING CAP,,,700,0842510005515,BEAUTY SUPPLIES,14,0
1260,WALKER TAPE ULTRA HOLD,,,7200,0856459002115,BEAUTY SUPPLIES,4,0
1290,WOOD BEADS LARGE,,,600,,BEAUTY SUPPLIES,-13,0
1317,VASELINE COCOA BUTTER LIP BALM,,,600,0859581006877,BEAUTY SUPPLIES,0,0
1344,AVEENO DAILY MOISTURIZER,,,3150,0381370036951,BEAUTY SUPPLIES,0,0
1376,CAROTONE SOAP,,,750,6182000100462,BEAUTY SUPPLIES,-7,0
1403,TINTED LACE,,,0,,BEAUTY SUPPLIES,-9,0
1412,"DONOR STRAIGHT 12""",,,12750,,BEAUTY SUPPLIES,3,0
1428,QFITT BEIGE CAP,,,300,0842510001043,BEAUTY SUPPLIES,-6,0
1440,SACHA PRIMER,,,2200,0763130919849,BEAUTY SUPPLIES,2,0
1186,"SOLO EXPRESS 14"" #2",,,5700,0828179904635,BEAUTY SUPPLIES,-2,0
1208,REMINGTON WAND,,,7000,0074590512670,BEAUTY SUPPLIES,-1,0
1237,WATER WAVE TWIST,,,1500,,BEAUTY SUPPLIES,-12,0
1261,SHEA MOISTURE SERUM,,,2400,0764302215530,BEAUTY SUPPLIES,0,0
1291,PLASTIC WOOD BEADS,,,450,,BEAUTY SUPPLIES,5,0
1318,WET N WILD MASCARA,,,600,0077802413611,BEAUTY SUPPLIES,0,0
1345,AVEENO SCRUB,,,2300,0381371181919,BEAUTY SUPPLIES,0,0
1377,CARO WHITE DAY AND NIGHT,,,900,6181100535594,BEAUTY SUPPLIES,5,0
1404,ARDELL LASHES MEDIUM,,,750,0074764650528,BEAUTY SUPPLIES,0,0
1413,"DONOR STRAIGHT 14""",,,13500,,BEAUTY SUPPLIES,0,0
1429,QFITT AUBURN CAP,,,300,0842510001432,BEAUTY SUPPLIES,4,0
1441,RING,,,1000,,ACCESSORIES,-7,0
1445,CASH PAYOUT,,,0,,BEAUTY SUPPLIES,-1,0
710,argan oil,,,1500,,BEAUTY SUPPLIES,-21,0
739,JUMBO PLASTIC CLIP 4,,,410,0705372031835,BEAUTY SUPPLIES,0,0
766,GIFT BOX,,,300,,BEAUTY SUPPLIES,-4,0
799,WIG 08,,,16500,,BUNDLES,-9,0
837,KIDS DRESS,,,3300,,KIDS,-36,0
865,BLONDE WIG 08,,,19000,,BUNDLES,-3,0
933,CAL,,,4000,,KIDS,-1,0
969,SHELL SPRAY BOTTLE,,,280,0705372047041,BEAUTY SUPPLIES,1,0
989,BLUE WIG,,,0,,BUNDLES,-3,0
1024,"STRAIGHT FRONTAL WIG 10""",,10,22000,,BUNDLES,0,0
1057,WATCH MOV,,,7000,,ACCESSORIES,-5,0
1084,HAIR ACCESSORIES,,,400,0671331080094,BEAUTY SUPPLIES,-190,0
1101,"BDAY 18/20/22 + 14"" CLOSURE",,,0,,BUNDLES,0,0
740,ANNIE SHAMPOO BRUSH 24PCS,,,140,0705372029238,BEAUTY SUPPLIES,1,0
767,WONDER BLENDER,,,0,,,-20,0
800,BENJAMINS SHAMPOO,,,1450,0832762598156,BEAUTY SUPPLIES,0,0
838,REAL TECHNIQUES 3 IN 1 BRUSH,,,2500,0079625018998,BEAUTY SUPPLIES,-1,0
866,TOY,,,2500,,BEAUTY SUPPLIES,-18,0
970,DIAMOND SPRAY BOTTLE,,,280,0705372047058,BEAUTY SUPPLIES,0,0
990,wig st,,,12000,,BEAUTY SUPPLIES,-6,0
1025,"STRAIGHT FRONTAL WIG 12""",,12,23000,,BUNDLES,0,0
1058,WATCH,,,3500,,ACCESSORIES,-12,0
1085,3.5x4 STRAIGHT CLOSURE,,,6500,,BUNDLES,0,0
1102,"BDAY 20/22/24 +16"" CLOSURE",,,0,,BUNDLES,-2,0
1130,"USD W/SALE 26""",,,61,,BEAUTY SUPPLIES,0,0
741,SQUARE PADDLE CUSHION BRUSH,,,600,0705372020044,BEAUTY SUPPLIES,0,0
768,"DEEP CURLY 12"" WIG",,,21000,,BUNDLES,-2,0
801,BOY,,,1800,,KIDS,-1,0
839,REAL TECHNIQUES POWDER,,,2500,0079625714012,BEAUTY SUPPLIES,0,0
867,HAND SANITIZER,,,500,,BEAUTY SUPPLIES,-3,0
971,ANNIE 400M THREAD,,,500,0705372048468,BEAUTY SUPPLIES,2,0
991,WIG BOB,,,22000,,BEAUTY SUPPLIES,-3,0
1026,"STRAIGHT FRONTAL WIG 14""",,14,25000,,BUNDLES,-3,0
1059,COCONUT OIL MIST,,,1800,0022796916471,BEAUTY SUPPLIES,0,0
1086,ROOM DECOR,,,600,,BEAUTY SUPPLIES,-1,0
1103,"BDAY 22/24/26 + 16"" CLOSURE",,,0,,BUNDLES,-1,0
1131,"USD W/SALE 28""",,,65,,BUNDLES,0,0
742,LOOKS HAIR PINS 1 3/4 100 #3904,,,200,0692541939040,BEAUTY SUPPLIES,2,0
769,SILICON MIX LEAVE IN,,,1500,,BEAUTY SUPPLIES,-7,0
802,SALE WIG 14 STRAIGHT,,,16000,,BEAUTY SUPPLIES,-18,0
840,MODA MYTHICAL 5PS KIT,,,4500,0090672379313,BEAUTY SUPPLIES,-1,0
868,LEGGINGS,,,1500,,KIDS,-84,0
972,ANNIE 70M THREAD,,,150,0705372048505,BEAUTY SUPPLIES,2,0
992,GLASS,,,500,,KIDS,-12,0
1027,"STRAIGHT FRONTAL WIG 16""",,16,28000,,BUNDLES,0,0
1060,BANG BOB WIG 08,,,17000,,BUNDLES,4,0
1087,MEGA GROWTH,,,250,0802535121256,BEAUTY SUPPLIES,-53,0
1104,"BDAY 24/26/28 + 18"" CLOSURE",,,35500,,BEAUTY SUPPLIES,0,0
1132,"USD W/SALE 30""",,,70,,BUNDLES,0,0
743,12 BRAIDED PONYTAILERS,,,310,0705372033709,BEAUTY SUPPLIES,0,0
770,clairol basic white 16oz,,,4500,0381510000125,BEAUTY SUPPLIES,7,0
803,Mud pack masque QH,,,0,0079896586516,BEAUTY SUPPLIES,0,0
841,MODA TOTALLY ELECTRIC 7PS,,,3000,0090672382511,BEAUTY SUPPLIES,-1,0
869,JUVIAS PLACE THE WARRIOR,,,0,0857494007288,BEAUTY SUPPLIES,-3,0
973,J CURVEB WEAVING NEEDLE,,,50,10705372048564,BEAUTY SUPPLIES,137,0
993,SOFTEE GROWTH OIL,,,800,0096002001992,BEAUTY SUPPLIES,0,0
1028,"STRAIGHT FRONTAL WIG 18""",,18,32000,,BUNDLES,1,0
1061,JOY CURLY 180% CLOSURE WIG,,14,22500,,BUNDLES,-3,0
1088,sock one pair,,,500,,KIDS,-5,0
1105,"BDAY 26/28/30 + 18"" CLOSURE",,,37000,,BUNDLES,-2,0
1187,ROSE HIP GLOSS,,,200,0731509815610,BEAUTY SUPPLIES,-10,0
744,ANNIE TANGLE FREE HAIR BAND 17,,,410,0705372033761,BEAUTY SUPPLIES,0,0
771,ETERNAL,,,650,0017502008403,BEAUTY SUPPLIES,35,0
804,ETERNITY NAIL POLISH,,,650,,BEAUTY SUPPLIES,73,0
842,MODA MYTHICAL 6PC CELESTIAL BLU,,,4500,0090672380111,BEAUTY SUPPLIES,0,0
870,JUVIAS PLACE THE TRIBE,,,3500,0857494007370,BEAUTY SUPPLIES,-4,0
974,TWEEZER 6021,,,210,0705372060217,BEAUTY SUPPLIES,-19,0
1029,"STRAIGHT FRONTAL WIG 20""",,20,36000,,BUNDLES,0,0
1062,"FC WIG 14""",,14,22500,,BUNDLES,1,0
1089,TOMMY BAG,,,5000,,BEAUTY SUPPLIES,-1,0
1106,NAKED CREAM DEVELOPER,,,1300,8809005763017,BEAUTY SUPPLIES,1,0
1188,"JANET PASSION TWIST BURG 24""",,,1400,0884593251281,BEAUTY SUPPLIES,-3,0
1209,TAILORED CROWN LACE TINT SPRAY,,,3500,,BEAUTY SUPPLIES,2,0
805,PRESSING COMB,,,7000,,BEAUTY SUPPLIES,-33,0
843,MODA MYTHICAL 6PC FROZEN KIT,,,4000,,BEAUTY SUPPLIES,0,0
871,JUVIAS NUBIAN 2,,,0,0869001000217,BEAUTY SUPPLIES,0,0
975,TWEEZER SQUARE TIP 6022,,,210,0705372060224,BEAUTY SUPPLIES,-5,0
1030,"STRAIGHT FRONTAL WIG 22""",,22,44000,,BUNDLES,1,0
1063,"FC WIG 12""",,12,21500,,BUNDLES,-4,0
1107,"W/SALE BUNDLE 8""",,,3600,,BUNDLES,-2,0
1189,"JANET PASSION 613 24""",,,1400,0884593251274,BEAUTY SUPPLIES,-2,0
1210,AUNT JACKIE SACHET,,,350,0034285692025,BEAUTY SUPPLIES,-15,0
1238,hair  tube,,,0,0658302055329,BEAUTY SUPPLIES,-7,0
1262,SHEA MOISTURE  LOTION,,,2400,0764302215523,BEAUTY SUPPLIES,1,0
1292,JUMBO PACK BEADS,,,800,,BEAUTY SUPPLIES,-39,0
1319,SWISSPERS SILICONE BLENDER,,,600,0048341010739,BEAUTY SUPPLIES,2,0
1346,CLEAN N CLEAR LEMON  SCRUB,,,1800,0381371182398,BEAUTY SUPPLIES,1,0
806,WOW VOL,,,400,,BEAUTY SUPPLIES,-1,0
844,REAL TECHNIQUES,,,2000,0079625714111,BEAUTY SUPPLIES,0,0
872,JUVIAS MAGIC MINI,,,0,0857494007271,BEAUTY SUPPLIES,0,0
1013,MAYBEL COLOSSAL CLASSIC MASCARA,,,1400,0041554197044,BEAUTY SUPPLIES,-3,0
1031,"STRAIGHT FRONTAL WIG 24""",,24,49000,,BUNDLES,1,0
1064,BMW 180% CURLY WIG,,12,21500,,BUNDLES,-2,0
1108,"W/SALE BUNDLE 10""",,,4050,,BUNDLES,-4,0
1190,"JANET PASSION 1B/30 24""",,,1400,0884593251311,BEAUTY SUPPLIES,1,0
1239,"passion 22""",,,1500,,BEAUTY SUPPLIES,-60,0
1263,CLAIROL BW 8 OZ,,,1900,4064666218038,BEAUTY SUPPLIES,15,0
1293,CALA BATH GLOVES,,,700,0616513681454,BEAUTY SUPPLIES,4,0
1320,BEAUTY BENEFITS,,,600,0019333103234,BEAUTY SUPPLIES,-1,0
1347,CLEAN N CLEAR LEMON TONER,,,1800,0381371182404,BEAUTY SUPPLIES,0,0
807,C\N ACAI BERRY&KRTIN MASQ12,,,1200,0075724436633,BEAUTY SUPPLIES,6,0
845,KOHL EYELINER C603A,,,450,0077802460318,BEAUTY SUPPLIES,-5,0
873,JUVIAS MASQUERADE MINI,,,0,0869001000248,BEAUTY SUPPLIES,1,0
1032,"STRAIGHT PIXIE 6""",,,11000,,BUNDLES,-7,0
1065,ANNIE CLAW CLIP,,,600,0705372088440,BEAUTY SUPPLIES,0,0
1109,"W/SALE BUNDLE 12""",,,4500,,BUNDLES,-20,0
1191,"JANET PASSION 30 24""",,,1400,0884593254411,BEAUTY SUPPLIES,67,0
1264,KIDS HAND SANITIZER,,,300,,BEAUTY SUPPLIES,-5,0
1294,ARDELL wispies,,,1100,0074764650122,BEAUTY SUPPLIES,-15,0
1321,SASSY + CHIC  WEDGES,,,600,0639277179050,BEAUTY SUPPLIES,3,0
1348,CLEAN N CLEAN LEMON CLEANSER,,,1800,0381371182381,BEAUTY SUPPLIES,1,0
1378,CARO WHITE OIL,,,900,6181100530070,BEAUTY SUPPLIES,3,0
1414,"DONOR STRAIGHT 16""",,,14250,,BUNDLES,0,0
808,SALE WIG 22 STRAIGHT,,,30000,,BUNDLES,-3,0
846,KOHL EYELINER WET & WILD C601A,,,0,0077802460110,BEAUTY SUPPLIES,0,0
874,JUVIAS ZULU,,,0,0869001000316,BEAUTY SUPPLIES,0,0
1033,TECHUI,,,10500,,TOTAL LIFE CHANGER,0,0
1066,MS REMI DELUXE DAY &NIGHT  ZEB,,,800,705372045641641,BEAUTY SUPPLIES,2,0
1110,"W/SALE BUNDLE 14""",,,4950,,BUNDLES,-16,0
1192,"GHANA PRESTR 50"" #1",,,1100,0828179157048,BEAUTY SUPPLIES,-45,0
1265,ANNIE COLOURING KIT,,,1000,0705372035611,BEAUTY SUPPLIES,2,0
1295,DOO GRO  ANTI DANDRUFF,,,1100,0649010751535,BEAUTY SUPPLIES,1,0
1322,LA COLOURS AUTO EYELINER,,,600,0081555664404,BEAUTY SUPPLIES,-1,0
1349,CLEAN N CLEAR BLACKHEAD ERASER,,,1600,0381371181889,BEAUTY SUPPLIES,0,0
1379,CARO WHITE CREME SMALL,,,600,6181100530063,BEAUTY SUPPLIES,1,0
1415,"DONOR STRAIGHT 18""",,,15000,,BUNDLES,-1,0
847,RIMMEL STAY MATTE PRIMER,,,1800,3607342682757,BEAUTY SUPPLIES,2,0
875,JUVIA ROYALTY 1 HIGHLIGHTER,,,2500,0857494007240,BEAUTY SUPPLIES,1,0
1034,COTTON  SWAB,,,300,,BEAUTY SUPPLIES,-6,0
1067,MS REMI DELUXE LEOPARD,,,750,0705372045658,BEAUTY SUPPLIES,-6,0
1111,"W/SALE BUNDLE 16""",,,5400,,BUNDLES,-24,0
1266,CALA EYELASH,,,400,0616513317513,BEAUTY SUPPLIES,-22,0
1323,FACIAL SCRUBBER,,,600,0049696863193,BEAUTY SUPPLIES,0,0
1350,CLEAN N CLEAR MB SCRUB,,,1400,0381370016199,BEAUTY SUPPLIES,0,0
1380,CARO WHITE SOAP,,,700,6181100530094,BEAUTY SUPPLIES,-5,0
1416,"DONOR STRAIGHT 20""",,,16500,,BUNDLES,0,0
1430,TRESEMME CONDITIONER,,,800,0022400393728,BEAUTY SUPPLIES,-23,0
1442,CURLS ACTIVATOR,,,950,0636853000203,BEAUTY SUPPLIES,0,0
848,FAN BRUSH BIG,,,0,,BEAUTY SUPPLIES,1,0
876,JUVIAS THE NUBIAN HGHLIGHTER,,,0,0857494007424,BEAUTY SUPPLIES,1,0
1035,GOT 2 B GLUE YELLOW 6OZ,,,1750,0052336331457,BEAUTY SUPPLIES,1,0
1068,INDIVIDUAL LASH SHORT,,,400,0705372064369,BEAUTY SUPPLIES,-2,0
1112,"W/SALE BUNDLE 18""",,,5850,,BUNDLES,-15,0
1267,NAIL ENAMEL DRYER,,,650,0688047736559,BEAUTY SUPPLIES,3,0
1297,EBIN LACE BOND SPRAY EXTREME,,,900,0812429031219,BEAUTY SUPPLIES,9,0
1324,MAKEUP WIPES ALOE VERA,,,600,0852669518644,BEAUTY SUPPLIES,-2,0
1351,CLEAN N CLEAR MB CLEANSER,,,1200,0381370016175,BEAUTY SUPPLIES,0,0
1381,CAROWHITE LOTION,,,1300,6181100530018,BEAUTY SUPPLIES,0,0
1417,"DONOR STRAIGHT 22""",,,17250,,BUNDLES,-1,0
1431,FABESSENTIALZ WAX STICK,,,1350,,BEAUTY SUPPLIES,6,0
1443,MILK AND HONEY,,,770,0075724448346,BEAUTY SUPPLIES,3,0
849,MASCARA,,,2000,,BEAUTY SUPPLIES,1,0
877,THE NUBIAN LOOSE HIGHLIGHTER,,,2500,0857494007431,BEAUTY SUPPLIES,0,0
1036,YAMAN #2,,,1100,0896586174392,BEAUTY SUPPLIES,1,0
1069,INDIVIDUAL LASHES MED,,,400,0705372064376,BEAUTY SUPPLIES,-2,0
1113,"W/SALE BUNDLE 20""",,,6750,,BUNDLES,-20,0
1268,SULFUR8 08 CONDITION,,,1450,0075610436105,BEAUTY SUPPLIES,2,0
1298,EBIN EDGE TAMER ULTRA SUPER,,,1300,0760999535258,BEAUTY SUPPLIES,-4,0
1325,MAKE UP WIPES RETINOL,,,600,0814655020098,BEAUTY SUPPLIES,-4,0
1352,CLEAN N CLEAR MB SKIN BRIGHT CL,,,1200,0381371020805,BEAUTY SUPPLIES,0,0
1382,H20 PAPAYA CREAM,,,900,6186000034116,BEAUTY SUPPLIES,6,0
1418,"DONOR STRAIGHT 24""",,,18000,,BUNDLES,1,0
1432,KANECHOM GOAT MILK,,,3000,7893694055660,BEAUTY SUPPLIES,2,0
1446,XTRA JUMBO DAY AND NIGHT CAP,,,1000,0705372036014,BEAUTY SUPPLIES,9,0
850,COLOR POP SO JUICY,,,2100,,BEAUTY SUPPLIES,5,0
878,JUVIAS ROYALTY 2 HIGHLIGHTER,,,2500,0857494007233,BEAUTY SUPPLIES,1,0
1037,TEA TREA OIL,,,650,0045836005904,BEAUTY SUPPLIES,-1,0
1070,BAG,,,6500,,KIDS,-39,0
1114,"W/SALE BUNDLE 22""",,,7600,,BUNDLES,-17,0
1269,SULFUR 8 AQUA BLUE,,,950,0075610456103,BEAUTY SUPPLIES,0,0
1299,SHINE N JAM GEL,,,1450,0077312410735,BEAUTY SUPPLIES,2,0
1326,MAKE UP COCOA BUTTER,,,600,0814655020616,BEAUTY SUPPLIES,0,0
1353,CLEAN N CLEAR NIGHT RELAXING CL,,,1200,0381371157648,BEAUTY SUPPLIES,0,0
1383,NEW LIGHT CREME TUBE,,,900,6181100422955,BEAUTY SUPPLIES,6,0
1419,"DONOR STRAIGHT 26""",,,18750,,BUNDLES,-2,0
1433,KANECHOM KERATIN,,,3000,7893694058661,BEAUTY SUPPLIES,0,0
1447,DREADLOCKS BAND,,,750,0705372036236,BEAUTY SUPPLIES,0,0
851,COLOUR POP ULTRA GLOSSY LIP,,,0,,BEAUTY SUPPLIES,-28,0
879,JUVIAS BELLA AFRIQUE BLUSH,,,0,0857494007516,BEAUTY SUPPLIES,0,0
1038,KISS COLOUR CHNAGE SHAMPOO,,,400,0731509833218,BEAUTY SUPPLIES,2,0
1071,ANKLET,,,1000,,BEAUTY SUPPLIES,-46,0
1115,"W/SALE BUNDLE 24""",,,8550,,BUNDLES,-6,0
1270,ORS OLIVE SHEEN 2.7 OZ,,,600,0632169115259,BEAUTY SUPPLIES,1,0
1300,MAGIC NAIL GLUE,,,100,,BEAUTY SUPPLIES,70,0
1327,CETAPHIL FOAMING CLEANSER,,,2000,0302993889175,BEAUTY SUPPLIES,-1,0
1354,CLEAN N CLEAR  DA SCRUB,,,1300,0381370019367,BEAUTY SUPPLIES,0,0
1384,NEW LIGHT CREME JAR,,,1600,6181100423136,BEAUTY SUPPLIES,1,0
1420,"DONOR STRAIGHT 28""",,,19500,,BUNDLES,0,0
1434,HAIRESTORE HAIR MAYO,,,800,0632169110186,BEAUTY SUPPLIES,2,0
1448,MS REMI WIG CAP NATURAL,,,300,0705372044019,BEAUTY SUPPLIES,0,0
1271,SULFUR 8 CONDITION,,,1950,0075610432107,BEAUTY SUPPLIES,1,0
1301,TRIPOD STAND,,,6300,0842510010113,BEAUTY SUPPLIES,2,0
1328,CETAPHIL GENTLE SKIN CLEANSER,,,2000,0302993921080,BEAUTY SUPPLIES,0,0
1355,CLEAN N CLEAR ACNE SCRUB,,,1350,0381371168538,BEAUTY SUPPLIES,0,0
1385,PERFECT WHITE SOAP,,,900,6181100530414,BEAUTY SUPPLIES,0,0
1421,"DONOR LOOSE WAVE 16""",,,14250,,BUNDLES,2,0
1435,SHIMMER LIGHT SHAMPOO,,,2100,3614226781741,BEAUTY SUPPLIES,0,0
1449,MS REMI WIG CAP DARK BROWN,,,300,0705372044026,BEAUTY SUPPLIES,-1,0
1464,IHSNH,,,1500,,BEAUTY SUPPLIES,-11,0
1469,CANTU HAIR WAX,,,1600,,BEAUTY SUPPLIES,-1,0
1472,ECO STYLE GEL,,,1200,0748378001594,ACCESSORIES,1,0
1484,mid ring,,,1000,,BEAUTY SUPPLIES,-4,0
1509,zara red bag,,,9000,,BEAUTY SUPPLIES,-1,0
1272,SULFUR8 SHAMPOO,,,900,0075610439106,BEAUTY SUPPLIES,7,0
1302,ANNIE ROLLER  PURPLE  1210,,,600,0705372012100,BEAUTY SUPPLIES,-6,0
1329,CETAPHIL GENTLE SCRUB,,,2500,0302993889182,BEAUTY SUPPLIES,0,0
1356,BLACK RAD PALETTE MED TO DARK,,,1850,0077802646132,BEAUTY SUPPLIES,-1,0
1386,PERFECT WHITE CREME JAR,,,1600,6181100530391,BEAUTY SUPPLIES,1,0
1422,"DONOR LOOSE WAVE 18""",,,15000,,BUNDLES,2,0
1436,CREME OF NATURE SHAMPOO,,,1200,0075724251991,BEAUTY SUPPLIES,0,0
1450,MS REMI JUMBO SHOWER CAP,,,350,0705372044644,BEAUTY SUPPLIES,30,0
1465,LAID WAX STICK,,,2000,,BEAUTY SUPPLIES,-5,0
1470,WONDER LACE BOND RED,,,1400,0812429036238,BEAUTY SUPPLIES,47,0
1473,ECO STLYING  GEL,,32,1200,0748378003178,BEAUTY SUPPLIES,0,0
1485,8 OZ SPRAY BOTTLE,,,350,0705372047010,BEAUTY SUPPLIES,18,0
1510,XPRESSION PRE STRETCH #1,,,950,0828179166309,BEAUTY SUPPLIES,-85,0
1273,SULFUR08 LLOC TWIST & BRAID,,,900,0075610462104,BEAUTY SUPPLIES,0,0
1303,ANNIE ROLLER  GREY 1209,,,600,0705372012094,BEAUTY SUPPLIES,1,0
1330,NEUTROGENA DEEP CLEAN CREAM CLE,,,1200,0070501060957,BEAUTY SUPPLIES,0,0
1357,BLACK RAD PALLETTE DARK TO DEEP,,,1850,0077802647528,BEAUTY SUPPLIES,1,0
1387,NATURE WHITE SOAP,,,800,6181100423709,BEAUTY SUPPLIES,9,0
1423,"DONOR LOOSE WAVE 20""",,,16500,,BUNDLES,1,0
1438,TREESEMME SHAMPOO,,,800,0022400393681,BEAUTY SUPPLIES,-7,0
1451,MS REMI XL SLEEP CAP,,,450,0705372044217,BEAUTY SUPPLIES,-1,0
1466,MAGIC CREAM SHAVE,,,1000,,BEAUTY SUPPLIES,5,0
1474,SHINE JAM,,,1450,0077312410711,BEAUTY SUPPLIES,2,0
1486,S/STEEL ANKLET $1000,,,1000,,BEAUTY SUPPLIES,-4,0
1511,TWINKLE / EYE BROW SHAVER,,,200,0705372051345,BEAUTY SUPPLIES,-195,0
1512,ANNIE OVAL PADDLE BRUSH,,,750,0705372022048,BEAUTY SUPPLIES,-1,0
1274,IONI LASH GLUE,,,600,0871923007731,BEAUTY SUPPLIES,-1,0
1304,ANNIE ROLLER ORANGE 1208,,,600,0705372012087,BEAUTY SUPPLIES,4,0
1331,NEUTROGENA DEEP CLEAN CLEANSER,,,1200,0070501060902,BEAUTY SUPPLIES,-1,0
1358,BIO OIL 2OZ,,,2400,0891038001004,BEAUTY SUPPLIES,0,0
1388,NATURE WHITE LOTION,,,1800,6181100423655,BEAUTY SUPPLIES,0,0
1424,"DONOR LOOSE WAVE 22""",,,17250,,BUNDLES,-2,0
1452,MS REMI D/L XL SHOWER CAP,,,600,0705372044071,BEAUTY SUPPLIES,-1,0
1475,SALE PIXIE CURLY,,,14000,,BUNDLES,0,0
1487,S/STEEL ANKLET,,,1200,,BEAUTY SUPPLIES,-9,0
1516,LIGHT GOLDEN BLONDE,,,800,0075724780422,BEAUTY SUPPLIES,0,0
1543,SALON PRO 2OZ GLUE,,,400,0746817073027,BEAUTY SUPPLIES,1,0
1573,PAW PAW BRUSH CLEANNIG MAT,,,500,,BEAUTY SUPPLIES,3,0
1275,DOO GRO MEGA THICK,,,1600,0649010751924,BEAUTY SUPPLIES,0,0
1305,ANNIE ROLLER ORANGE 1203,,,600,0705372012032,BEAUTY SUPPLIES,15,0
1332,NEUTROGENA TUMERIC MIST,,,2200,,BEAUTY SUPPLIES,0,0
1359,SOFTEE EDGE GEL,,,600,0096002001947,BEAUTY SUPPLIES,1,0
1389,NATURE WHITE CREME,,,1100,6181100424171,BEAUTY SUPPLIES,5,0
1426,"DONOR BODY WAVE 18""",,,15000,,BEAUTY SUPPLIES,1,0
1453,ANNIE HEAVY RAT TAIL COMB,,,100,,BEAUTY SUPPLIES,12,0
1476,SALE PIXIE STRAIGHT,,,14000,,BUNDLES,2,0
1488,S/STEEL,,,1500,,BEAUTY SUPPLIES,-3,0
1514,THICK HAIR NET,,,0,0705372044705,BEAUTY SUPPLIES,-2,0
1517,JET BLACK,,,900,0075724640108,BEAUTY SUPPLIES,-4,0
1544,HAIR WAX STICK SMALL,,,0,0812429034937,BEAUTY SUPPLIES,-13,0
1574,LARGE FACE BRUSH,,,600,,BEAUTY SUPPLIES,0,0
1306,ANNIE ROLLER RED 1206,,,600,0705372012063,BEAUTY SUPPLIES,0,0
1333,NEUTROGENA TUMERIC JELLY,,,2200,0070501112441,BEAUTY SUPPLIES,0,0
1360,CORE AUDI FLEX TRIPOD,,,1200,,BEAUTY SUPPLIES,-1,0
1390,NEOPROSONE GEL FORTE,,,900,5280131402002,BEAUTY SUPPLIES,-14,0
1454,"HH FLAT IRON 1""",,,2500,0705372059204,BEAUTY SUPPLIES,0,0
1477,KIDS SALE  $1000,,,1000,,KIDS,-38,0
1489,S/STEEL NOSE RING,,,400,,BEAUTY SUPPLIES,-36,0
1515,PERUVIAN 3 PCS,,,0,0803868447969,BEAUTY SUPPLIES,0,0
1518,DUAL ACTION FILE,,,600,0705372053653,BEAUTY SUPPLIES,2,0
1545,SHINE N JAM MAGIC FINGERS,,,4000,0077312412517,BEAUTY SUPPLIES,0,0
1575,SILI DIP BLENDER MINT TEARDROP,,,600,,BEAUTY SUPPLIES,0,0
1577,"5X5 TRANSPARENT CLOSURE 14""",,,14000,,BUNDLES,0,0
1643,FACIAL STEAMER,,,6000,,BEAUTY SUPPLIES,0,0
1307,ANNIE ROLLER BLUE,,,600,0705372012070,BEAUTY SUPPLIES,4,0
1334,NEUTROGENA ACNE CONTROL SCRUB,,,2300,0070501053256,BEAUTY SUPPLIES,0,0
1361,REAL SIMPLE PHONE MOUNT,,,1500,85393081498000499,BEAUTY SUPPLIES,-1,0
1391,PERFECTING BRITENER CREME,,,1800,0877418000409,BEAUTY SUPPLIES,4,0
1455,"HH FLAT IRON 1/2""",,,2400,0705372058726,BEAUTY SUPPLIES,1,0
1478,KIDS SALE $1500,,,1000,,KIDS,-17,0
1490,STAINLESS HOOPS $2000,,,2000,,BEAUTY SUPPLIES,-2,0
1519,PUMICE STONE,,,400,0705372053622,BEAUTY SUPPLIES,-4,0
1546,SHINE N JAM SHEEN,,,1000,0077312412609,BEAUTY SUPPLIES,1,0
1576,SILICON MIX SHINE HAIR POLISHER,,,1800,7464804102118,BEAUTY SUPPLIES,-7,0
1578,"5X5 TRANSPARENT CLOSURE 16""",,,16000,,BUNDLES,-1,0
1644,5X5 WIG CLOSURE 20'',,,45000,,BEAUTY SUPPLIES,-1,0
1657,ORANGE 10'' BOB FRONTAL WIG,,,21000,,BEAUTY SUPPLIES,-2,0
1392,PERFECTING BRITENER SOAP,,,1400,0877418000416,BEAUTY SUPPLIES,1,0
1456,ANNIE JUMBO RAKE COMB,,,200,0705372000527,BEAUTY SUPPLIES,6,0
1479,KIDS SALE $700,,,700,,KIDS,-30,0
1491,STAINLESS HOOPS $1600,,,1600,,BEAUTY SUPPLIES,-11,0
1520,DONNA DAY & NIGHT CAP XL ZEBRA,,,800,0658302222851,BEAUTY SUPPLIES,-15,0
1547,MELT HD CLOSURE 10'' 12'' 14'',,,14000,0884593281158,BUNDLES,-1,0
1579,"5X5 TRANSPARENT CLOSURE 18""",,,17000,,BUNDLES,1,0
1645,"613 CLOSURE BOB AND BANG 8""",,,19500,,BUNDLES,1,0
1658,REMOVER BLACKHEAD,,,600,0100000082584,BEAUTY SUPPLIES,-3,0
1660,"613 BLONDE FRONTAL WIG 18""",,,38000,,BEAUTY SUPPLIES,0,0
1670,"HUMAN PONYTAIL 20""",,,14500,,BUNDLES,-4,0
1686,"BLONDE BOB 12""",,,23000,,BUNDLES,-3,0
1688,"613 BLONDE FRONTAL WIG 26""",,26,80000,,BUNDLES,0,0
1393,KOJIE SAN SOAP SINGLE 135G,,,1800,4809013300017,BEAUTY SUPPLIES,42,0
1457,MS REMI SATIN TRIANGLE,,,400,0705372044361,BEAUTY SUPPLIES,2,0
1480,KIDS SALE $500,,,500,,KIDS,-38,0
1492,STAINLESS HOOPS $1000,,,1000,,BEAUTY SUPPLIES,-9,0
1521,DONNA  DAY & NIGHT CAP,,,800,0658302222844,BEAUTY SUPPLIES,6,0
1548,MELT HD CLOSURE 12'' 14'' 16'',,,17000,0884593281165,BEAUTY SUPPLIES,-2,0
1580,GHANA 3X AFRO TWIST BULK #2,,16,1850,0828179188936,BEAUTY SUPPLIES,-25,0
1646,EDGE SCARF BIG,,,700,0850019154689,BEAUTY SUPPLIES,-48,0
1659,"HUMAN PONYTAIL 18""",,,12500,,BEAUTY SUPPLIES,-10,0
1661,613 BLONDE FRONTAL WIG 20'',,,44000,,BEAUTY SUPPLIES,0,0
1671,"HUMAN PONYTAIL 22""",,,16500,,BUNDLES,-3,0
1687,PACK,,,1500,0087768189000,ACCESSORIES,-3,0
1689,"613 BLONDE FRONTAL WIG 12""",,,34000,,BEAUTY SUPPLIES,1,0
1394,mask box,,,2500,,BEAUTY SUPPLIES,-2,0
1458,SATIN TIE BAND ASST,,,350,0705372044408,BEAUTY SUPPLIES,2,0
1481,KIDS SALE $2000,,,2000,,KIDS,-13,0
1493,STAINLESS HOOPS $800,,,800,,BEAUTY SUPPLIES,-4,0
1522,VELCRO SILKY EDGE WRAP,,,600,0752349214708,BEAUTY SUPPLIES,-51,0
1549,DETANGLING HAIR BRUSH,,,100,,BEAUTY SUPPLIES,0,0
1581,REAL TECHNIQUES 01786,,,4500,0079625017861,BEAUTY SUPPLIES,-3,0
1655,"COLOURED BOB 10"" SALE",,,19000,,BEAUTY SUPPLIES,1,0
1662,613 BLONDE FRONTAL WIG 22'',,22,58500,,BEAUTY SUPPLIES,-2,0
1672,"HUMAN PONYTAIL 24""",,,17500,,BUNDLES,-7,0
1690,CURLY WIG  08,,,15000,,BEAUTY SUPPLIES,-7,0
1691,"GREY WIG 12""",,,23500,,BEAUTY SUPPLIES,-1,0
1692,BLONDE BOB 10',,,21000,,BEAUTY SUPPLIES,-2,0
1697,VICTORIAS SECRET,,,1800,0667553847072,BEAUTY SUPPLIES,-21,0
1482,VENT BRUSH BLUE,,,700,0705372022703,BEAUTY SUPPLIES,0,0
1494,STAINLESS HOOPS $700,,,700,,BEAUTY SUPPLIES,-5,0
1523,SILKY EDGE SLIM,,,500,,BEAUTY SUPPLIES,-40,0
1550,ANGLED SHADER BRUSH,,,0,,BEAUTY SUPPLIES,0,0
1582,4X4 BMW CLOSURE WIG,,,27000,,BUNDLES,0,0
1656,BLUNT CUT 180%,,,19500,,BUNDLES,-6,0
1663,613 BLONDE FRONTAL  WIG 24'',,24,60000,,BEAUTY SUPPLIES,0,0
1673,BUTTERFLY LOCS 10/12/14,,,3400,0636227027515,BEAUTY SUPPLIES,-9,0
1693,"GHANA PRE STRETCHED 3X 40""",,,960,,BEAUTY SUPPLIES,-10,0
1698,BLACK RUBBER BAND,,,200,0661874360081,BEAUTY SUPPLIES,12,0
1699,MASK BRUSH,,,500,,BEAUTY SUPPLIES,-3,0
1708,NEEDLE,,,100,,BEAUTY SUPPLIES,-69,0
1709,waist trainer,,,8000,,BEAUTY SUPPLIES,-1,0
1736,4X4 STRAIGHT WIG 16'',,,27000,,BUNDLES,-1,0
1763,CHI 44 IRON GUARD,,,1500,0633911630617,BEAUTY SUPPLIES,1,0
1395,WATCH SET,,,4000,,BEAUTY SUPPLIES,-4,0
1483,TWINKLE EYBROW RAZOR,,,200,,BEAUTY SUPPLIES,-50,0
1495,STAINLESS HOOPS $600,,,600,,BEAUTY SUPPLIES,0,0
1524,QFITT BONNET,,,600,0842510008264,BEAUTY SUPPLIES,12,0
1551,BROW COMB SCISSORS,,,300,0100000086117,BEAUTY SUPPLIES,-4,0
1627,ADA BRUSH,,,500,,BEAUTY SUPPLIES,24,0
1674,"GHANA TRESS WATER 30""",,,2200,0828179198973,BEAUTY SUPPLIES,-5,0
1694,"FRING BANG 08""",,,17000,,BEAUTY SUPPLIES,-4,0
1700,HAIR BEANS,,,600,0849979035244,BEAUTY SUPPLIES,-9,0
1710,FRONTAL JOY CURLY 14'',,,32000,,BEAUTY SUPPLIES,1,0
1737,4X4 STRAIGHT WIG 18'',,,32000,,BEAUTY SUPPLIES,1,0
1764,RED SUPER JUMBO X KEYSHIA,,,1350,0649674052696,BEAUTY SUPPLIES,1,0
1790,"TYCHE GOLD FLAT IRON 1 1/2""",,,5000,0607203020776,BEAUTY SUPPLIES,-4,0
1816,TW CRINKLES AND CURLS STYLING L,,,1450,0815680000215,BEAUTY SUPPLIES,3,0
1496,STAINLESS HOOPS $500,,,500,,BEAUTY SUPPLIES,-7,0
1525,BRAID WIG CAP,,,500,0842510050195,BEAUTY SUPPLIES,2,0
1552,MINI WONDER BLENDER PINK,,,500,0100000085196,BEAUTY SUPPLIES,-1,0
1631,AOA BROW SLIM,,,600,0100000109045,BEAUTY SUPPLIES,7,0
1665,HIGHLIGHT DEEP WAVE 20,,,52000,,BUNDLES,0,0
1675,HIGHLIGHT BOB 10',,,19500,,BEAUTY SUPPLIES,1,0
1695,"613 BLONDE FRONTAL WIG 10""",,,32500,,BUNDLES,3,0
1701,BEAUTIFUL COLLECTION JET BLACK,,,1100,0070018101839,BEAUTY SUPPLIES,2,0
1711,FRONTAL JOY CURLY 16'',,,34000,,BEAUTY SUPPLIES,0,0
1738,4X4 NATURAL WAVE 14'',,,25000,,BEAUTY SUPPLIES,0,0
1765,HEAD BAND,,,300,0852153002420,BEAUTY SUPPLIES,-74,0
1791,TYCHE HEAT CAP,,,1800,0607203810018,BEAUTY SUPPLIES,1,0
1817,TW CURLY CURL CREAM,,,1650,0815680002226,BEAUTY SUPPLIES,0,0
1842,CALA CUTICLE TRIMMER 70-272B,,,250,0616513702722,BEAUTY SUPPLIES,0,0
1497,STAINLESS PANDORA,,,3000,,BEAUTY SUPPLIES,-3,0
1526,WEAVING THREAD,,,150,0636227492665,BEAUTY SUPPLIES,-57,0
1553,LARGE SHADING BRUSH,,,0,,BEAUTY SUPPLIES,0,0
1634,HEADBAND WIG 12,,,16000,,BUNDLES,-7,0
1666,HIGHLIGHT DEEP WAVE 22,,,56000,,BUNDLES,-1,0
1676,NEW FRONTAL WIGS  14'',,,35000,,BUNDLES,0,0
1696,"BURGUNDY BOB 8""",,,18000,,BUNDLES,1,0
1702,TINTATION BLACK HAIR COLOR,,,1500,0731509814071,BEAUTY SUPPLIES,0,0
1712,FRONTAL JOY CURLY 18'',,,39000,,BEAUTY SUPPLIES,1,0
1739,4X4 NATURAL WAVE 16'',,,28000,,BEAUTY SUPPLIES,0,0
1766,LOOKS ELASTIC BAND 200 MULTI,,,200,0692541933413,BEAUTY SUPPLIES,7,0
1792,BOLD HOLD ACTIVE,,,6000,0850010743004,BEAUTY SUPPLIES,-2,0
1818,TW SILK MILK SHAMPOO,,,1450,0815680006170,BEAUTY SUPPLIES,3,0
1843,CALA CUTICLE TRIMMER 70-708B,,,250,0616513707086,BEAUTY SUPPLIES,1,0
1498,BEAD BRACELET,,,1500,,BEAUTY SUPPLIES,-3,0
1527,FRONTAL LACE TOP WIG CAP,,,600,0842510050676,BEAUTY SUPPLIES,6,0
1555,AOA WONDER BLENDER,,,300,0100000106983,BEAUTY SUPPLIES,-11,0
1636,HEADBAND WIG 14,,,18000,,BUNDLES,-11,0
1667,HIGHLIGHT  STRAIGHT 18,,,42000,,BUNDLES,-1,0
1677,NEW FRONTAL WIGS  16'',,,38000,,BUNDLES,-1,0
1703,REVLON,,,800,0309978695103,BEAUTY SUPPLIES,-40,0
1713,FRONTAL JOY CURLY 20'',,,46500,,BEAUTY SUPPLIES,0,0
1740,4X4 NATURAL WAVE 18'',,,32500,,BEAUTY SUPPLIES,0,0
1767,LOOKS ELASTIC BAND 200 CLEAR,,,200,0840096923162,BEAUTY SUPPLIES,8,0
1793,BMB SUPER LACE GLUE,,,1300,0080229910519,BEAUTY SUPPLIES,4,0
1819,TW CREAMY CO WASH,,,1750,0815680005555,BEAUTY SUPPLIES,3,0
1844,OPOOLA PRESS ON NAILS,,,300,0892600131907,BEAUTY SUPPLIES,-7,0
1852,EAR RING,,,2100,,ACCESSORIES,-8,0
1879,MAGIC CURVES LIFT TAPE,,,2500,,BEAUTY SUPPLIES,0,0
1499,MEDICATED KNOBS,,,600,,BEAUTY SUPPLIES,32,0
1528,SASSI EYELASH GLUE,,,600,0713836351405,BEAUTY SUPPLIES,3,0
1556,SMALL FLAT SHADER BRUSH,,,0,,BEAUTY SUPPLIES,0,0
1637,HEADBAND WIGSN 16,,,21000,,BUNDLES,-13,0
1668,HIGHLIGHT  STRAIGHT 20,,,48000,,BEAUTY SUPPLIES,0,0
1678,NEW FRONTAL WIGS 18'',,,42000,,BUNDLES,-1,0
1704,KISS TINTATION DARK BR,,,1500,0731509814149,BEAUTY SUPPLIES,-1,0
1714,FRONTAL JOY CURLY 22'',,,53500,,BUNDLES,0,0
1741,4X4 FC WIG 14'',,,25000,,BUNDLES,0,0
1768,LOOKS  SCISSORS,,,300,0840096921069,BEAUTY SUPPLIES,-10,0
1794,WALKERS TAPE C22 SOLVENT,,,1600,0856459002191,BEAUTY SUPPLIES,11,0
1820,TW CURL SEALER,,,1400,0815680006149,BEAUTY SUPPLIES,2,0
1845,YAZOO PRESS ON NAILS,,,300,0892600125555,BEAUTY SUPPLIES,-1,0
1853,ACNE SOAP,,,900,0753182120584,BEAUTY SUPPLIES,4,0
1880,AP BLACK CASTOR OIL TREATMENT,,,380,0802535150515,BEAUTY SUPPLIES,-2,0
1500,STAINLESS CHAIN SET,,,2200,,BEAUTY SUPPLIES,-12,0
1529,SHINE N JAM 40Z,,,800,0077312410704,BEAUTY SUPPLIES,-2,0
1557,PRECISE PENCIL BRUSH,,,0,,BEAUTY SUPPLIES,0,0
1638,HEADBAND WIGS 18,,,25000,,BUNDLES,-14,0
1669,SALE PREFUME,,,500,,BEAUTY SUPPLIES,-51,0
1679,NEW FRONTAL WIGS 20'',,,46000,,BUNDLES,-3,0
1705,"XPRESSION 84"" #4",,,850,0828179928839,BEAUTY SUPPLIES,-5,0
1742,4X4 FC WIG 16'',,,28000,,BUNDLES,0,0
1769,LOOKS RAZOR COMB,,,300,0692541932195,BEAUTY SUPPLIES,2,0
1795,KRAZY GLUE,,,250,0890246000472,BEAUTY SUPPLIES,20,0
1821,MANGO LIME CURLING GELO,,,1500,0714924296097,BEAUTY SUPPLIES,0,0
1846,CUBIC ZIRCONA KNOB,,,450,0692502430135,BEAUTY SUPPLIES,4,0
1854,"REVLON 2"" FLAT IRON",,,6000,0761318221821,BEAUTY SUPPLIES,0,0
1881,KIDS HAIR CLIPS,,,250,,BEAUTY SUPPLIES,-5,0
1501,STAINLESS NECK/PENDANT $1400,,,1400,,BEAUTY SUPPLIES,-6,0
1530,SHINE N JAM  4 OZ EXTRA,,,800,0077312410728,BEAUTY SUPPLIES,8,0
1558,SUPER SOFT WONDER BLENDER 6PACK,,,0,,BEAUTY SUPPLIES,-1,0
1639,BOLD HOLD LACE GLUE,,,4800,0850010743011,BEAUTY SUPPLIES,1,0
1680,"BODY WAVE CLOSURE WIG 18""",,,0,,BUNDLES,-3,0
1706,"XPRESSION 84"" #27",,,850,8281799288462,BEAUTY SUPPLIES,-78,0
1716,FRONTAL FC 14'',,,32000,,BEAUTY SUPPLIES,1,0
1743,4X4 FC WIG 18'',,,32500,,BEAUTY SUPPLIES,-2,0
1770,AJ OH SO CLEAN SHAMPOO,,,1550,0034285699123,BEAUTY SUPPLIES,5,0
1796,EBIN TUBE SLEEK EDGES,,,500,0812429035699,BEAUTY SUPPLIES,20,0
1822,SALE BODY 27,,,5000,,BEAUTY SUPPLIES,-1,0
1847,GOLD GRAB CLIP SM,,,0,,BEAUTY SUPPLIES,0,0
1855,SONIC FACIAL CLEANSER,,,3000,0616513675026,BEAUTY SUPPLIES,1,0
1882,FIT ME MATTIFYING PRIMER,,,1500,0041554584431,BEAUTY SUPPLIES,-4,0
1502,STAINLESS NECK/PENDANT $2000,,,2000,,BEAUTY SUPPLIES,-10,0
1531,EBIN FOAMING LOTION,,,1200,0812429035316,BEAUTY SUPPLIES,0,0
1559,BRUSH CLEANING SPRAY - ROSE,,,0,,BEAUTY SUPPLIES,0,0
1641,la girl lipliner,,,700,0081555655075,BEAUTY SUPPLIES,0,0
1681,TOP,,,0,,BEAUTY SUPPLIES,-19,0
1707,"XPRESSION 84"" #613",,,850,0828179987355,BEAUTY SUPPLIES,-45,0
1717,FRONTAL FC 16'',,,34000,,BEAUTY SUPPLIES,0,0
1744,4X4 BWM WIG 14'',,,25000,,BEAUTY SUPPLIES,0,0
1771,AJ QUENCH LEAVE IN CONDITIONER,,,1550,0034285693121,BEAUTY SUPPLIES,3,0
1797,LOOKS SHAMPOO BRUSH,,,300,0840096921748,BEAUTY SUPPLIES,-107,0
1823,LAFLARE BOND CLEAR,,,600,0840065306293,BEAUTY SUPPLIES,0,0
1848,SILICONE MICRO LINKS,,,900,0695019039624,BEAUTY SUPPLIES,3,0
1856,WHITE BAG,,,5000,,ACCESSORIES,-2,0
1883,"4X4 STRAIGHT BOB 10""",,,18500,,BUNDLES,1,0
1503,STAINLESS NECK/PENDANT $2500,,,2500,,BEAUTY SUPPLIES,-15,0
1532,EBIN FOAM LOTION VOLUME,,,1200,0812429032599,BEAUTY SUPPLIES,0,0
1560,LARGE FLAT SHADER BRUSH,,,0,,BEAUTY SUPPLIES,0,0
1642,"4X4 CLOSURE WIG 18""",,,32500,,BEAUTY SUPPLIES,-5,0
1682,baby sock,,,200,,KIDS,-1,0
1718,FRONTAL FC 18'',,,39000,,BEAUTY SUPPLIES,0,0
1745,4X4 BWM WIG 16'',,,28000,,BUNDLES,0,0
1772,ANNIE DETANGLER BRUSH #2476,,,800,0705372024769,BEAUTY SUPPLIES,4,0
1798,LOOKS EDGE CONTROL RAT TAIL,,,300,0840096923100,BEAUTY SUPPLIES,35,0
1824,LAFLARE WHITE CLEAR,,,600,0810357039246,BEAUTY SUPPLIES,1,0
1849,KISS PRESS ON,,,1200,,BEAUTY SUPPLIES,-14,0
1857,NEW EAR,,,1800,,ACCESSORIES,-1,0
1884,"4X4 STRAIGHT BOB 12""",,,20000,,BUNDLES,3,0
1504,STAINLESS KNOBS $800,,,800,,BEAUTY SUPPLIES,-3,0
1533,AUNT JACKIE DONT SHRINK 15OZ,,,1500,0034285692155,BEAUTY SUPPLIES,10,0
1561,MINI FOUNDATION BRUSH,,,0,,BEAUTY SUPPLIES,0,0
1683,"4x4 CLOSURE WIG 16""",,,27000,,BUNDLES,-3,0
1719,FRONTAL FC 20'',,,46500,,BEAUTY SUPPLIES,0,0
1746,4X4 BWM WIG 18'',,,32500,,BUNDLES,1,0
1773,SQUARE KERCHIEF SCARF,,,1200,0892600122837,BEAUTY SUPPLIES,-64,0
1799,AP SUPER HOLD EDGE,,,1100,0802535439030,BEAUTY SUPPLIES,5,0
1825,CALA CUTICLE NIPPER 50769,,,1200,0616513507693,BEAUTY SUPPLIES,6,0
1858,WIDE BAND BONNET,,,600,0658302220444,BEAUTY SUPPLIES,-3,0
1885,L.A COLOR BROW PENCIL,,,500,,BEAUTY SUPPLIES,-1,0
1886,OKEEFFE'S HEALTHY FEET,,,1200,0722510028007,BEAUTY SUPPLIES,1,0
1914,ESSIE NAIL POLISH,,,800,,BEAUTY SUPPLIES,5,0
1720,FRONTAL FC 22'',,,53500,,BEAUTY SUPPLIES,1,0
1747,DAY AND NIGHT PURPLE,,,800,0705372045900,BEAUTY SUPPLIES,-3,0
1774,DONNA JUMBO PINS #219,,,220,0658302002194,BEAUTY SUPPLIES,3,0
1800,ORS FLEXIBLE HOLDING SPRAY,,,1100,0632169111435,BEAUTY SUPPLIES,3,0
1826,CALA CUTICLE NIPPER,,,1200,0616513509314,BEAUTY SUPPLIES,-7,0
1851,FACIAL MASK,,,500,0100000118757,BEAUTY SUPPLIES,-1,0
1859,COMB SET,,,600,0636227024019,BEAUTY SUPPLIES,4,0
1887,OKEEFFE'S WORKING HANDS,,,1200,0722510029004,BEAUTY SUPPLIES,2,0
1915,Maybelline PRIMER 300,,,1800,0041554431971,BEAUTY SUPPLIES,1,0
1923,CETAPHIL STRESSED SKIN WASH,,,2000,0302990210200,BEAUTY SUPPLIES,1,0
1933,BLING BONNET,,,1200,0842510090177,BEAUTY SUPPLIES,-18,0
1962,"1B/30 BOB 8""",,,18500,,BUNDLES,0,0
1976,SUAVE  DEODORANT 2.6 OZ,,,600,0079400763808,BEAUTY SUPPLIES,1,0
2003,HAWAIIAN SILKYNO DRIP ACTIVATOR,,,1250,0721085200825,BEAUTY SUPPLIES,9,0
1505,STAINLESS KNOB $1500,,,1500,,BEAUTY SUPPLIES,-5,0
1534,FRIZZ BUSTER,,,2100,0011313040058,BEAUTY SUPPLIES,6,0
1562,KABUKI BRUSH DUO,,,0,,BEAUTY SUPPLIES,0,0
1684,"5X5 CLOSURE WIG 22""",,,51000,,BUNDLES,-7,0
1721,FRONTAL BMW 14'',,,32000,,BEAUTY SUPPLIES,0,0
1748,FRONTAL PIXIE CURLY,,,21000,,BEAUTY SUPPLIES,-4,0
1775,LOOKS 40 JUMBO PINS,,,220,0692541939194,BEAUTY SUPPLIES,23,0
1801,OGX COLOR GLAM SHAMPOO,,,1750,0052800675506,BEAUTY SUPPLIES,3,0
1827,HAIR EXTENSION PLIERS,,,1800,0695019039761,BEAUTY SUPPLIES,0,0
1860,ASSORTED EXFOLIATING GLOVES,,,500,,BEAUTY SUPPLIES,-28,0
1888,OKEEFFE'S SKIN REPAIR,,,1200,0722510073014,BEAUTY SUPPLIES,3,0
1916,Maybelline PRIMER 050,,,1800,0041554547429,BEAUTY SUPPLIES,0,0
1924,CLEAN & CLEAR PORE CLEANS,,,1200,0381370033424,BEAUTY SUPPLIES,1,0
1934,umbrella kids,,,1800,,BEAUTY SUPPLIES,-1,0
1506,STAINLESS WORD NECKLACE $1600,,,1600,,BUNDLES,-7,0
1535,EBIN BRAID FORMULA ORI,,,1100,0812429036696,BEAUTY SUPPLIES,2,0
1563,PRECISE CONCEALER BRUSH,,,0,,BUNDLES,0,0
1685,"5X5 HD 20"" WIG",,,50000,,BUNDLES,1,0
1722,FRONTAL BMW 16'',,,34000,,BEAUTY SUPPLIES,0,0
1749,5X5 CLOSURE WIG 20'',,,45000,,BEAUTY SUPPLIES,-4,0
1776,NOIR DRAWSTRING,,,1500,,BEAUTY SUPPLIES,-8,0
1802,OGX COLOR GLAM CONDITIONER,,,1750,0052800675513,BEAUTY SUPPLIES,2,0
1828,CALA CALLUS REMOVER 50710,,,1300,0616513507105,BEAUTY SUPPLIES,2,0
1889,CONIAR SMOOTHING BRUSH,,,3000,0074108377128,BEAUTY SUPPLIES,17,0
1917,BIGEN DARK BROWN,,,900,0033859020042,BEAUTY SUPPLIES,0,0
1925,CLEAN &CLEAR DEEP ACTION CLEANS,,,1200,0381370033615,BEAUTY SUPPLIES,0,0
1507,STAINLESS BRACELET $3500,,,3500,,BEAUTY SUPPLIES,-1,0
1536,EBIN LOCK AND POMADE,,,1100,0812429036726,BEAUTY SUPPLIES,1,0
1564,FLAT DEFINER BRUSH,,,0,,BEAUTY SUPPLIES,0,0
1723,FRONTAL BMW 18'',,,39000,,BEAUTY SUPPLIES,0,0
1750,SHEISBOMB TONING FOAM CARAMEL,,,2700,8600016775774,BEAUTY SUPPLIES,0,0
1777,EBIN MINI WAX STICK,,,550,0812429035644,BEAUTY SUPPLIES,-21,0
1803,OGX COCONUT OIL CONDITIONER,,,1750,0022796901217,BEAUTY SUPPLIES,1,0
1829,CALA CALLUS REMOVER 50706,,,1300,0616513507068,BEAUTY SUPPLIES,0,0
1862,"HUMAN PONYTAIL 26""",,,20000,,BEAUTY SUPPLIES,-3,0
1890,SOFTSOAP COCONUT BUTTER SCRUB,,,1300,0074182473389,BEAUTY SUPPLIES,0,0
1918,BIGEN NATURAL BLACK,,,900,0033859020035,BEAUTY SUPPLIES,1,0
1926,BIORE CLEANSER,,,1300,0019100258648,BEAUTY SUPPLIES,0,0
1935,ADULT GLASS,,,2500,,BEAUTY SUPPLIES,-2,0
1508,STAINLESS HERRINGBONE,,,1800,,BEAUTY SUPPLIES,-2,0
1537,EBIN 24 SLEEK WAX STICK,,,1400,0812429035675,BEAUTY SUPPLIES,-23,0
1565,PRECISION SLANT TWEEZER PINK,,,0,,BEAUTY SUPPLIES,0,0
1724,FRONTAL BMW 20'',,,46500,,BEAUTY SUPPLIES,0,0
1751,SHEISBOMB TONING FOAM CHOCOLATE,,,2700,8600016775606,BEAUTY SUPPLIES,2,0
1778,CUTICLE WOODSTICK LARGE,,,20,0692541930504,BEAUTY SUPPLIES,180,0
1804,OGX MIRACLE OIL SHAMPOO,,,1750,0022796901200,BEAUTY SUPPLIES,1,0
1830,CALA CALLUS REMOVER 50709,,,1300,0616513507099,BEAUTY SUPPLIES,1,0
1863,SUPERSTAY MATTE LIQUID LIPSTICK,,,1600,,BEAUTY SUPPLIES,-15,0
1891,SOFTSOAP LUMINOUS OILS BODY WAS,,,1300,0074182473693,BEAUTY SUPPLIES,0,0
1919,OGX COCONUT OIL,,,1500,0022796901224,BEAUTY SUPPLIES,1,0
1927,BIORE CHARCOAL MASK,,,1200,0019100255012,BEAUTY SUPPLIES,0,0
1936,SM BAG,,,6500,,BEAUTY SUPPLIES,-1,0
1538,VIA TEA TREE OIL,,,350,0746817579314,BEAUTY SUPPLIES,-4,0
1566,PRECISION SLANT TWEEZER BLACK,,,0,,BEAUTY SUPPLIES,0,0
1725,FRONTAL BMW 22'',,,53500,,BUNDLES,1,0
1752,SHINE & JAM SILK EDGES,,,960,0077312411060,BEAUTY SUPPLIES,3,0
1779,ORANGE WOOD STICKS 12PCK,,,160,0840096903218,BEAUTY SUPPLIES,11,0
1805,OGX TEATREE MINT SHAMPOO,,,1750,0022796910141,BEAUTY SUPPLIES,2,0
1831,DIANE CORN CUTTER,,,520,0824703012470,BEAUTY SUPPLIES,1,0
1864,PARTING  PIN TAIL COMB,,,200,0658302073019,BEAUTY SUPPLIES,17,0
1892,GILLETTE ANTIPERSPIRANT,,,1300,0047400097582,BEAUTY SUPPLIES,1,0
1920,NYX DEWY FINISH SETTING SPRAY,,,1500,0800897813727,BEAUTY SUPPLIES,-1,0
1928,GUESS SEDUCTIVE,,,1500,,BEAUTY SUPPLIES,-1,0
1937,L.A COLORS,,,500,0081555309572,BEAUTY SUPPLIES,-3,0
1963,"12"" DEEP WAVE BOB",,,29000,,BUNDLES,32,0
1539,VIA PINK SAPPHIRE,,,950,0746817905441,BEAUTY SUPPLIES,5,0
1569,SMALL FAN BRUSH,,,0,,BEAUTY SUPPLIES,0,0
1753,IC HEAT PROTECTOR SERUM,,,800,0011313030103,BEAUTY SUPPLIES,-12,0
1780,SULFUR8 ORIGINAL 4OZ,,,1350,0075610431100,BEAUTY SUPPLIES,1,0
1806,OGX TEATREE MINT CONDITIONER,,,1750,0022796910158,BEAUTY SUPPLIES,0,0
1832,SASSI NAIL ART BRUSH,,,900,0713836111108,BEAUTY SUPPLIES,5,0
1865,FRONTAL WIG 12'',,,28000,,BEAUTY SUPPLIES,-2,0
1893,HERBAL ESSENCE HELLO HYDRATION,,,2100,0190679005540,BEAUTY SUPPLIES,2,0
1929,BEANS BRACELET,,,1500,,BEAUTY SUPPLIES,0,0
1938,TWIN BLADE RAZOR,,,1000,,BEAUTY SUPPLIES,-6,0
1964,AFRICAN PRIDE GROWTH SHEEN,,,1150,0802535435087,BEAUTY SUPPLIES,0,0
1977,DEGREE MOTION SENSE,,,600,0079400525079,BEAUTY SUPPLIES,0,0
2004,HAWAIIAN SHAMPOO,,,1300,0743690081255,BEAUTY SUPPLIES,8,0
1540,VIA MURANGE,,,950,0746817903843,BEAUTY SUPPLIES,4,0
1570,STUDIO BLACKHEAD REMOVER TOOL,,,0,,BEAUTY SUPPLIES,0,0
1754,TRUE WAVE END PAPERS,,,700,0747036561753,BEAUTY SUPPLIES,2,0
1781,SULFUR8 BRAID SPRAY,,,1200,0075610445107,BEAUTY SUPPLIES,1,0
1807,OGX ARGAN OIL CONDITIONER,,,1750,0022796916129,BEAUTY SUPPLIES,0,0
1833,SASSI BRUSH SET 1113,,,900,0713836111306,BEAUTY SUPPLIES,11,0
1866,DOME CAP SPANDEX,,,600,0843632034438,BEAUTY SUPPLIES,11,0
1894,OGX TEA TREE SCALP TREATMENT,,,1400,0022796610737,BEAUTY SUPPLIES,1,0
1930,BEANS BRACELET,,,1500,,ACCESSORIES,-2,0
1939,BABY TOY,,,2000,,BEAUTY SUPPLIES,-2,0
1965,ECO GEL ARGAN 16OZ,,,700,0748378003154,BEAUTY SUPPLIES,17,0
1978,DEGREE SPORT,,,600,0079400492807,BEAUTY SUPPLIES,2,0
2005,MOSITURIZE SOFTENS BODY OIL,,,1440,0010181041709,BEAUTY SUPPLIES,16,0
1541,EBIN 40Z EDGE TAMER,,,1700,0812429030687,BEAUTY SUPPLIES,0,0
1571,AOA BLOTTING PAPER,,,300,,BEAUTY SUPPLIES,-3,0
1755,RED EDGE LAYING SCARF,,,700,0731509855760,BEAUTY SUPPLIES,7,0
1782,MILANI,,,1200,0717489908528,BEAUTY SUPPLIES,-5,0
1808,OGX ARGAN OIL SHAMPOO,,,1750,0022796900104,BEAUTY SUPPLIES,0,0
1834,LOOKS NAIL BRUSH #8,,,200,0692541931815,BEAUTY SUPPLIES,23,0
1867,HEAD WRAP,,,500,,BEAUTY SUPPLIES,-7,0
1895,RED CARBON FIBER PIN TAIL COMB,,,500,0649674050906,BEAUTY SUPPLIES,-3,0
1940,EXTRA JUMBO HAIR NET ASST COL,,,500,0705372045382,BEAUTY SUPPLIES,12,0
1966,LARGE BONNET,,,800,0842510008271,BEAUTY SUPPLIES,10,0
1979,SECRET SMALL,,,450,0037000620853,BEAUTY SUPPLIES,7,0
2006,PINK OIL MOISTURE HAIR LOTION,,,880,0038276051211,BEAUTY SUPPLIES,9,0
1980,OLD SPICE DEODORANT,,,650,0012044000250,BEAUTY SUPPLIES,0,0
2007,HAWAIIAN SILKY CONDITIONER,,,1300,0743690081262,BEAUTY SUPPLIES,7,0
2032,GOLD SKIN SLIME TUBE CREAM,,,900,6181100324488,BEAUTY SUPPLIES,-3,0
2041,LUX DAY & NIGHT CAP,,,960,0842510070681,BEAUTY SUPPLIES,-5,0
2068,TYCHE HAIR DRYER CHIC,,,5400,,BEAUTY SUPPLIES,0,0
2095,MAYDE BUN AND BANG LUCKY DAY,,,2100,0650270688196,BEAUTY SUPPLIES,1,0
2102,CERAVE MOISTURIZING CREAM 1.89,,,500,3606000537972,BEAUTY SUPPLIES,-3,0
2129,SOFT TOUCH HAIR WAX,,,550,,BEAUTY SUPPLIES,-70,0
2156,HARLEM WIG GOGO FASHION 2 TONE,,,3300,,BEAUTY SUPPLIES,1,0
2161,AP MOISTURIZER KIT,,,1500,0802535466005,BEAUTY SUPPLIES,3,0
2188,MIRROR TV XTRA LARGE Q0705,,,600,,BEAUTY SUPPLIES,0,0
2193,CAROTONE OIL BSC LOTION 50ML,,,950,6182000105184,BEAUTY SUPPLIES,10,0
2221,DUBY WIG SCOTTIE REG,,,4500,,BEAUTY SUPPLIES,-4,0
2248,DEEP CURLY FRONTAL  WIG 14'',,14,25000,,BUNDLES,0,0
1542,EBIN WONDER LACE MEGA HOLD,,,1200,0812429036221,BEAUTY SUPPLIES,1,0
1572,KISS MASCARA,,,750,,BEAUTY SUPPLIES,0,0
1729,13X4 STRAIGHT WIG FRONTAL 16'',,16,34000,,BUNDLES,0,0
1756,ANNIE SALON VENT BRUSH 2251,,,600,0705372022512,BEAUTY SUPPLIES,0,0
1783,"HUMAN PONYTAIL 16""",,,11500,,BUNDLES,-2,0
1809,OGX PURPLE TONING SHAMPOO,,,1750,0052800676916,BEAUTY SUPPLIES,1,0
1835,LOOKS NAIL BRUSH #6,,,700,0713836001454,BEAUTY SUPPLIES,2,0
1868,RED CARBON FIBRE RAT TAIL,,,550,0649674050913,BEAUTY SUPPLIES,4,0
1896,CETAPHIL MOISTURIZING LOTION,,,2000,0302993918141,BEAUTY SUPPLIES,0,0
1941,EXTRA JUMBO HAIR NET BLACK,,,500,0705372045375,BEAUTY SUPPLIES,-2,0
1967,QFITT MESH DOME STYLE CAP,,,700,0842510051130,BEAUTY SUPPLIES,4,0
1981,DOVE SPRAY SANDAL WOOD,,,600,8710908554094,BEAUTY SUPPLIES,2,0
2008,WONDER GRO JBC,,,800,0743690086236,BEAUTY SUPPLIES,0,0
1730,13X4 STRAIGHT WIG FRONTAL 20'',,20,46500,,BUNDLES,-1,0
1757,EBIN ADHESIVE SPRAY GOLD,,,750,0812429037389,BEAUTY SUPPLIES,-4,0
1784,SANTEE NAIL  POLISH,,,350,,BEAUTY SUPPLIES,-18,0
1810,GARNIER CURL REFRESHER,,,1450,0603084071340,BEAUTY SUPPLIES,0,0
1836,LOOKS NAIL BRUSH 3185,,,200,0692541931853,BEAUTY SUPPLIES,12,0
1869,KIDS BLING BONNET,,,1100,0842510090115,BEAUTY SUPPLIES,0,0
1897,CETAPHIL DAILY FACIAL 35 SPF,,,3000,,BEAUTY SUPPLIES,0,0
1942,THICK FISH NET,,,300,0636227492351,BEAUTY SUPPLIES,-8,0
1968,SOFT BOAR BRUSH,,,600,0731509681895,BEAUTY SUPPLIES,0,0
1982,SALON PRO HAIR FOOD,,,700,0746817581188,BEAUTY SUPPLIES,1,0
2009,WONDER GRO COCONUT OIL,,,800,0743690086229,BEAUTY SUPPLIES,4,0
2033,GOLD SKIN ARGAN OIL,,,750,,BEAUTY SUPPLIES,0,0
2042,IBD NAIL GLUE,,,400,70039013510021,BEAUTY SUPPLIES,10,0
2069,MAGIC RUBBER BAND COLOURED,,,300,,BEAUTY SUPPLIES,-1,0
2096,NAIROBI MOUSSE,,,1950,,BEAUTY SUPPLIES,0,0
1731,13X4  FRONTAL WIG 22,,22,53500,,BUNDLES,-4,0
1758,CREME OF NAT EDGE D/BROWN,,,1200,0075724475069,BEAUTY SUPPLIES,4,0
1785,FASHION EAR RING,,,1800,,BEAUTY SUPPLIES,-3,0
1811,GARNIER CURL SHAPE,,,950,0603084260225,BEAUTY SUPPLIES,0,0
1837,LOOKS NAIL BRUSH 3190,,,200,0692541931907,BEAUTY SUPPLIES,-1,0
1870,QFITT GOLD CAP,,,160,,BEAUTY SUPPLIES,11,0
1898,CETAPHIL GENTLE CLEANSING BAR,,,1200,,BEAUTY SUPPLIES,0,0
1943,SMALL GRAB CLIP,,,300,,BEAUTY SUPPLIES,-8,0
1969,SMALL GOLD GRAB CLIP,,,300,,BEAUTY SUPPLIES,8,0
1983,S CURL ACTIVATOR,,,900,0038276090111,BEAUTY SUPPLIES,0,0
2010,ISOPLUS NEUTRA SHAMPOO 16OZ,,,670,0021306210566,BEAUTY SUPPLIES,7,0
2034,GOLD SKIN SLIME OIL,,,750,,BEAUTY SUPPLIES,0,0
2043,IC HEAT PROTECTANT SPRAY,,,2100,0011313030202,BEAUTY SUPPLIES,11,0
2070,MOTIONS NEUTRAL SHAMPOO 32OZ,,,2100,0802535335325,BEAUTY SUPPLIES,3,0
2097,MOTIONS 16OZ CONDITIONER,,,1650,0802535333161,BEAUTY SUPPLIES,3,0
1732,13X4 STRAIGHT WIG FRONTAL 18'',,18,39000,,BUNDLES,4,0
1759,CREME OF NAT EDGE BLACK,,,1200,0075724397651,BEAUTY SUPPLIES,3,0
1786,GRAB                       CLIP,,,600,0892600140046,BEAUTY SUPPLIES,-133,0
1812,GARMIER CURL MULTIFUSE OIL,,,1400,0603084071357,BEAUTY SUPPLIES,0,0
1838,LOOKS NAIL BRUSH 3184,,,200,0692541931846,BEAUTY SUPPLIES,8,0
1871,QFITT SILVER CAP,,,160,0842510001913,BEAUTY SUPPLIES,3,0
1899,CETAPHIL GENTLE CLEANSER,,,2000,0302990110265,BEAUTY SUPPLIES,0,0
1944,Deep Curly Bundles,,34,18500,,BUNDLES,0,0
1970,LOOKS WIG CLIP,,,200,0692541932799,BEAUTY SUPPLIES,-3,0
1984,GOT2B FREEZE SPRAY 2OZ,,,720,0017000300450,BEAUTY SUPPLIES,2,0
2011,ISOPLUS NEUTRALIZING SHAMPOO8OZ,,,450,0021306210290,BEAUTY SUPPLIES,1,0
2035,GIRLS SWIMWEAR,,,3500,,BEAUTY SUPPLIES,-19,0
2044,EBIN LACE GLUE EXTREME MEGA,,,1050,0812429038218,BEAUTY SUPPLIES,-1,0
2071,MOTIONS NEUTRAL SHAMP 16OZ,,,1650,0802535335165,BEAUTY SUPPLIES,3,0
1733,4X4 JOY CURLY WIG 14'',,,25000,,BEAUTY SUPPLIES,0,0
1760,AJ IN CONTROL SOFTENING CONDITI,,,1450,0034285697150,BEAUTY SUPPLIES,0,0
1787,LA GIRL MATTE FOUNDATION,,,1000,0081555966829,BEAUTY SUPPLIES,-15,0
1813,RED DETANGLER DRYER,,,5200,0731509670769,BEAUTY SUPPLIES,3,0
1839,LOOKS NAIL BRUSH 3181,,,200,,BEAUTY SUPPLIES,24,0
1872,SATIN BRAID BONNET,,,650,0843632051800,BEAUTY SUPPLIES,0,0
1900,CETAPHIL DAILY FACIAL CLEANSER,,,2000,0302993927082,BEAUTY SUPPLIES,1,0
1945,DEEP WAVE Bundles,,34,18500,,BUNDLES,11,0
1971,QFITT SPRING WIG CLIPS,,,200,0842510011011,BEAUTY SUPPLIES,-4,0
1985,AMBI COMPLEXION BAR,,,600,0850004234082,BEAUTY SUPPLIES,4,0
2012,ORIGINALS OLIVE OIL 2PACK REG,,,2000,0034285246013,BEAUTY SUPPLIES,1,0
2036,GIRLS SWI,,,3300,,KIDS,0,0
2045,EBIN LACE GLUE EXTR FIRM,,,1050,0812429038225,BEAUTY SUPPLIES,-1,0
2072,MOTIONS MOIST PLUS CONDITIONER,,,900,0087300600123,BEAUTY SUPPLIES,6,0
2098,EBIN BOND EXTREME 2.7OZ,,,900,0812429037082,BEAUTY SUPPLIES,-177,0
1734,4X4 JOY CURLY WIG 16'',,,28000,,BEAUTY SUPPLIES,1,0
1761,ORS DEEP TREATMENT CONDITIONER,,,1760,0632169210176,BEAUTY SUPPLIES,2,0
1788,"TYCHE TITANIUM FLAT IRON 1.5""",,,6000,0607203030270,BEAUTY SUPPLIES,-1,0
1814,LOOKS BRAIDING RACK,,60,4000,0840096902464,BEAUTY SUPPLIES,1,0
1840,SASSI BRUSH STORY #8,,,700,0713836001461,BEAUTY SUPPLIES,4,0
1873,DREAM MESH DOME CAP,,,600,0843632041795,BEAUTY SUPPLIES,1,0
1902,CETAPHIL NEW DAILY CLEANSER,,,2000,0302993927358,BEAUTY SUPPLIES,0,0
1946,BODY WAVE Bundles,,36,19500,,BUNDLES,2,0
1972,ANNIE ASSORT RUBBER BAND,,,200,0705372031507,BEAUTY SUPPLIES,4,0
1986,SALON PRO SHEA BUTTER HAIR FOOD,,,700,0746817581225,BEAUTY SUPPLIES,3,0
2013,VO5 NORMAL CONDITONER,,,400,0816559012056,BEAUTY SUPPLIES,2,0
2046,MOTIONS NO LYE RELAXER SUPER,,,1650,0802535340008,BEAUTY SUPPLIES,4,0
2073,MOTIONS LAVISH CONDITIONER,,,900,0087300600024,BEAUTY SUPPLIES,5,0
2099,RED TWIST SPONGE,,,600,0731509854930,BEAUTY SUPPLIES,0,0
1735,4X4 STRAIGHT WIG 14'',,,25000,,BUNDLES,-3,0
1762,CHI SILK INFUSION,,,3500,0633911630891,BEAUTY SUPPLIES,4,0
1789,TYCHE GOLD PRESSING COMB,,,4800,0607203032885,BEAUTY SUPPLIES,0,0
1815,TW CLEAN N CURLY SHAMPOO,,,1450,0815680006163,BEAUTY SUPPLIES,2,0
1841,LOOKS NAIL BRUSH 3180,,,200,0692541931808,BEAUTY SUPPLIES,12,0
1874,QFITT MESH WEAVING NET,,,600,0842510005027,BEAUTY SUPPLIES,0,0
1903,CETAPHIL DERMA CONTROL,,,2500,0302993931188,BEAUTY SUPPLIES,0,0
1947,BODY WAVE BUNDLES,,32,17500,,BUNDLES,2,0
1973,POCKET HAIR BRUSH,,,100,0671331018134,BEAUTY SUPPLIES,7,0
1987,AP HEAT PROTECT SPRAY,,,1100,0802535487048,BEAUTY SUPPLIES,5,0
2014,V05 AVOCADO SHAMPOO,,,400,0816559016757,BEAUTY SUPPLIES,-2,0
2047,EBIN ADHESIVE SPRAY SUPREME 6OZ,,,1400,0812429037099,BEAUTY SUPPLIES,27,0
2074,MOTIONS LEAVE IN DETANGLER,,,1200,0802535334120,BEAUTY SUPPLIES,2,0
1910,CERAVE FOAMING CLEANSING BAR,,,1100,3606000559554,BEAUTY SUPPLIES,-4,0
1948,Body Wave Bundles,,34,18500,,BUNDLES,4,0
1988,AFRICAN SEALING OIL,,,1100,0802535710504,BEAUTY SUPPLIES,12,0
2015,VO5 AVOCADO CREAM CONDITIONER,,,400,0816559016764,BEAUTY SUPPLIES,1,0
2048,NADINOLA SKIN CREAM DRY,,,1650,0075610253108,BEAUTY SUPPLIES,0,0
2075,MOTIONS LAVISH SHAMPOO,,,1650,0802535332164,BEAUTY SUPPLIES,5,0
2103,KIDS SLIDES,,,3900,,KIDS,-3,0
2130,BODY PIERCING,,,500,,BEAUTY SUPPLIES,-7,0
2157,OUTRE WIG DUBY AMORA REG,,,6000,,BEAUTY SUPPLIES,0,0
2162,LUSTERS PINK KIT REG,,,1200,0038276005771,BEAUTY SUPPLIES,1,0
2189,DERBY RAZOR,,,200,0899344001459,BEAUTY SUPPLIES,12,0
2194,VASELINE COCOA RADIANT,,,1100,0305210134423,BEAUTY SUPPLIES,-6,0
2222,SMALL BOW,,,150,,BEAUTY SUPPLIES,-21,0
2249,DEEP CURLY FRONTAL  WIG 24'',,24,49000,,BUNDLES,1,0
2275,RED EZ GLIDE DETANGLE BRUSH,,,1200,0731509859010,BEAUTY SUPPLIES,10,0
1957,OPTIMUM RELAXER SUPER,,,1950,0075285204832,BEAUTY SUPPLIES,0,0
1989,TRESEMME HEAT TAMER,,,800,0022400623924,BEAUTY SUPPLIES,0,0
2016,VO5 EXTRA BODY CONDITIONER,,,400,0816559012858,BEAUTY SUPPLIES,1,0
2049,NADINOLA SKIN CREAM EXTR STRENG,,,1650,0075610266108,BEAUTY SUPPLIES,0,0
2076,BIGEN BLACK BROWN,,,900,0033859905585,BEAUTY SUPPLIES,1,0
2104,KIDS SLIDES,,,3300,,KIDS,-4,0
2131,HARLEM H-29  1B,,,3200,0896586150341,BEAUTY SUPPLIES,0,0
2158,MAYDE WIG TAY,,,4500,,BEAUTY SUPPLIES,0,0
2163,LUSTERS PINK OIL MOIS 8OZ,,,880,0038276005061,BEAUTY SUPPLIES,10,0
2190,SALON PRO WHITE GLUE,,,300,0746817073065,BEAUTY SUPPLIES,8,0
2195,SULFUR 8 KIDS SCALP COND,,,1050,0075610452105,BEAUTY SUPPLIES,10,0
2223,5X5 BODY WAVE CLOSURE,,16,12000,,BUNDLES,0,0
2250,DEEP CURLY FRONTAL  WIG 26'',,26,54000,,BUNDLES,1,0
2276,LOOKS DETANGLING BRUSH,,,900,0840096922608,BEAUTY SUPPLIES,3,0
2301,JUST FOR ME EDGE CREME,,,1200,0802535369061,BEAUTY SUPPLIES,3,0
1911,CON STRENGTH LEAVE IN COND,,,1100,0075724252004,BEAUTY SUPPLIES,6,0
1949,ASHLEY LIP REMEDIES,,,450,0840096940190,BEAUTY SUPPLIES,32,0
1990,NAIR- SOOTHING ALOE,,,1200,0022600223290,BEAUTY SUPPLIES,10,0
2017,VOS EXTRA BODY SHAMPOO,,,400,0816559012865,BEAUTY SUPPLIES,1,0
2050,NADINOLA SKIN CREAM OILY,,,1650,0075610263107,BEAUTY SUPPLIES,3,0
2077,MOTIONS FOAM STYLING LOTION,,,1200,0802535324084,BEAUTY SUPPLIES,2,0
2105,KIDS SHOES,,,0,,KIDS,-51,0
2132,HARLEM H-29 #1,,,3200,0896586150334,BEAUTY SUPPLIES,0,0
2159,ORS OLIVE OIL KIT TOUCH UP,,,1200,0632169110919,BEAUTY SUPPLIES,3,0
2164,HIGH BEAMS SPRAY BLACK,,,1100,0034044123029,BEAUTY SUPPLIES,1,0
2191,WALKERS TAPE LACE FRONT TAPE,,,1200,,BEAUTY SUPPLIES,0,0
2196,DEGREE SHEER POWDER,,,600,0079400251800,BEAUTY SUPPLIES,3,0
2224,5X5 BODY WAVE CLOSURE,,18,12500,,BUNDLES,0,0
2251,DEEP CURLY FRONTAL  WIG 28'',,28,60000,,BUNDLES,1,0
2277,RED HARD WAVE BRUSH BOR06,,,700,0731509681819,BEAUTY SUPPLIES,0,0
1912,CAMILLE ROSE ULT STRENGTH SERUM,,,3000,0851557003040,BEAUTY SUPPLIES,4,0
1950,DEEP CURLY BUNDLES,,32,17500,,BUNDLES,7,0
1991,DOVE MEN DEODORANT,,,700,0079400466723,BEAUTY SUPPLIES,-2,0
2018,VO5 NORMAL SHAMPOO,,,400,0816559012926,BEAUTY SUPPLIES,4,0
2051,LADY BUMP STOPPER,,,1380,0043429070704,BEAUTY SUPPLIES,5,0
2078,MOTIONS OIL SHEEN SPRAY,,,1250,0802535321113,BEAUTY SUPPLIES,1,0
2106,KIDS DRESS,,,3000,,KIDS,-25,0
2133,HARLEM H-29 #613,,,3800,0896586150419,BEAUTY SUPPLIES,3,0
2160,LUSTERS PINK RELAXER KIT SUPER,,,1200,0038276005788,BEAUTY SUPPLIES,4,0
2165,ORS OLIVE OIL THERAPY,,,1800,0632169210145,BEAUTY SUPPLIES,2,0
2192,SIMPLE MICELLAR CLEANSING WATER,,,900,8712561669825,BEAUTY SUPPLIES,0,0
2197,DEGREE SHOWER CLEAN,,,600,0079400251909,BEAUTY SUPPLIES,2,0
2225,5X5 STRAIGHT CLOSURE,,16,12000,,BEAUTY SUPPLIES,5,0
2252,DEEP CURLY FRONTAL  WIG 30'',,30,63000,,BUNDLES,2,0
2278,CALA MENS GROOMING BRUSH,,,900,0616513661210,BEAUTY SUPPLIES,-1,0
1913,BLACK RAD PALETTE LIGHT TO MED,,,1850,0077802646125,BEAUTY SUPPLIES,0,0
1951,DEEP CURLY BUNDLES,,36,19500,,BUNDLES,5,0
1992,SKIN SUCCESS SOAP,,,600,0010181073809,BEAUTY SUPPLIES,-1,0
2019,DANDRUFF EEZE SHAMPOO,,,1120,0734503108016,BEAUTY SUPPLIES,12,0
2052,ASSORTED HEADBAND,,,300,,BEAUTY SUPPLIES,67,0
2079,MAYDE PONYTAIL JAMAICAN DOLL,,,2400,,BEAUTY SUPPLIES,0,0
2107,KIDS SKIRT,,,1950,,KIDS,-8,0
2134,"3X SPRING TWIST 8"" T1B30",,,2300,0828179172898,BEAUTY SUPPLIES,-1,0
2166,VIA LIVING COLOR,,,500,0746817912821,BEAUTY SUPPLIES,1,0
2198,SECRET SHOWER FRESH,,,600,0037000123453,BEAUTY SUPPLIES,3,0
2226,5X5 STRAIGHT CLOSURE,,18,12500,,BUNDLES,4,0
2253,"STRAIGHT FRONTAL WIG 28""",,28,60000,,BUNDLES,1,0
2279,LA GIRL MINERAL PRESSED POWDER,,,600,0081555793845,BEAUTY SUPPLIES,0,0
2302,JUST FOR ME TOUCH UP RELAXER,,,700,0802535372030,BEAUTY SUPPLIES,2,0
2322,DOO GRO MEGA THICK LEAVE IN STR,,,1800,0649010751122,BEAUTY SUPPLIES,1,0
1875,WIRE TEASING WIG BRUSH,,,480,0636227024255,BEAUTY SUPPLIES,8,0
1904,CERAVE MOISTURIZING CREAM,,,2500,3606000534759,BEAUTY SUPPLIES,-3,0
1952,DEEP WAVE BUNDLES,,32,17500,,BUNDLES,4,0
1993,PEAR SOAP,,,270,0856097008579,BEAUTY SUPPLIES,0,0
2020,CREME OF OF NATURE CONDITONER,,,1100,0075724252028,BEAUTY SUPPLIES,9,0
2053,VELCRO SILKY EDGE,,,600,,BEAUTY SUPPLIES,44,0
2080,MAYDE PONY LUSH DOLLIES,,,3600,,BEAUTY SUPPLIES,0,0
2108,5 SEC NAIL GLUE,,,400,0039013510022,BEAUTY SUPPLIES,14,0
2135,"GHANA 3X SPRING TWIST 8"" T1B27",,,2300,0828179172881,BEAUTY SUPPLIES,0,0
2167,EBIN TINTED LACE MOUSSE  LWB,,,1400,0812429038652,BEAUTY SUPPLIES,22,0
2199,DEGREE SHOWER CLEAN SM,,,450,0079400251602,BEAUTY SUPPLIES,6,0
2227,5X5 STRAIGHT CLOSURE 20,,20,13500,,BEAUTY SUPPLIES,2,0
2254,"STRAIGHT FRONTAL WIG 30""",,30,63000,,BUNDLES,1,0
2280,OUTRE WIG DUBY SAYRA,,,5700,,BEAUTY SUPPLIES,0,0
1876,CALA DUAL  FOOT FILE,,,1050,0616513506917,BEAUTY SUPPLIES,-1,0
1905,CERAVE TONER,,,2500,3606000593794,BEAUTY SUPPLIES,0,0
1953,TODDLER TANKS,,,1500,0761253123129,KIDS,1,0
1994,DOVE SPRAY CUCUMBER,,,600,8717163964965,BEAUTY SUPPLIES,1,0
2021,CREME OF NATURE HAIR LOTION 8.5,,,1100,0075724252011,BEAUTY SUPPLIES,4,0
2054,SHEA BUTTER 16OZ,,,2000,0850546001289,BEAUTY SUPPLIES,2,0
2081,"MAYDE PONY CRIMP DOLL 30""",,,3000,,BEAUTY SUPPLIES,0,0
2109,XTREME BRITE GEL,,,1800,0877418000812,BEAUTY SUPPLIES,2,0
2136,"GHANA 3X SPRING TWIST 8"" 2",,,2300,0828179172867,BEAUTY SUPPLIES,1,0
2168,EBIN TINTED LACE MOUSSE  MB,,,1400,0812429038669,BEAUTY SUPPLIES,19,0
2200,DEGREE SHEER POWDER SM,,,450,0079400251503,BEAUTY SUPPLIES,4,0
2228,5X5 BODY WAVE CLOSURE,,20,13500,,BUNDLES,0,0
2255,"STRAIGHT FRONTAL WIG 26""",,26,54000,,BUNDLES,2,0
2281,SUPERNAIL PURE ACETONE,,,1100,0073930314752,BEAUTY SUPPLIES,0,0
2303,BOTANICAL TEXTURIZER KIT,,,1500,0802535855014,BEAUTY SUPPLIES,1,0
1877,CALA PUMICE STONE,,,400,0616513702364,BEAUTY SUPPLIES,2,0
1906,CERAVE AM MOISTURIZING LOTION,,,3200,,BEAUTY SUPPLIES,2,0
1954,WIG BAND,,,500,0842510050515,BEAUTY SUPPLIES,12,0
1995,DOVE SPRAY POMEGRANATE,,,700,8711600786226,BEAUTY SUPPLIES,12,0
2022,CARO WHITE JAR MEDIUM,,,1200,6181100530056,BEAUTY SUPPLIES,0,0
2055,EBIN MOUSSE STRENGHT AND SHINE,,,1200,0812429037273,BEAUTY SUPPLIES,5,0
2082,"MAYDE PONY CRIMP DOLL 24""",,,2700,,BEAUTY SUPPLIES,0,0
2110,D NEE GOAT MILK SOAP,,,1200,8859288001054,BEAUTY SUPPLIES,0,0
2137,"SPRINGY AFRO TWIST 16"" #1",,,1950,0827298830153,BEAUTY SUPPLIES,-1,0
2169,EBIN TINTED LACE MOUSSE DB,,,1400,0812429038676,BEAUTY SUPPLIES,11,0
2201,PALMERS LOTION,,,1450,0010181041655,BEAUTY SUPPLIES,11,0
2229,5X5 DEEP WAVE CLOSURE,,16,12000,,BUNDLES,6,0
2256,STRIGHT FRONTAL WIG 8'',,8,0,,BUNDLES,2,0
2282,MAYDE WIG CARMEN,,,4500,0650270699161,BEAUTY SUPPLIES,0,0
1878,ARDELL KNOT FREE NATS,,,750,0074764650542,BEAUTY SUPPLIES,4,0
1907,CERAVE PM FACIAL MOISTUR,,,3200,3606000537453,BEAUTY SUPPLIES,0,0
1955,hand bag,,,4000,,BEAUTY SUPPLIES,-5,0
1996,DOVE SPRAY INVISIBLE DRY,,,600,8711600532397,BEAUTY SUPPLIES,0,0
2023,GOLD SKIN ARGAN LOTION 450 ML,,,1800,6181100325287,BEAUTY SUPPLIES,2,0
2056,EBIN MOUSSE MOIST AND SHINE,,,1200,0812429037266,BEAUTY SUPPLIES,0,0
2083,MAYDE PONY SPICY DOLL,,,2700,,BEAUTY SUPPLIES,0,0
2111,XTREME BRITE ACNE SPOT REMOVER,,,1800,0877418000843,BEAUTY SUPPLIES,11,0
2138,"SPRINGY AFRO TWIST 16"" #1B",,,1950,0827298830160,BEAUTY SUPPLIES,2,0
2170,ACNE GONE SOAP,,,1100,0689985001600,BEAUTY SUPPLIES,0,0
2202,BLUE MAGIC INDIAN HEMP,,,550,0075610167108,BEAUTY SUPPLIES,0,0
2230,5X5 DEEP WAVE CLOSURE,,18,12500,,BUNDLES,2,0
2257,"613 BLONDE FRONTAL WIG 8""",,8,31000,,BUNDLES,0,0
2283,LAUDE WIG GINA,,,7800,0768538794272,BEAUTY SUPPLIES,0,0
2304,SHORTLOOKS COLOUR RELAXER 3IN1,,,1700,0038276005917,BEAUTY SUPPLIES,2,0
1956,"BLUNT CLOSURE BOB  8""",,,17000,,BEAUTY SUPPLIES,0,0
1997,CAROTONE JAR SMALL,,,900,6182000100486,BEAUTY SUPPLIES,4,0
2024,GOLD SKIN SLIME LOTION 450 ML,,,1800,6181100325294,BEAUTY SUPPLIES,2,0
2057,EBIN MOUSSE SMOOTH AND SHINE,,,1200,0812429037259,BEAUTY SUPPLIES,1,0
2084,JANET NOIR CITRON PONY,,,2700,,BEAUTY SUPPLIES,0,0
2112,PERFECTING BRITE PEELING SOAP,,,1800,0877418000461,BEAUTY SUPPLIES,5,0
2139,VANISH PFB,,,3000,0892717001100,BEAUTY SUPPLIES,1,0
2171,ACNE GONE TOPICAL SOLUTION,,,1800,0689985001617,BEAUTY SUPPLIES,0,0
2203,BLUE MAGIC HAIR DRESS,,,550,0075610157109,BEAUTY SUPPLIES,3,0
2231,5X5 DEEP WAVE CLOSURE,,20,13500,,BUNDLES,-1,0
2258,SANITEK BRAIDING RACK 120,,,6900,0840065309898,BEAUTY SUPPLIES,2,0
2284,JANET WIG MYBELLE INDRIA,,,4200,0884593296244,BEAUTY SUPPLIES,0,0
2305,MAGIC TATTOO EYELINER PEN,,,700,0636227241096,BEAUTY SUPPLIES,2,0
2323,DOO GRO MEGA THICK,,,1500,0649010751559,BEAUTY SUPPLIES,0,0
2340,SHE ASSORTED LIP BALM,,,300,0673869674059,BEAUTY SUPPLIES,0,0
1998,HALODERM,,,660,,BEAUTY SUPPLIES,6,0
2025,PALMERS SKIN THERAPY,,,1800,0010181140082,BEAUTY SUPPLIES,6,0
2058,HH CERAMIC DRYER 2000,,,4500,0705372058559,BEAUTY SUPPLIES,-1,0
2085,BOBBI BOSS WIG VELVET 2T BOSS L,,,9000,,BEAUTY SUPPLIES,2,0
2113,GLUTA COLLAGEN SOAP,,,1100,8859288000989,BEAUTY SUPPLIES,1,0
2140,ESHA WAND GLUE,,,1200,0884593295155,BEAUTY SUPPLIES,14,0
2172,ANNIE SLIDE IN CLIPS,,,300,0705372031712,BEAUTY SUPPLIES,0,0
2204,BLUE MAGIC CASTOR OIL,,,550,0075610168105,BEAUTY SUPPLIES,0,0
2259,MAGIC BRAIDER BAND,,,1200,0636227205012,BEAUTY SUPPLIES,0,0
2285,OUTRE WIGPOP TROY,,,4200,0827298914983,BEAUTY SUPPLIES,-1,0
2306,MAGIC EYEBROW GEL,,,900,0636227242154,BEAUTY SUPPLIES,16,0
2324,ARDELL LASHES DOUBLE UP,,,750,0074764614841,BEAUTY SUPPLIES,-9,0
2341,LA GIRL HD EYESHADOW PRIMER,,,350,0081555961978,BEAUTY SUPPLIES,8,0
2357,BELLEZZA,,,6000,,BEAUTY SUPPLIES,-1,0
1999,KOJIC CLEAR CREME,,,1350,,BEAUTY SUPPLIES,0,0
2026,ORIGINALS TWIN PACK SUPER,,,2000,0034285247010,BEAUTY SUPPLIES,3,0
2059,HH DIGITAL PRESS COMB,,,4500,0705372059679,BEAUTY SUPPLIES,0,0
2086,BOBBI BOSS MELODY,,,4500,,BEAUTY SUPPLIES,-13,0
2114,LA COLOURS BROW PENCIL,,,600,0081555663476,BEAUTY SUPPLIES,0,0
2141,ESHA LACE WIG GLUE 30ML,,,2900,0884593232099,BEAUTY SUPPLIES,1,0
2173,AB T-PINS,,,200,0717224000227,BEAUTY SUPPLIES,3,0
2205,OLIVE OIL NEUTRALIZING SHAMPOO,,,600,8014282005402,BEAUTY SUPPLIES,6,0
2233,"TAPE-INS 18"" 50 GRAMS",,18,11000,,BUNDLES,10,0
2260,ORS BLACK WAX EDGE FILLER,,,1200,0632169121793,BEAUTY SUPPLIES,0,0
2286,MAYDE WIG STEFANIA,,,5100,,BEAUTY SUPPLIES,1,0
2307,PRONAIL PURE ACETONE,,,1500,0755439017159,BEAUTY SUPPLIES,6,0
2325,ARDELL LASHES TRIPLE UP,,,900,0074764664976,BEAUTY SUPPLIES,-3,0
2342,CELEBRITY MANNEQUIN HOLDER,,,1500,0087768003269,BEAUTY SUPPLIES,2,0
2000,KOJIC BODY OIL SMALL,,,1500,0651648184012,BEAUTY SUPPLIES,7,0
2027,HAWAIIAN SILK TOUCH UP SUPER,,,250,0743690080449,BEAUTY SUPPLIES,30,0
2060,HOTBEAUTY PRESS COMB CURVED,,,2700,0649674050807,BEAUTY SUPPLIES,0,0
2087,BOBBI BOSS VELVET REG,,,6900,,BEAUTY SUPPLIES,0,0
2115,JAMES CAMATO 6X,,,2700,,KIDS,-1,0
2142,MAYBELLINE MASTER CHROME,,,1800,0041554538281,BEAUTY SUPPLIES,-2,0
2174,EBIN HOLDING GEL 1.25OZ EXTRA M,,,480,0812429035910,BEAUTY SUPPLIES,-3,0
2206,OLIVE OIL GROWTH OIL TREATMENT,,,850,,BEAUTY SUPPLIES,10,0
2234,"TAPE-INS 20"" 50 GRAMS",,20,12500,,BUNDLES,5,0
2261,AP STRENGTHENING TREATMENT,,,1150,0802535453531,BEAUTY SUPPLIES,1,0
2287,MAYDE WIG PAULIE,,,6500,0650270680114,BEAUTY SUPPLIES,0,0
2308,EBIN LACE WIG GLUE 1OZ SUPREME,,,2600,0812429036245,BEAUTY SUPPLIES,3,0
2326,ARDELL LONG DOUBLE,,,750,0074764303103,BEAUTY SUPPLIES,3,0
2343,LOOKS MANNEQUIN HOLDER,,,1500,0692542000039,BEAUTY SUPPLIES,1,0
2061,DIANE COTTON BALLS,,,450,,BEAUTY SUPPLIES,4,0
2088,"BEYOND WIG CRIMP 12""",,,6000,0806993560169,BEAUTY SUPPLIES,0,0
2116,BIG BOW,,,250,,KIDS,-25,0
2143,"5X5 TRANSPARENT CLOSURE 20""",,20,19000,,BUNDLES,-2,0
2175,EBIN HOLDING GEL RED 1.25OZ,,,600,0812429035934,BEAUTY SUPPLIES,-2,0
2207,DIFEEL HOT OIL TREATMENT,,,350,0711716071429,BEAUTY SUPPLIES,3,0
2235,"TAPE-INS 22"" 50 GRAMS",,22,14500,,BUNDLES,2,0
2262,ORS WAX STICK  STYLER,,,1500,0632169121823,BEAUTY SUPPLIES,0,0
2288,MY TRESSES WIG,,,6400,0827298924319,BEAUTY SUPPLIES,0,0
2309,BEAUTIFUL COLLECT DARK BROWN,,,1100,0070018101792,BEAUTY SUPPLIES,0,0
2327,OKAY BJ CASTOR & COCO,,,450,0815166025251,BEAUTY SUPPLIES,1,0
2344,ANNIE ELASTIC WIG BAND,,,600,0705372034461,BEAUTY SUPPLIES,0,0
2358,"TAPE-INS 12"" 50 GRAMS",,12,6000,,BUNDLES,0,0
2371,AB DUCK BILL CLIPS,,,330,0719060000003,BEAUTY SUPPLIES,-2,0
2062,SPRAY BOTTLE 16OZ,,,400,0840096920840,BEAUTY SUPPLIES,2,0
2089,"BEYOND WIG CRIMP 14""",,,6300,0806993559255,BEAUTY SUPPLIES,0,0
2117,KIDS SUNGLASSES,,,1200,,BEAUTY SUPPLIES,-2,0
2144,DE LUXE NADINOLA,,,900,,BEAUTY SUPPLIES,-1,0
2176,EBIN HOLDING GEL 1.25 BLK,,,600,0812429038256,BEAUTY SUPPLIES,8,0
2208,SECRET SHEER CLEAN,,,600,0037000123354,BEAUTY SUPPLIES,7,0
2236,"TAPE-INS 24"" 50 GRAMS",,24,16500,,BUNDLES,0,0
2263,IC HEAT SPRAY 2OZ,,,1100,0011313030219,BEAUTY SUPPLIES,0,0
2289,JANET HD LACE SPICE,,,8100,0884593293557,BEAUTY SUPPLIES,0,0
2310,BEAUTIFUL COLL BLACK,,,1100,0070018101815,BEAUTY SUPPLIES,3,0
2328,DREAM SHOWE CAP,,,450,0843632021711,BEAUTY SUPPLIES,1,0
2345,LAFLARE NEX PRESS ON NAILS,,,1200,0840065314564,BEAUTY SUPPLIES,-6,0
2359,"TAPE-INS 14"" 50 GRAMS",,14,7000,,BUNDLES,0,0
2372,AB DREADLOCKS HOOK,,,750,0721056001369,BEAUTY SUPPLIES,9,0
2063,ULTRA SHEER PANTY HOSE,,,300,,BEAUTY SUPPLIES,31,0
2090,HARLEM WIG GOGO HD,,,6000,0655302347867,BEAUTY SUPPLIES,2,0
2118,SUNGLASSES,,,1500,,BEAUTY SUPPLIES,-6,0
2145,VAGINAL CARE FEMINAL WASH,,,850,0653233999568,BEAUTY SUPPLIES,2,0
2177,CALA COSMETIC WEDGES 16PCS,,,500,0616513709264,BEAUTY SUPPLIES,4,0
2209,SECRET  POWDER FRESH SMALL,,,450,0037000124429,BEAUTY SUPPLIES,1,0
2237,"613 BLONDE FRONTAL WIG 28""",,28,79000,,BUNDLES,-1,0
2264,AP BRAID SHEEN SPRAY,,,1200,0802535438125,BEAUTY SUPPLIES,0,0
2290,OUTRE WIG HAYDEN,,,8100,0827298930495,BEAUTY SUPPLIES,0,0
2311,LA GIRL GEL LINER,,,600,0081555227227,BEAUTY SUPPLIES,12,0
2329,HOTBEAUTY MINI CERAMIC FLAT IRO,,,2400,0731509730517,BEAUTY SUPPLIES,2,0
2346,HOT & COLD EYE PADS WATERMELON,,,650,0616513691637,BEAUTY SUPPLIES,0,0
2360,"TAPE-INS 16"" 50 GRAMS",,16,8500,,BUNDLES,1,0
2373,BIGEN CREME DEVELOPER  20 4OZ,,,270,0033859030072,BEAUTY SUPPLIES,1,0
2064,ARLOS BEARD OIL PRO GROWTH,,,900,0021959910226,BEAUTY SUPPLIES,0,0
2091,BOBBI BOSS WIG BINTA,,,4800,,BEAUTY SUPPLIES,1,0
2119,PINKY WIG,,,4000,,BEAUTY SUPPLIES,0,0
2146,ECON STYLING GEL 5 LB OLIVE,,,3000,0748378001402,BEAUTY SUPPLIES,1,0
2178,"ALMINE CLEANSING SPONGE 3/8""",,,300,0705372042367,BEAUTY SUPPLIES,3,0
2210,CHAP LIP BALM,,,150,0634858000310,BEAUTY SUPPLIES,13,0
2238,"613 BLONDE FRONTAL WIG 30""",,30,83000,,BUNDLES,0,0
2265,"KISS 1/2"" FLAT IRON",,,5500,0731509559446,BEAUTY SUPPLIES,0,0
2291,BEYOND WIG FABLE REG,,,9200,,BEAUTY SUPPLIES,-1,0
2312,HH CERAMIC IONIC TURBO 3000,,,5400,0705372059099,BEAUTY SUPPLIES,1,0
2330,RED PARTING PIN TAIL COMB,,,200,0649674053778,BEAUTY SUPPLIES,83,0
2347,FINGER MANICURE BOWL,,,250,0692541930740,BEAUTY SUPPLIES,16,0
2374,GHOST BOND CLASSIC,,,4500,5391536570026,BEAUTY SUPPLIES,-1,0
2384,MIELLE GROWTH OIL,,,2500,0854102006732,BEAUTY SUPPLIES,33,0
2065,ARLOS BEARD OIL SMOOTH AND SHIN,,,900,0021959910257,BEAUTY SUPPLIES,0,0
2092,BOBBI BOSS WIG ADALYN,,,12000,0768538725733,BEAUTY SUPPLIES,3,0
2120,DESTINY WIG SALE,,,3000,0828179163766,BEAUTY SUPPLIES,-1,0
2147,BEYOND WIG LIMO (REG),,,7200,,BEAUTY SUPPLIES,1,0
2179,DIANE DELUXE CURVED FOOT FILE,,,900,0824703031020,BEAUTY SUPPLIES,0,0
2211,THE ORDINARY GLYCOLIC ACID,,8 OZ,3600,0769915190977,BEAUTY SUPPLIES,2,0
2239,"DEEP WAVE FRONTAL WIG 10""",,10,22000,,BUNDLES,0,0
2266,AMUSE PRIMER SPRAY,,,450,4713616475853,BEAUTY SUPPLIES,0,0
2292,BEYOND WIG FABLE 2 TONE,,,9200,,BEAUTY SUPPLIES,3,0
2313,HH CERAMIC HAIR DRYER 1875,,,5000,0705372059006,BEAUTY SUPPLIES,1,0
2331,ANNIE COMB PINTAIL,,,150,0705372003511,BEAUTY SUPPLIES,60,0
2348,HOT & COLD EYE PADS AVACADO,,,650,0616513691644,BEAUTY SUPPLIES,1,0
2362,GLADE SPRAY,,,400,0046500009044,BEAUTY SUPPLIES,3,0
2375,GHOST BOND PLATINUM,,,4800,5391536570071,BEAUTY SUPPLIES,1,0
2385,DUO LASH ADHESIVE,,,1500,0073930568124,BEAUTY SUPPLIES,-11,0
2121,NEWBORN TUTU,,,2000,,KIDS,-1,0
2148,HARLEM WIG GOGO HD LACE,,,6000,,BEAUTY SUPPLIES,-26,0
2180,THE WAVE FILE WOOD,,,1050,0616909588916,BEAUTY SUPPLIES,0,0
2212,THE INKEY LIST RETINOL,,,1500,5060422297063,BEAUTY SUPPLIES,0,0
2240,"DEEP WAVE FRONTAL WIG  12""",,12,23000,,BUNDLES,0,0
2267,SUNNY ISLE CASTOR OIL 2OZ,,,550,0856484005174,BEAUTY SUPPLIES,0,0
2293,EBIN BOND SPRAY 14OZ SUPREME,,,2300,0812429037105,BEAUTY SUPPLIES,12,0
2314,HH DIGITAL 3 BARREL WAVER,,,4500,0705372059952,BEAUTY SUPPLIES,-1,0
2332,MAGIC CUTTING SHEARS,,,300,0636227770954,BEAUTY SUPPLIES,5,0
2349,HOT & COLD EYE PADS BUTTERFLY,,,650,0616513691651,BEAUTY SUPPLIES,1,0
2363,"4X4 PIXIE CUT WIG 12""",,,23500,,BEAUTY SUPPLIES,0,0
2376,CANTU KIDS STYLING CUSTARD,,,960,0817513015458,BEAUTY SUPPLIES,3,0
2386,TUMERIC WITH VIT E,,,1200,8853252009008,BEAUTY SUPPLIES,5,0
2394,"MODEL MODEL ""ANA""",,,4500,0650270664077,BEAUTY SUPPLIES,0,0
2402,FABCLOSETJA $500,,,500,,KIDS,-80,0
2122,VELVET,,,6900,0768538667828,BEAUTY SUPPLIES,-7,0
2149,BOBBI BOSS WIG SELIA,,,6300,,BEAUTY SUPPLIES,3,0
2181,BRANDON FACIAL CLEANSING SPONGE,,,450,0048854033102,BEAUTY SUPPLIES,1,0
2213,ADULT CLOTHING,,,0,,BEAUTY SUPPLIES,-6,0
2241,DEEP WAVE FRONTAL WIG 14'',,14,25000,,BUNDLES,0,0
2268,SUNNY ISLE CASTOR OIL 4OZ,,,900,0856484005020,BEAUTY SUPPLIES,0,0
2294,EBIN BOND SPRAY EXTREME FIRM,,,2100,0812429031226,BEAUTY SUPPLIES,6,0
2315,QFITT PATTERNED SLEEP CAP,,,600,0842510008493,BEAUTY SUPPLIES,0,0
2333,MAYDE BLOOM CHELSEA,,,6500,0650270689575,ACCESSORIES,-3,0
2350,AMUSE EYEBROW POMADE,,,550,4713616473347,BEAUTY SUPPLIES,0,0
2364,LA GIRL PRO PRIMER,,,750,0081555969493,BEAUTY SUPPLIES,1,0
2377,CANTU KIDS HAIR AND SCALP OIL,,,1050,0817513019852,BEAUTY SUPPLIES,0,0
2387,KOJIC GLUTA TOMATO SOAP,,,1200,8859288001344,BEAUTY SUPPLIES,-19,0
2395,DESTINY WIG ONYX,,,12000,0828179590654,BEAUTY SUPPLIES,1,0
2123,GABRIELLA  EYELINER,,,150,,BEAUTY SUPPLIES,-2,0
2150,OUTRE WIG DUBY SCOTTIE 2 TONE,,,4800,,BEAUTY SUPPLIES,0,0
2182,CALA BLEMISH RESCUE,,,1800,0616513508652,BEAUTY SUPPLIES,8,0
2214,FABCLOSETJA,,,0,,KIDS,-7,0
2242,DEEP WAVE FRONTAL WIG 22'',,22,44000,,BUNDLES,0,0
2269,JCATS SEETING SPRAY CUCUMBER,,,1100,0741459580070,BEAUTY SUPPLIES,-5,0
2295,JUST FOR  ME KIT REG,,,1400,0802535372009,BEAUTY SUPPLIES,0,0
2316,QFITT LARGE SLEEP CAP,,,600,0842510008202,BEAUTY SUPPLIES,-1,0
2334,MAYDE WET & CURLY 16/18/20,,,6500,0650270684709,BEAUTY SUPPLIES,2,0
2351,JUST FOR ME CURL SMOOTHER,,,1300,0802535370081,BEAUTY SUPPLIES,0,0
2365,XPRESSION PRE STRETCH #1B,,,950,8281791663168,BEAUTY SUPPLIES,-254,0
2378,HH ONE STEP STYLER AND DRYER,,,5400,0705372059082,BEAUTY SUPPLIES,2,0
2388,KOJIC ALOVERA COLLAGEN SOAP,,,1200,8859288000859,BEAUTY SUPPLIES,9,0
2396,DOVE INVISICARE FLORAL,,250 ML,900,8710447244647,BEAUTY SUPPLIES,-3,0
2124,BOYS SWIM TRUNKS,,,2400,,KIDS,-1,0
2151,BEYOND WIG CRIMP 16 2 TONE,,,8100,,BEAUTY SUPPLIES,-1,0
2183,MAGIC SLANT TIP TWEEZER,,,200,0636227350743,BEAUTY SUPPLIES,-20,0
2215,GHANA 3X PASSION TWIST 1B,,,2400,0828179172775,BEAUTY SUPPLIES,-10,0
2243,DEEP WAVE FRONTAL WIG 24'',,24,49000,,BUNDLES,1,0
2270,JCAT SETTING SPRAY,,,1100,0741459580056,BEAUTY SUPPLIES,1,0
2296,JUST FOR ME SILKENING CONDITION,,,1200,0802535362130,BEAUTY SUPPLIES,2,0
2317,QFITT KIDS BONNET,,,500,0842510008523,BEAUTY SUPPLIES,2,0
2335,MAYDE  BLOOM DEEP TWIST 16/18/2,,,6500,,BEAUTY SUPPLIES,-2,0
2352,BRUSH CLEANER,,,300,0100000104910,BEAUTY SUPPLIES,0,0
2366,XPRESSION PRE STRETCH #2,,,950,0828179166323,BEAUTY SUPPLIES,-102,0
2379,TYCHE TRIPLE WAVE STYLER,,,4500,0607203038788,BEAUTY SUPPLIES,0,0
2389,CAROTONE SHOWER GEL,,,1200,6182000111352,BEAUTY SUPPLIES,4,0
2397,DOVE GO FRESH APPLE,,250 ML,900,,BEAUTY SUPPLIES,-4,0
2403,CERAVE RENEWING SA CLEANSER,,,3000,3606000537552,BEAUTY SUPPLIES,1,0
2125,SUPER APETI,,,1500,,100000091487,-28,0
2152,HR WIG PEO,,,4500,,BEAUTY SUPPLIES,0,0
2184,CALA 4 WAY NAIL  BUFFER,,,600,0616513509710,BEAUTY SUPPLIES,3,0
2216,QUUEN B BUTTERFLY LOCS #2,,,2800,0693525622927,BEAUTY SUPPLIES,2,0
2244,DEEP WAVE FRONTAL WIG 26'',,26,54000,,BUNDLES,0,0
2271,LA GIRL NAIL TREATMENT ASSORTED,,,400,,BEAUTY SUPPLIES,34,0
2297,JUST FOR ME LEAVE IN COND,,,1200,0802535375154,BEAUTY SUPPLIES,0,0
2318,QFITT COOL MESH WIG CAP,,,600,0842510050812,BEAUTY SUPPLIES,6,0
2336,AMUSE KISSING FRUIT GLOSS,,,200,4710409890053,BEAUTY SUPPLIES,30,0
2353,BLEACHING BLACK SOAP,,,1200,8852350620030,BEAUTY SUPPLIES,2,0
2367,TINTATION MEDIUM BROWN,,,1500,0731509814156,BEAUTY SUPPLIES,4,0
2380,HH 1'' BARREL WAVER,,,5000,0705372059945,BEAUTY SUPPLIES,0,0
2390,BODY SCRUB,,,2200,,BEAUTY SUPPLIES,2,0
2398,DOVE GO FRESH POMEGRANATE,,250 ML,900,8711600786257,BEAUTY SUPPLIES,1,0
2126,SUPER APETI,,,1500,8902292601625,BEAUTY SUPPLIES,-90,0
2153,JANET WIG MOMMY MOD,,,5400,,BEAUTY SUPPLIES,2,0
2185,EBIN LACE ADHESIVE 1.8OZ RED,,,2600,0812429031943,BEAUTY SUPPLIES,-4,0
2217,QUEEN B BUTTERFLY LOCS #1,,,2800,0693525622903,BEAUTY SUPPLIES,-3,0
2245,DEEP WAVE FRONTAL WIG 28'',,28,60000,,BUNDLES,1,0
2272,LA GIRL PRO SETTING SPRAY,,,750,,BEAUTY SUPPLIES,5,0
2298,JUST FOR ME STYLING SMOOTHIE,,,1200,0802535376120,BEAUTY SUPPLIES,0,0
2319,QFITT SUPER JUMBO SILKY,,,900,0842510080017,BEAUTY SUPPLIES,2,0
2337,AMUSE FRUIT LIP,,,300,4713616470988,BEAUTY SUPPLIES,11,0
2354,CARAMBOLA KOJIC SOAP,,,1200,8857124550018,BEAUTY SUPPLIES,12,0
2368,GABRIELLA PIN TAIL COMB,,,200,0671331159158,BEAUTY SUPPLIES,12,0
2381,H&H HEAT CAP DRYER ATTACH 2970,,,1800,0705372029702,BEAUTY SUPPLIES,3,0
2391,EMPIRE WIG TEVA,,,4800,0803868462399,BEAUTY SUPPLIES,0,0
2399,DOVE MEN SPORT BIG,,250 ML,900,,BEAUTY SUPPLIES,1,0
2404,CERAVE HYDRATING CREAM TO FOAM,,,2800,3606000554559,BEAUTY SUPPLIES,7,0
2154,MAYDE WIG DARIA H/H,,,5100,,BEAUTY SUPPLIES,0,0
2186,MIRROR  MEDIUM,,,300,0636227492610,BEAUTY SUPPLIES,0,0
2218,QUEEN B BUTTERFLY LOCS #1B,,,2800,0693525622910,BEAUTY SUPPLIES,1,0
2246,"DEEP WAVE FRONTAL WIG 30""",,30,63000,,BUNDLES,1,0
2273,LA GIRL MATTE PRESSED POWDER,,,750,,BEAUTY SUPPLIES,0,0
2299,JUST FOR ME MOIST SHAMPOO,,,1200,0802535360136,BEAUTY SUPPLIES,1,0
2320,QFITT VELCRO MESH WRAP,,,400,0842510003047,BEAUTY SUPPLIES,3,0
2338,ASHLEY LEE ASST GLOSS,,,200,0840096932201,BEAUTY SUPPLIES,22,0
2355,SIS DAYLA WIG,,,8200,0806993569865,BEAUTY SUPPLIES,0,0
2369,HIGH BEAMS SPRAY BROWN-BLACK,,,1100,0034044123081,BEAUTY SUPPLIES,4,0
2382,MAGIC TOE NAIL CLIPPER,,,260,0636227240822,BEAUTY SUPPLIES,7,0
2392,SWISS LACE GLORY,,,10000,0806993543377,BEAUTY SUPPLIES,1,0
2400,DOVE ORIGINAL,,250 ML,900,8710847902703,BEAUTY SUPPLIES,-2,0
2405,CERAVE HYDRATING FACIAL  CLEANS,,,2800,3606000537538,BEAUTY SUPPLIES,2,0
2155,MAYDE WIG  ALENA,,,4200,0650270705046,BEAUTY SUPPLIES,0,0
2187,MIRROR TV LARGE,,,450,0636227492603,BEAUTY SUPPLIES,0,0
2219,AP GROWTH OIL TREATMENT,,,780,0802535443082,BEAUTY SUPPLIES,1,0
2247,"DEEP CURLY FRONTAL  WIG 12""",,12,23000,,BUNDLES,0,0
2274,RED SOFT CURVED BRUSH BOR15,,,600,0731509682007,BEAUTY SUPPLIES,7,0
2300,JUST FOR ME LEAVE IN DETANGLER,,,1200,0802535365100,BEAUTY SUPPLIES,2,0
2321,VIA CASTOR OIL TUBE,,,350,0746817579734,BEAUTY SUPPLIES,4,0
2339,SHE ASSORTED FRUIT BALM,,,300,0819749024181,BEAUTY SUPPLIES,8,0
2356,"STRAIGHT FRONTAL WIG 8""",,8,23000,,BUNDLES,1,0
2370,ANNIE SILICONE ELASTIC WIG BAND,,,600,0705372034478,BEAUTY SUPPLIES,0,0
2383,EDGE BOOSTER AMBER,,,2100,0680585172493,BEAUTY SUPPLIES,2,0
2393,"MODEL MODEL ""HELEN""",,,4500,0650270644192,BEAUTY SUPPLIES,1,0
2401,DOVE COOL FRESH,,250 ML,900,8710908325823,BEAUTY SUPPLIES,-7,0
2406,CERAVE MICELLAR WATER,,,2200,3606000538184,BEAUTY SUPPLIES,2,0
2407,CERAVE SA LOTION BUMPY,,,3600,3606000537712,BEAUTY SUPPLIES,2,0
2408,DOVE MACADEMIA BODY POLISH,,,2400,0011111002005,BEAUTY SUPPLIES,-1,0
2422,TREE HUT SUGAR SCRUB,,,2200,,BEAUTY SUPPLIES,0,0
2449,EXTRA LONG STRAIGHT 42'',,,13000,,BEAUTY SUPPLIES,3,0
2459,SPEED STICK DEODORANT,,,750,0022200954419,BEAUTY SUPPLIES,0,0
2479,LUX SILK TIE BONNET,,,1100,,BEAUTY SUPPLIES,0,0
2506,MR. DURAG DURAG,,,300,0705372043005,BEAUTY SUPPLIES,-3,0
2512,LOOKS SATIN TIE BONNET,,,800,0840096955590,BEAUTY SUPPLIES,11,0
2513,"BODY WAVE FRONTAL WIG 16""",,16,28000,,BUNDLES,0,0
2535,NYX MATTE FINISH SETTING SPRAY,,,1500,0800897813710,BEAUTY SUPPLIES,0,0
2544,KINKY STRAIGHT CLIP-IN,,16,12000,,BUNDLES,0,0
2549,ORS OLIVE OIL TOUCH UP EXTRA ST,,1,1200,0632169110926,BEAUTY SUPPLIES,2,0
2557,"REMINGTON SHINE THERAPY WAND 1""",,,6000,0074590556087,BEAUTY SUPPLIES,-1,0
2584,EBIN WONDER BOND SP 2.7OZ KERAT,,,900,0812429039628,BEAUTY SUPPLIES,9,0
2611,TREE HUT DESERT HAZE SCRUB,,,2400,0075371002731,BEAUTY SUPPLIES,0,0
2409,CERAVE SR RETINOL SERUM,,,3800,3606000537316,BEAUTY SUPPLIES,3,0
2423,3D MAX VOLUME LASHES,,,1350,,BEAUTY SUPPLIES,-6,0
2450,SWISS LACE HOPE,,,10000,,BEAUTY SUPPLIES,0,0
2460,SUPER STAR DEVELOPER,,,600,,BEAUTY SUPPLIES,1,0
2480,LUX VELVET TIE BONNET XL,,,1100,0842510071121,BEAUTY SUPPLIES,-2,0
2507,DISPOSABLE BREAST PETALS,,,500,,ACCESSORIES,19,0
2514,"BODY WAVE FRONTAL WIG 18""",,18,32000,,BUNDLES,0,0
2536,LA GIRL FINE LINE EYELINER,,,700,0081555227210,BEAUTY SUPPLIES,1,0
2545,VASELINE HEALING JELLY,13 OZ,,1080,0305212335002,BEAUTY SUPPLIES,2,0
2550,HUSH DARKEST BROWN,,,1500,8809005769224,BEAUTY SUPPLIES,2,0
2558,"REMINGTON FLAT IRON 2""",,,7500,0074590556070,BEAUTY SUPPLIES,0,0
2585,EBIN WONDER BOND SP 2.7OZ SILK,,,900,0812429039642,BEAUTY SUPPLIES,1,0
2612,SINGLE CLIPS,,,150,,SINGLE CLIPS,-1,0
2410,CERAVE R RETINOL SERUM,,,3800,3606000512276,BEAUTY SUPPLIES,0,0
2424,TAPE IN REPLACEMENTS,,,1000,,BEAUTY SUPPLIES,-110,0
2451,SHEAR MUSE LACHAN,,,10000,,BEAUTY SUPPLIES,1,0
2461,GARNIER MICELLAR WATER,,,1800,3600541594883,BEAUTY SUPPLIES,0,0
2481,CALA SONIC 3WAY FACIAL CLEANSER,,,5400,,BEAUTY SUPPLIES,0,0
2508,LSD90 WIG,,,12000,,BUNDLES,1,0
2515,"BODY WAVE FRONTAL WIG 20""",,20,36000,,BUNDLES,0,0
2537,ORGANIC MORINGA SOAP,,,900,0753182120812,BEAUTY SUPPLIES,2,0
2546,VASELINE JELLY,HAIR OIL,,300,0000600190354,BEAUTY SUPPLIES,2,0
2551,ELABORE RED COLOUR,,,1700,8809005767220,BEAUTY SUPPLIES,0,0
2559,DEEP WAVE BUNDLES,,36,19500,,BUNDLES,-9,0
2586,EBIN WONDER BOND SP 2.7OZ VIT E,,,900,0812429039604,BEAUTY SUPPLIES,1,0
2613,LA COLOURS HD MASCARA,,,800,0081555733148,BEAUTY SUPPLIES,0,0
2411,CERAVE SKIN RENEW OIL,,,3200,3606000538146,BEAUTY SUPPLIES,2,0
2425,"DEEP WAVE FRONTAL WIG 8""",,8,21000,,BEAUTY SUPPLIES,0,0
2462,SIMPLE MICELLAR WATER,,,1500,8710908371509,BEAUTY SUPPLIES,0,0
2482,LOOKS PIN TAIL DYE BRUSH,,,200,0692541971187,BEAUTY SUPPLIES,6,0
2516,"BODY WAVE FRONTAL WIG 22""",,22,44000,,BUNDLES,0,0
2538,SHE VITAMIN E LIP BALM,,,300,0819749024167,BEAUTY SUPPLIES,10,0
2547,VASELINE DRY SKIN REPAIR,,,670,6001087357043,BEAUTY SUPPLIES,2,0
2552,IDOLE INTENSE BEAUTY LOTION,,,750,0674571001263,BEAUTY SUPPLIES,4,0
2560,TIARA (SMALL),,,1500,,ACCESSORIES,3,0
2587,EBIN LACE WIG GLUE 3OZ SUPREME,,,5300,0812429036252,BEAUTY SUPPLIES,12,0
2614,LA COLORS X VOLUME MASCARA,,,800,0081555733063,BEAUTY SUPPLIES,-1,0
2412,CERAVE SKIN RENEW DAY CREAM,,,3200,3606000537507,BEAUTY SUPPLIES,8,0
2426,"DEEP CURLY FRONTAL WIG 16""",,16,28000,,BEAUTY SUPPLIES,0,0
2453,METASOL TONING CREAM,,,750,,BEAUTY SUPPLIES,5,0
2463,DR. TEALS SUGAR SCRUB,,,1500,,BEAUTY SUPPLIES,0,0
2483,CL SATIN SILKY SCARF,,,900,,BEAUTY SUPPLIES,4,0
2510,BEYOND BEN,,,5500,,BUNDLES,-1,0
2517,"BODY WAVE FRONTAL WIG 24""",,24,49000,,BEAUTY SUPPLIES,0,0
2539,MAYBELLINE EXPERT WEAR SINGLE,,,450,,BEAUTY SUPPLIES,1,0
2548,WONDER GRO ARGAN OIL,,,700,0743690086427,BEAUTY SUPPLIES,1,0
2553,IDOLE EXTRA LEMON TONING CREAM,,,600,0674571000013,BEAUTY SUPPLIES,1,0
2561,TIARA (LARGE),,,2500,,ACCESSORIES,2,0
2588,ARDELL DOUBLE MED BLK,,,1100,0074764614858,BEAUTY SUPPLIES,4,0
2615,LA COLORS MEGA MASCARA,,,600,0081555733162,BEAUTY SUPPLIES,-1,0
2413,CERAVE SR NIGHTLY EXFOLIATOR,,,3200,3606000576810,BEAUTY SUPPLIES,4,0
2427,CERAVE FOAMING CLEANSER,,,2800,3606000537750,BEAUTY SUPPLIES,11,0
2454,METASOL SOAP,,,300,,BEAUTY SUPPLIES,5,0
2464,OGX SCRUB AND WASH,,,2100,,BEAUTY SUPPLIES,0,0
2484,LATEX POOL CAP,,,250,0658692003030,BEAUTY SUPPLIES,11,0
2511,FRONTAL CURLY PIXIE 8'',,,18500,,BUNDLES,1,0
2518,"LOOSE DEEP WAVE FRONTAL WIG 16""",,16,34000,,BEAUTY SUPPLIES,0,0
2540,ZEST 2-IN-1 BODY WASH,,,750,0816559010243,BEAUTY SUPPLIES,12,0
2554,METASOL MEDICATED TONING GEL,,,550,0678924004062,BEAUTY SUPPLIES,4,0
2562,CHAINS,SINGLE CHAINS,,1500,,CHAINS,-40,0
2589,"KIM K CLOSURE 16""",,16,6000,,BUNDLES,0,0
2616,MAYBELLINE FALSIES MASCARA,,,2000,0041554217971,BEAUTY SUPPLIES,-1,0
2635,EBIN LACE BOND GEL 4OZ EXTRA ME,,,1050,0812429039192,BEAUTY SUPPLIES,3,0
2662,S CURL STYLING GEL,,,950,0038276009304,BEAUTY SUPPLIES,1,0
2414,CERAVE VITAMIN C SERUM,,,3900,3606000512351,BEAUTY SUPPLIES,3,0
2428,CERAVE HYDRATING FACIAL CLEANSE,,12,2800,3606000537699,BEAUTY SUPPLIES,0,0
2455,IDOLE LOTION,,,750,,BEAUTY SUPPLIES,6,0
2465,COMB THRU SOFTENER,,,600,0802535883109,BEAUTY SUPPLIES,12,0
2485,SPANDEX SWIM CAP,,,400,0719138000003,BEAUTY SUPPLIES,7,0
2519,"LOOSE DEEP WAVE FRONTAL WIG 18""",,18,39000,,BEAUTY SUPPLIES,-3,0
2541,ZEST AQUA BODY WASH,,,750,0816559010205,BEAUTY SUPPLIES,-5,0
2555,METASOL SOAP (80G),,,300,0678924093066,BEAUTY SUPPLIES,2,0
2563,NK LIP GEL,,,200,,BEAUTY SUPPLIES,-26,0
2590,HELEN WIG,,,4500,,BEAUTY SUPPLIES,-1,0
2617,MAYBELLINE SENSATIONAL MASCARA,,,2200,0041554584219,BEAUTY SUPPLIES,1,0
2636,EBIN LACE BOND GEL 4OZ EXT FIRM,,,1100,0812429039208,BEAUTY SUPPLIES,5,0
2663,S CURL STYLING SPRAY,,,1100,0038276009311,BEAUTY SUPPLIES,3,0
2415,CERAVE HYDRATING SUNSCREEN,,,3200,,BEAUTY SUPPLIES,0,0
2429,CERAVE ACNE CONTROL CLEANSER,,,2400,3606000577138,BEAUTY SUPPLIES,-7,0
2456,ST. IVES BODY SCRUB,,,900,,BEAUTY SUPPLIES,6,0
2466,HOT TOOLS CURLING IRON,,,6000,,BEAUTY SUPPLIES,0,0
2486,M&M XL VINYL SHOWER CAP,,,175,0842510001838,BEAUTY SUPPLIES,1,0
2520,"LOOSE DEEP WAVE FRONTAL WIG 20""",,"20""",46500,,BUNDLES,0,0
2542,ONYX BATHHOUSE SCRUB,,,1500,,BEAUTY SUPPLIES,0,0
2556,IDOLE GOLD LIGHTENING CREAM,,,600,0674571000044,BEAUTY SUPPLIES,1,0
2564,KIDS TOY,,,7800,,TOYS,-10,0
2591,ELF PORELESS FACE PRIMER 1OZ,,,0,0609332834095,BEAUTY SUPPLIES,0,0
2618,MAYBELLINE FALSIES LASH LIFT,,,2200,0041554578492,BEAUTY SUPPLIES,1,0
2637,P&B RED ONE RED,,,1100,8697926007439,BEAUTY SUPPLIES,8,0
2664,RED CHROME EDGE BRUSH,,,400,0649674060653,BEAUTY SUPPLIES,2,0
2416,CERAVE MINERAL SUNSCREEN,,,3200,3606000512313,BEAUTY SUPPLIES,-1,0
2430,OUTRE WIGPOP COLLETTE,,,4200,,BEAUTY SUPPLIES,1,0
2457,CARO WHITE LIGHTENING CREAM,,,700,6181100531008,BEAUTY SUPPLIES,1,0
2467,AXE SPRAY,,,700,,BEAUTY SUPPLIES,1,0
2487,M&M LARGE BLACK SHOWER CAP,,,200,0842510001814,BEAUTY SUPPLIES,4,0
2521,"LOOSE DEEP WAVE FRONTAL WIG 22""",,22,53500,,BUNDLES,0,0
2543,SUPERSTAY CONCEALER,,,1600,,BEAUTY SUPPLIES,-4,0
2565,"GHANA TWIST 3X SPRING 10"" 1",,,2300,0828179174922,BEAUTY SUPPLIES,-13,0
2592,ELF PORELESS FACE PRIMER .470Z,,,0,0609332834057,BEAUTY SUPPLIES,0,0
2619,MAYBELLINE PUMPED UP MASCARA,,,1800,0041554409321,BEAUTY SUPPLIES,-2,0
2638,KOJIC SKIN LIGHTENING LOTION,,,1650,0619002825001,BEAUTY SUPPLIES,-11,0
2665,RED PERFECT MELT ELASTIC BAND,,,700,,BEAUTY SUPPLIES,12,0
2686,TYCHE TURBO 2800,,,6200,0607203012658,BEAUTY SUPPLIES,0,0
2417,BRUT CLASSIC,,,650,0827755070054,BEAUTY SUPPLIES,2,0
2431,ZURY WIG GOA,,,6000,,BUNDLES,5,0
2458,IDOLE SOAP,,,600,0674571000204,BEAUTY SUPPLIES,-2,0
2468,"BMW 180% CURLY WIG 14""",,14,22500,,BUNDLES,1,0
2488,M&M DOTS VINYL SHOWER CAP,,,250,0842510001821,BEAUTY SUPPLIES,12,0
2522,"NATURAL CURLY FRONTAL WIG 14""",,14,30000,,BUNDLES,0,0
2566,EBIN TINTED LACE SPRAY DB,,,1600,0812429033275,BEAUTY SUPPLIES,31,0
2593,ELF MINERAL INF PRIMER .47OZ,,,0,0609332834019,BEAUTY SUPPLIES,1,0
2620,MAYBELLINE SKY HIGH MASCARA 804,,,2200,0041554076448,BEAUTY SUPPLIES,1,0
2639,DR MIRACLE EDGE HOLDING GEL,,,1100,,BEAUTY SUPPLIES,3,0
2666,JCAT SETTING SPRAY ALOE,,,1100,0741459580063,BEAUTY SUPPLIES,1,0
2687,ANNIE SALON STYLING BRUSH 2250,,,600,0705372022505,BEAUTY SUPPLIES,0,0
2710,CERAVE HYDRATING CLEANSING BAR,,,0,3606000537682,BEAUTY SUPPLIES,3,0
2418,ARM AND HAMMER DEODORANT,,,750,0033200197560,BEAUTY SUPPLIES,-7,0
2432,ZURY WIG TOLLY,,,5700,,BEAUTY SUPPLIES,1,0
2469,"BMW 150% CURLY WIG 10""",,10,19500,,BUNDLES,-1,0
2489,FASHION ACCESSORIES,,,150,,BEAUTY SUPPLIES,8,0
2523,"NATURAL CURLY FRONTAL WIG 16""",,16,34000,,BUNDLES,0,0
2567,EBIN TINTED LACE SPRAY MDB,,,1600,,BEAUTY SUPPLIES,11,0
2594,ELF BLEMISH CONTROL PRIMER .47,,,1800,0609332834088,BEAUTY SUPPLIES,0,0
2621,LA COLOURS LIQUID EYELINER,,,550,0081555733261,BEAUTY SUPPLIES,0,0
2640,KISS EXPRESS K89 DARKEST BROWN,,,1050,0649674008525,BEAUTY SUPPLIES,2,0
2667,ANNIE BRUSH MILITARY SOFT,,,450,0705372020822,BEAUTY SUPPLIES,0,0
2688,RED PERFECT MELT BAND,,,600,0649674055338,BEAUTY SUPPLIES,3,0
2711,PANOXYL ACNE FOAMING WASH,,,2800,0303160228551,BEAUTY SUPPLIES,0,0
2717,"HIGHLIGHT JOY BOB 14""",,,24000,,BEAUTY SUPPLIES,0,0
2419,DOVE ADVANCED CARE,,,700,0079400352996,BEAUTY SUPPLIES,-6,0
2433,ZURY WIG MAL,,,7500,,BEAUTY SUPPLIES,4,0
2470,"FC WIG 10""",,10,19500,,BUNDLES,1,0
2490,JUMBO CONDITIONING CAP(10PCS),,,260,0692541939392,BEAUTY SUPPLIES,0,0
2524,"NATURAL CURLY FRONTAL WIG 18""",,18,39000,,BEAUTY SUPPLIES,0,0
2568,EBIN TINTED LACE SPRAY MB,,,1600,,BEAUTY SUPPLIES,21,0
2595,ADORE WILD CHERRY,,,950,0661157100694,BEAUTY SUPPLIES,4,0
2622,NYX EPIC WEAR EYLINER,,,2200,0800897197148,BEAUTY SUPPLIES,2,0
2641,KISS EXPRSS K99 JET BLACK,,,1050,0649674008501,BEAUTY SUPPLIES,9,0
2668,NEVA EYEBROW TINT BLACK,,,1200,8698636623551,BEAUTY SUPPLIES,2,0
2689,COVER YOUR GRAY JET BLACK,,,600,0021959050380,BEAUTY SUPPLIES,0,0
2712,PANOXYL ACNE CREAMY WASH,,,2800,0303160227066,BEAUTY SUPPLIES,0,0
2718,"NATURAL WAVE CLOSURE BOB 14""",,,22500,,BUNDLES,1,0
2420,ANDIS HOT COMB BL,,,7000,0040102383304,BEAUTY SUPPLIES,-7,0
2434,ZURY WIG YOLO,,,6900,,BEAUTY SUPPLIES,1,0
2471,GEM 3 IN  1 CURL DESIGNER,,,8500,0696527427422,BEAUTY SUPPLIES,-1,0
2491,LOOKS DUCK BILL CLIPS(10CT),,,400,0840096919332,BEAUTY SUPPLIES,5,0
2525,"NATURAL CURLY FRONTAL WIG 20""",,20,46500,,BEAUTY SUPPLIES,0,0
2569,EBIN TINTED LACE MOUSSE MDB,,,1400,,BEAUTY SUPPLIES,12,0
2596,GOLD GRAB CLIP,,,1000,,BEAUTY SUPPLIES,-4,0
2623,MAYBELLINE LIFTER GLOSS 006,,,0,0041554583908,BEAUTY SUPPLIES,2,0
2642,KISS EXPRESS K98 BLACK,,,1050,0649674008518,BEAUTY SUPPLIES,5,0
2669,NEV AEYEBROW TINT DARK BROWN,,,1200,8698636623575,BEAUTY SUPPLIES,0,0
2690,M&M MELTING LACE WIG GRIP #5086,,,600,0842510050867,BEAUTY SUPPLIES,0,0
2713,MAYBELLINE SUPERSTAY 330,,,2950,0041554541496,BEAUTY SUPPLIES,2,0
2719,QFITT MESH DOME CAP,,,600,0842510050119,BEAUTY SUPPLIES,-23,0
2421,CAMILLE ROSE COME BACK,,,1800,0860001719604,BEAUTY SUPPLIES,0,0
2435,RED CARPET WIG MAYALL,,,5200,,BUNDLES,1,0
2472,ORGANIC LEMON SOAP,,,900,0753182120614,BEAUTY SUPPLIES,5,0
2492,BROWN WEAVING THREAD,,,80,,BEAUTY SUPPLIES,12,0
2526,"BURMESE CURL FRONTAL WIG 22""",,22,44000,,BUNDLES,0,0
2570,EBIN LACE MELT SPRAY SUPREME,,,1400,0812429039154,BEAUTY SUPPLIES,-1,0
2597,JANET AFRO COILY,,,2400,0884593218635,BEAUTY SUPPLIES,-3,0
2624,MAYBELLINE LIFTER GLOSS 005,,,0,0041554583892,BEAUTY SUPPLIES,2,0
2643,OGX BIOTIN OIL MIST,,,1750,0052800678880,BEAUTY SUPPLIES,1,0
2670,ANNIE POWDER NECK DUSTER,NECK DUSTER,,1500,0705372029276,ACCESSORIES,4,0
2691,LOOKS BARBER CAPE LARGE,,,900,0840096921984,BEAUTY SUPPLIES,10,0
2714,"MAYDE 36"" PONYTAIL #1B",,"36""",4200,0650270572785,BEAUTY SUPPLIES,0,0
2720,"4X4 STRAIGHT BOB 14""",,14,25000,,BUNDLES,0,0
2436,JANET WIG TIKA,,,5100,,BUNDLES,2,0
2473,"ORGANIC MILK,HONEY AND ROSE",,,900,0753182120492,BEAUTY SUPPLIES,13,0
2493,"LOOKS 2"" BOBBY PINS(120CT)",,,220,0692541939170,BEAUTY SUPPLIES,5,0
2527,"DEEP WAVE FRONTAL WIG 16""",,16,28000,,BUNDLES,0,0
2571,EBIN LACE MELT SPRAY EXTREME FI,,,1400,0812429039147,BEAUTY SUPPLIES,23,0
2598,DR. TEAL SHEA BUTTER SCRUB,,,2100,0810021207278,BEAUTY SUPPLIES,1,0
2625,MAYBELLINE LIFTER GLOSS 004,,,0,0041554583885,BEAUTY SUPPLIES,2,0
2644,AMBI FADE CREAM,,,1650,0850004234907,BEAUTY SUPPLIES,14,0
2671,SALON PRO GLUE 2OZ,,SML,650,0746817584158,BEAUTY SUPPLIES,0,0
2693,WIG BAND QFITT 5088 BLK,,,800,0842510050881,BEAUTY SUPPLIES,21,0
2715,TYCHE PIK NOZZLE,,,600,0607203010005,BEAUTY SUPPLIES,-6,0
2721,"4X4 STRAIGHT BOB 16""",,,27000,,BEAUTY SUPPLIES,1,0
2722,HH 3/4 3 BARREL WAVER,,,4500,0705372059884,BEAUTY SUPPLIES,0,0
2437,JANET WIG MYBELLE DULCE,,,5100,,BEAUTY SUPPLIES,2,0
2474,ORGANIC KOJIC PAPAYA SOAP,,,900,0753182120683,BEAUTY SUPPLIES,0,0
2494,"LOOKS HAIR PIN 1 3/4"" (100CT)",,,200,,BEAUTY SUPPLIES,11,0
2528,"DEEP WAVE FRONTAL WIG 18""",,18,32000,,BUNDLES,0,0
2572,SWISS LACE WIG,,,13000,,WIGS,-1,0
2599,DR TEAL MELATONIN SCRUB,,,2100,0810021208671,BEAUTY SUPPLIES,-2,0
2626,MAYBELLINE LIFTER GLOSS 002,,,0,0041554583861,BEAUTY SUPPLIES,-1,0
2645,CAROTONE LOTION  215 ML SMALL,,,1050,,BEAUTY SUPPLIES,10,0
2672,SALON PRO BONDING GLUE 8oz,,LG,2100,0746817584196,BEAUTY SUPPLIES,0,0
2694,RAT TAIL COMB 1DBZ BLK,,,100,0636227224051,BEAUTY SUPPLIES,30,0
2716,PRESS ON $1000,,,1000,,BEAUTY SUPPLIES,-128,0
2723,ST IVES BLACKHEAD CLEARING SCRU,,,800,0077043358023,BEAUTY SUPPLIES,0,0
2724,"PURPLE PACK 12"" #1",,12,5200,0827298702788,BEAUTY SUPPLIES,1,0
2438,ZURY WIG ROSA,,,7000,,BUNDLES,2,0
2475,ORGANIC PAPAYA TUMERIC SOAP,,,900,0753182120782,BEAUTY SUPPLIES,-6,0
2495,"LOOKS HAIR PIN 2 1/2""(60CT)",,,180,0692541939071,BEAUTY SUPPLIES,5,0
2529,"DEEP WAVE FRONTAL WIG 20""",,20,36000,,BEAUTY SUPPLIES,0,0
2573,"STRAIGHT CLIPS IN 16""",,,12000,,BUNDLES,0,0
2600,DOVE POMEGRANATE BODY POLISH,,,2100,0011111002029,BEAUTY SUPPLIES,1,0
2627,MAYBELLINE SUPERSTAY 312,,,2950,0041554541472,BEAUTY SUPPLIES,0,0
2646,NEON BLEACHING LOTION,,,2700,8859106800029,BEAUTY SUPPLIES,0,0
2673,WEAVE WONDER WRAP 2oz,,,900,0746817586367,BEAUTY SUPPLIES,7,0
2695,SLEEP CAP QFITT LG,,LRG,450,0842510001517,BEAUTY SUPPLIES,7,0
2725,"PURPLE PACK #1 14""",,,6000,0827298702894,BEAUTY SUPPLIES,-1,0
2738,5X5 WATER WAVE CLOSURE 14,,14,11000,,BUNDLES,1,0
2752,"BODY WAVE FRONTAL WIG 26""",,26,54000,,BUNDLES,1,0
2439,ZURY WIG AMARA,,,5200,,BEAUTY SUPPLIES,4,0
2476,LOOKS DYE TINT BOWL,,,400,0840096921106,BEAUTY SUPPLIES,9,0
2496,ALLURE INVISIBLE HAIR NET,,,100,0692501630017,BEAUTY SUPPLIES,38,0
2530,NUDE CAP WHOLESALE,,,50,0843632042686,BEAUTY SUPPLIES,-161,0
2574,NEOPROSONE GEL VIT C,,,900,5280131502009,BEAUTY SUPPLIES,6,0
2601,DOVE BROWN SUGAR BODY POLISH,,,2100,0011111022690,BEAUTY SUPPLIES,-2,0
2628,MAYBELLINE SUPERSTAY 320,,,2950,0041554541489,BEAUTY SUPPLIES,3,0
2647,KOJIC BODY LOTION,,,2700,4806519890066,BEAUTY SUPPLIES,1,0
2674,DR TEAL CITRUS 19oz,,,2100,0810021207254,BEAUTY SUPPLIES,-2,0
2696,AB PONY TAIL MULTI COL RUBBER,,,180,0718128000153,BEAUTY SUPPLIES,19,0
2726,"PURPLE PACK 12"" #1B",,12,5200,0827298702771,BEAUTY SUPPLIES,4,0
2739,5X5 WATER WAVE CLOSURE 16,,16,12000,,BUNDLES,1,0
2753,GHANA BLACK SOAP,,,900,,BEAUTY SUPPLIES,0,0
2780,ULTIMATE AFRO KINKY BULK 30,,,3750,0886415037028,BEAUTY SUPPLIES,3,0
2440,RICKY BLONDE WIG,,,7000,,BEAUTY SUPPLIES,1,0
2477,LOOKS DYE BRUSH COMBO,,,250,0840096916720,BEAUTY SUPPLIES,2,0
2497,LOOKS DUCK BILL CLIP(50CT),,,1020,,BEAUTY SUPPLIES,-5,0
2531,MAGIC TIE DOWN DURAG,,,300,0636227048220,BEAUTY SUPPLIES,10,0
2575,VIGOROL PINK,,,980,0078319471040,BEAUTY SUPPLIES,11,0
2602,DOVE MANGO BODY POLISH,,,2100,0011111016958,BEAUTY SUPPLIES,0,0
2629,MAYBELLINE SUPERSTAY 332,,,2950,0041554559422,BEAUTY SUPPLIES,1,0
2648,CAROTONE LOTION 350 ML MEDIUM,,,1350,,BEAUTY SUPPLIES,6,0
2675,WIG GRIP,,,600,,BEAUTY SUPPLIES,12,0
2697,STELLA COMB SET 10PCS,,,600,0636227024026,BEAUTY SUPPLIES,4,0
2727,"PURPLE PACK 14"" #1B",,14,6000,0827298702887,BEAUTY SUPPLIES,0,0
2740,5X5 WATER WAVE CLOSURE 18,,18,12500,,BUNDLES,0,0
2754,AP MOISTURE MIRA LEAVE IN CREAM,,,1250,0802535157156,BEAUTY SUPPLIES,8,0
2781,ULTIMATE AFRO KINKY BULK 27,,,4100,0886415037011,BEAUTY SUPPLIES,3,0
2441,BOHO LILI WIG,,,4500,,BEAUTY SUPPLIES,1,0
2478,PURE ACETONE,,8 Oz,750,0073930314707,BEAUTY SUPPLIES,1,0
2498,BMB SUPER LACE GLUE WHITE,,,1000,0080229186105,BEAUTY SUPPLIES,0,0
2532,DREAM ORIGINAL DURAG DRE012,,,300,0843632020721,BEAUTY SUPPLIES,30,0
2576,ORS WIG GRIP SPRAY,,,1700,0632169118038,BEAUTY SUPPLIES,2,0
2603,DOVE SEA MINERALS BODY WASH,,,1800,0011111125186,BEAUTY SUPPLIES,1,0
2630,MAYBELLINE SUPERSTAY 340,,,2950,0041554559439,BEAUTY SUPPLIES,-9,0
2649,CAROTONE SOAP 100GM SMALL,,,550,6182000128787,BEAUTY SUPPLIES,8,0
2676,RED DETANGLING NON-SLIP BRUSH,,REG,900,0649674065696,BEAUTY SUPPLIES,-9,0
2698,WIG GRIP QFITT BLK,,,600,0842510050874,BEAUTY SUPPLIES,5,0
2728,"PURPLE PACK 12"" T1B/RED",,12,6000,0827298706922,BEAUTY SUPPLIES,0,0
2741,5X5 WATER WAVE CLOSURE 20,,20,13500,,BUNDLES,0,0
2755,ISOPLUS OIL SHEEN,,7,600,0021306210504,BEAUTY SUPPLIES,-10,0
2782,EBIN TINTED LACE 10X MDB,,,1800,0812429039680,BEAUTY SUPPLIES,-5,0
2442,ZURY WIG LALA,,,5200,,BUNDLES,1,0
2499,M&M STYLIST APRON BLACK,,,1500,0842510034119,BEAUTY SUPPLIES,0,0
2533,M&M SILICONE WIG GRIP BEIGE,,,500,0842510050997,BEAUTY SUPPLIES,7,0
2577,REVLON COLOURSILK SOFT BLACK,,,800,0309970185022,BEAUTY SUPPLIES,-8,0
2604,TREE HUT MOROCCAN ROSE SCRUB,,,2400,0075371003233,BEAUTY SUPPLIES,-2,0
2631,MAYBELLINE SUPERSTAY 355,,,2950,0041554541519,BEAUTY SUPPLIES,-4,0
2650,D-NE GINGER KOJIC SOAP,,,1200,8859288000019,BEAUTY SUPPLIES,6,0
2677,ANNIE ROUND BRUSH,,,450,0705372020952,BEAUTY SUPPLIES,2,0
2699,PONY HOLDER BAND BLK,,,520,0840096919950,BEAUTY SUPPLIES,21,0
2729,"MAYDE 36"" PONYTAIL #1",,,4500,0650270572778,BEAUTY SUPPLIES,-1,0
2742,5X5 DEEP CURLY CLOSURE,,16,12000,,BUNDLES,3,0
2756,ELF STAY ALL NIGHT,,,1800,0609332828056,BEAUTY SUPPLIES,-2,0
2783,DONNA WOODEN FOOT FILE 4203,,,600,0658302042039,BEAUTY SUPPLIES,9,0
2443,BIO OIL 40Z,,,3800,0891038001011,BEAUTY SUPPLIES,0,0
2500,WOODEN LOOP NEEDLE THREADER,,,180,0692541905731,BEAUTY SUPPLIES,34,0
2534,MAYBELLINE SUPER STAY CONCEALER,ACTIVE WEAR,,1600,,BEAUTY SUPPLIES,4,0
2578,ADORE OFF BLACK,,,950,0661157101189,BEAUTY SUPPLIES,7,0
2605,TREE HUT WATERMELON,,,2400,0075371002830,BEAUTY SUPPLIES,-3,0
2632,MAYBELLINE SUPERSTAY 360,,,2950,0041554541533,BEAUTY SUPPLIES,3,0
2651,D-NE TAMARIND & HONEY,,,1200,8859288000057,BEAUTY SUPPLIES,4,0
2678,ANNIE BRUSH JUMBO RECTANGLE,,,900,0705372023724,BEAUTY SUPPLIES,3,0
2700,RAT TAIL COMB GOLD MAGIC,,,120,0766539800053,BEAUTY SUPPLIES,5,0
2730,"MAYDE 36"" PONYTAIL #0P430",,,4200,0650270572839,BEAUTY SUPPLIES,1,0
2743,5X5 DEEP CURLY CLOSURE 18,,18,12500,,BUNDLES,3,0
2757,ELF DEWY MIST,,,1800,0609332838109,BEAUTY SUPPLIES,0,0
2784,DL EXRA LARGE FOOT RASPC211,,,450,0087768170107,BEAUTY SUPPLIES,9,0
2444,HH MOMMY WIG,,,6000,,BEAUTY SUPPLIES,1,0
2501,TYCHE SILKY DURAG BLACK,,,300,0607203025283,BEAUTY SUPPLIES,1,0
2579,ADORE CRYSTAL CLEAR,,,950,0661157104012,BEAUTY SUPPLIES,17,0
2606,TREE HUT COFFEE SCRUB,,,2400,0075371002519,BEAUTY SUPPLIES,-2,0
2633,MAYBELLINE SUPERSTAY 375,,,2950,0041554559453,BEAUTY SUPPLIES,1,0
2652,LEE KOJIC ACID SOAP,,,1200,8852350600018,BEAUTY SUPPLIES,-12,0
2679,BEARD PALM BRUSH,,,900,0636227124634,BEAUTY SUPPLIES,0,0
2701,SILKY DURAG PINK TYCHE,,,550,0607203025405,BEAUTY SUPPLIES,0,0
2731,"MAYDE 36"" PONYTAIL 0P27",,,4200,0650270572822,BEAUTY SUPPLIES,0,0
2744,5X5 DEEP CURLY CLOSURE 20,,20,13500,,BUNDLES,1,0
2758,ELF STAY ALL DAY,,,1800,0609332828766,BEAUTY SUPPLIES,-2,0
2785,ELF POWER GRIP PRIMER,,,2500,0609332828469,BEAUTY SUPPLIES,-4,0
2791,REVLON COLOURSILK #11,,,800,0309978695110,BEAUTY SUPPLIES,14,0
2445,MODEL MODEL CORA,,,4500,,BEAUTY SUPPLIES,0,0
2502,DREAM STYLIST VEST BLACK,,,3900,0843632023227,BEAUTY SUPPLIES,2,0
2580,WOW YELLOW 2OZ,,,250,0850187001150,BEAUTY SUPPLIES,6,0
2607,TREE HUT COCONUT LIME SCRUB,,,2400,0075371003035,BEAUTY SUPPLIES,-2,0
2634,MITCHUM POWDER FRESH,,,800,0309978636007,BEAUTY SUPPLIES,0,0
2653,ORGANIC SULFUR SOAP,,,900,0753182120775,BEAUTY SUPPLIES,0,0
2680,MAGIC MATTE PRIMER,,,1200,0636227243021,BEAUTY SUPPLIES,1,0
2702,BRA STRAPS CLEAR,,,300,0692600118317,BEAUTY SUPPLIES,11,0
2732,VASELINE ESSENTIAL HEALING,,,590,0305213077000,BEAUTY SUPPLIES,3,0
2745,5X5 LOOSE DEEP WAVE CLOSURE 16,,16,12000,,BUNDLES,1,0
2759,LA COLOR BIGGIE LASH,,,800,0081555733254,BEAUTY SUPPLIES,1,0
2786,MAYBELLINE GLOSSER,,,1800,,BEAUTY SUPPLIES,-4,0
2792,DOVE PEAR & ALOE,,,700,8710908559235,BEAUTY SUPPLIES,6,0
2446,HISTORY-2 WIG,,,8500,,BEAUTY SUPPLIES,0,0
2503,ANNIE CUTTING CAPE,,,1500,,BEAUTY SUPPLIES,1,0
2581,EBIN TINTED LACE MOUSSE  MDB,,,1400,0812429039222,BEAUTY SUPPLIES,21,0
2608,TREE HUT COCO COLADA,,,2400,0075371003332,BEAUTY SUPPLIES,-3,0
2654,ORGANIC TUMERIC SOAP,,,900,0753182120720,BEAUTY SUPPLIES,0,0
2681,BABYLISS NECK STRIP ROLL,,LG,1500,0074108423085,BEAUTY SUPPLIES,4,0
2703,XTREME PRO EXPERT 35.27 oz (1KG,,,1450,0871217007119,BEAUTY SUPPLIES,12,0
2733,TRESEMME MOISTURE SHAMPOO,,,800,0022400393650,BEAUTY SUPPLIES,-3,0
2746,5X5 LOOSE DEEP WAVE CLOSURE 18,,18,12500,,BEAUTY SUPPLIES,1,0
2760,MAYBELLINE SKY HIGH MASCARA 803,,,2200,0041554590906,BEAUTY SUPPLIES,1,0
2787,AB FOOT FILE,,,750,0717264000003,BEAUTY SUPPLIES,10,0
2793,DOVE ORIGINAL,,,700,8717163965030,BEAUTY SUPPLIES,7,0
2808,MAYBELLINE OIL CONTROL POWDER,,,2500,0041554566505,BEAUTY SUPPLIES,2,0
2835,"JANET MAVERICK LOCS 24"" #1",,24,1950,0884593271487,BEAUTY SUPPLIES,1,0
2447,LP TINA STRAIGHT 32'',,,8000,,BEAUTY SUPPLIES,1,0
2504,DREAM STYLING CAPE,,,2400,0843632022824,BEAUTY SUPPLIES,2,0
2582,EBIN TINT SPRAY MB,,,1600,0812429033268,BEAUTY SUPPLIES,28,0
2609,TREE HUT COTTON CANDY,,,2400,0075371002953,BEAUTY SUPPLIES,-5,0
2655,GHANA BAR BLACK SOAP,,,900,,BEAUTY SUPPLIES,4,0
2682,STOCKING WIG CAPS 60 PCS,,,2400,0636227922230,BEAUTY SUPPLIES,0,0
2704,XTREME GEL 17.63 oz 500G,,,850,0871217007416,BEAUTY SUPPLIES,0,0
2734,TRESEMME CURLS CONDITIONER,,,800,0022400393735,BEAUTY SUPPLIES,0,0
2748,"PASSION WATER WAVE 22"" #1",,,1600,0827298845966,BEAUTY SUPPLIES,7,0
2761,MAYBELLINE SKY HIGH MASCARA 799,,,2200,0041554071863,BEAUTY SUPPLIES,1,0
2788,ORGANIC ALOE VERA SOAP,,,900,0753182120836,BEAUTY SUPPLIES,2,0
2794,VO5 KIWI CONDITIONER,,,400,0816559011073,BEAUTY SUPPLIES,2,0
2809,MAYBELLINE FIT ME #335,,,1950,0041554466492,BEAUTY SUPPLIES,1,0
2836,"JANET MAVERICK LOCS 24"" #2",,24,1950,0884593271500,BEAUTY SUPPLIES,1,0
2448,ALEXIS- VEILA WIG,,,5200,,BEAUTY SUPPLIES,0,0
2505,DREAM DURAG LONG TIE,,,300,0843632020714,BEAUTY SUPPLIES,20,0
2583,EBIN TINT SPRAY MDB,,,1600,0812429034524,BEAUTY SUPPLIES,25,0
2610,TREE HUT VITAMIN C,,,2400,0075371003400,BEAUTY SUPPLIES,-5,0
2656,ORGANIC OLIVE OIL SOAP,,,900,0492500134482,BEAUTY SUPPLIES,3,0
2683,FANTASEA WAXING APPLI 100PCS,,,750,0073930041009,BEAUTY SUPPLIES,0,0
2705,XTREME GEL 8.81oz,,,500,0871217000110,BEAUTY SUPPLIES,28,0
2735,TRESEMME VOLUME SHAMPOO,,,800,0022400393612,BEAUTY SUPPLIES,4,0
2749,GHANA 3X BOHEMIAN BOX #2,,18,2400,0828179185416,BEAUTY SUPPLIES,3,0
2762,MAYBELLINE FALSIES LASH LIFT201,,,2200,0041554578485,BEAUTY SUPPLIES,-1,0
2789,ANDIS CERAMIC GOLD HOT COMB,,,7000,0040102383359,BEAUTY SUPPLIES,-9,0
2795,VO5 KIWI SHAMPOO,,,400,0816559011066,BEAUTY SUPPLIES,2,0
2810,MAYBELLINE FIT ME #322,,,1950,0041554438192,BEAUTY SUPPLIES,4,0
2837,JANET MAVERICK LOCS #1,,18,1600,0884593272545,BEAUTY SUPPLIES,3,0
2706,ELASTIC BAND D/ BROWN,,,600,0840096924398,BEAUTY SUPPLIES,4,0
2736,VO5 EXTRA BODY CONDITIONER BONU,,,400,0816559010984,BEAUTY SUPPLIES,4,0
2750,JANET MAVERICK LOCS #1B,,18,1600,0884593272552,BEAUTY SUPPLIES,0,0
2763,MAYBELLINE SKY HIGH MASCARA 802,,,2200,0041554590913,BEAUTY SUPPLIES,0,0
2790,ANNIE CUTTING SCISORS,,,300,0705372050577,BEAUTY SUPPLIES,-10,0
2796,VO5 STRAWBERRIES SHAMPOO,,,400,0816559011172,BEAUTY SUPPLIES,1,0
2811,MAYBELLINE FIT ME #365,,,1950,0041554539721,BEAUTY SUPPLIES,1,0
2838,"SPRINGY AFRO TWIST  24"" 1",,,2250,,BEAUTY SUPPLIES,5,0
2840,AP HEAT PROTECTION&SHINE MIST,,,1300,,BEAUTY SUPPLIES,1,0
2867,JANET KID WAND CURL D/S,,,1950,0884593235380,BEAUTY SUPPLIES,1,0
2894,DOCTOR-NAIL REPAIR,,,900,0021959241146,BEAUTY SUPPLIES,5,0
2921,WALKERS TAPE EXTREME HOLD,,,2500,0816090022989,BEAUTY SUPPLIES,2,0
2934,AP OM SUPER RELAXER KIT,,,1500,0802535411050,BEAUTY SUPPLIES,1,0
2961,ARM & HAMMER ULTRA MAX FRESH,,,750,0033200197249,BEAUTY SUPPLIES,-1,0
2707,ELASTIC BAND BROWN,,,600,0840096924435,BEAUTY SUPPLIES,5,0
2737,VO5 EXTRA BODY SHAMPOO BONUS,,,400,0816559010991,BEAUTY SUPPLIES,5,0
2751,BMB WIG GLUE,,,900,0080229102112,BEAUTY SUPPLIES,-14,0
2764,NYX BUTTER GLOSS 02,,,800,0800897818463,BEAUTY SUPPLIES,-3,0
2797,V05 STRAWBERRIES CONDITIONER,,,400,0816559011189,BEAUTY SUPPLIES,0,0
2812,MAYBELLINE FIT ME #360,,,1950,0041554466522,BEAUTY SUPPLIES,0,0
2839,"SPRINGY AFRO TWIST 24"" 2T1B/30",,,2250,0827298868934,BEAUTY SUPPLIES,-1,0
2841,EBIN TINTED LACE 10X LWB,,,1800,0812429039666,BEAUTY SUPPLIES,18,0
2868,JANET AFRO PERM-L STRING,,,2250,0884593218819,BEAUTY SUPPLIES,1,0
2895,BEAUT MASCARA WAND,,,450,0840096937015,BEAUTY SUPPLIES,3,0
2922,OUTRE LUXY GINGER,,,7500,0827298943525,BEAUTY SUPPLIES,0,0
2935,AP OM REGULAR RELAER KIT,,,1500,0802535410053,BEAUTY SUPPLIES,2,0
2962,ARM & HAMMER ULTRA MAX COOL BLA,,,750,0033200197645,BEAUTY SUPPLIES,3,0
2988,DOMINICAN ONE NEW JERRY NAT BR,,"18""",2000,0828179589696,BEAUTY SUPPLIES,6,0
2708,ELASTIC BAND BROWN BLK,,,500,0840096923988,BEAUTY SUPPLIES,1,0
2765,NYX BUTTER GLOSS 13,,,800,0800897818579,BEAUTY SUPPLIES,-1,0
2798,OSSION RED,,,550,8681701007714,BEAUTY SUPPLIES,-16,0
2813,MAYBELLINE FIT ME #368,,,1950,0041554538731,BEAUTY SUPPLIES,1,0
2842,NATURES BLACK SOAP(SMALL),,,600,0763961292135,BEAUTY SUPPLIES,1,0
2869,WONDER GRO INDIAN HEMP,,,750,0743690086212,BEAUTY SUPPLIES,3,0
2896,BEAUT SILICONE MASCARA WAND,,,450,0840096937022,BEAUTY SUPPLIES,7,0
2923,OUTRE LUXY 613,,,7500,0827298943501,BEAUTY SUPPLIES,1,0
2936,"MAYDE P/T JELLY DIP 14"" CANDY",,,2700,0650270596699,BEAUTY SUPPLIES,0,0
2963,GILLETTE PRESTO,,,80,4902430648714,BEAUTY SUPPLIES,78,0
2989,DOMINICAN ONE NEW JERRY NAT BL,,"24""",2500,0828179589528,BEAUTY SUPPLIES,0,0
3012,JUST FOR MEN MUSTACHE&BEARD,,,2400,0011509049056,BEAUTY SUPPLIES,3,0
3031,DOMINICAN ONE NEW JERRY NAT BRO,,24'',2500,0828179589658,BEAUTY SUPPLIES,6,0
3058,TYCHE IONIC TURBO 3000,,,8000,,BEAUTY SUPPLIES,1,0
2766,NYX BUTTER GLOSS 05,,,800,0800897818494,BEAUTY SUPPLIES,-1,0
2799,DOVE ADVANCED CARE SHEER COOL,,,700,0079400448347,BEAUTY SUPPLIES,10,0
2814,MAYBELLINE FIT ME #330,,,1950,0041554433517,BEAUTY SUPPLIES,-1,0
2843,JUST FOR ME SOOTHING BALM,,,1500,0802535366060,BEAUTY SUPPLIES,2,0
2870,WONDER GRO BERGAMOT WITH OLIVE,,,750,0743690086182,BEAUTY SUPPLIES,2,0
2897,LOOKS L80 BRUSH CLEAR,,,250,0692541971132,BEAUTY SUPPLIES,12,0
2924,OUTRE LUXY # 1,,,7500,0827298943464,BEAUTY SUPPLIES,0,0
2937,ORGANIC HAIR BOOSTER,,,1000,0743690050336,BEAUTY SUPPLIES,1,0
2964,P&B RED ONE BLACK,,,1100,8697926016240,BEAUTY SUPPLIES,0,0
2990,DOMINICAN ONE DEEP CURLY NAT BL,,"18""",2000,0828179589566,BEAUTY SUPPLIES,-13,0
3013,JUST FOR MEN SHAMPOO RB,,,2000,0011509049353,BEAUTY SUPPLIES,3,0
3032,DOMINICAN ONE YAKI ST NAT BR,,24'',2500,0828179589863,BEAUTY SUPPLIES,-11,0
3059,SMOKKIN HAIR GEL WAX RED,,,900,8682678300020,BEAUTY SUPPLIES,0,0
3085,13X6 DEEP CURLY FRONTAL,,14,19000,,BUNDLES,2,0
2657,BARBICIDE 16OZ,,,950,0017922516113,BEAUTY SUPPLIES,6,0
2684,SLEEP CAP QFITT,,,400,0842510001500,BEAUTY SUPPLIES,16,0
2709,MELT BAND BLK,,,600,0658302225562,BEAUTY SUPPLIES,4,0
2767,L.A COLORS HOLO LIPGLOSS,,,1000,0081555784218,BEAUTY SUPPLIES,1,0
2800,DI FEEL BLACK CASTOR OIL,,,1550,0711716021363,BEAUTY SUPPLIES,5,0
2815,REMINGTON WET2STYLE 1 3/4,,,7500,0074590554823,BEAUTY SUPPLIES,0,0
2844,AP MAGICAL GRO HERB OIL,,,1500,0802535450530,BEAUTY SUPPLIES,2,0
2871,WONDER GRO COCONUT& TAR,,,750,0743690086380,BEAUTY SUPPLIES,1,0
2898,ISABELLA NIPPLE MINI COVER,,,800,0793227983057,BEAUTY SUPPLIES,4,0
2925,LAUDE P/T JAMAICA BRAID,,,3600,0768538819302,BEAUTY SUPPLIES,0,0
2938,EBIN TINTED FOAMING MOUSSE DB,,,1200,0812429039918,BEAUTY SUPPLIES,11,0
2965,TREE HUT STRAWBERRY,,,2400,0075371002687,BEAUTY SUPPLIES,0,0
2991,DOMINICAN ONE DEEP CURLY NAT BR,,"18""",2000,0828179589795,BEAUTY SUPPLIES,-3,0
2658,DR. MIRACLE SERUM 4OZ,,,1700,0802535231016,BEAUTY SUPPLIES,3,0
2685,WAX APPLI 100PCS,,,750,0087768600086,BEAUTY SUPPLIES,0,0
2768,"SPRINGY AFRO TWIST 16"" #2",,,1950,0827298830177,BEAUTY SUPPLIES,-1,0
2801,CON ARGAN OIL TREATMENT,,,1700,0075724251984,BEAUTY SUPPLIES,14,0
2816,"XX02 CURLY CLOSURE BOB 8""",,,15000,,BUNDLES,0,0
2845,ANNIE SHAMPOO&MASSAGE BRUSH,,,600,0705372029221,BEAUTY SUPPLIES,1,0
2872,LA CHARME EYELASHES,,,500,0020504046243,BEAUTY SUPPLIES,1,0
2899,NIPPLE SILICONE PAD,,,600,0892600140831,BEAUTY SUPPLIES,9,0
2926,"BOBBI BOSS 3X 14"" BUTTERFLY LOC",,,3600,0768538701447,BEAUTY SUPPLIES,0,0
2939,EBIN TINTED FOAMING MOUSSE LWB,,,1200,0812429039895,BEAUTY SUPPLIES,19,0
2966,DR TEALS PREBIOTIC LEMON BALM,,,2400,0810021208435,BEAUTY SUPPLIES,0,0
2992,3X KIMA DE LOCS #1B,,"20""",2400,0655302348208,BEAUTY SUPPLIES,0,0
3014,JUST FOR MEN SHAMPOO JB,,,2000,0011509049360,BEAUTY SUPPLIES,3,0
2659,DR MIRACLE GRO SUPER,,,1200,0802535232013,BEAUTY SUPPLIES,2,0
2769,YAMAN BRAID #1,,,1100,0896586174378,BEAUTY SUPPLIES,1,0
2802,AP BRAID LOC & TWIST GEL,,,1050,0802535100480,BEAUTY SUPPLIES,2,0
2817,"KS BOB 12""",,,19500,,BUNDLES,2,0
2846,TORNADO COILER MINI SPONGE,,,1050,0695019099277,BEAUTY SUPPLIES,1,0
2873,MAGIC 3IN1 EDGE BRUSH,,,300,0636227888895,BEAUTY SUPPLIES,13,0
2900,AB NO BRA BOOB TAPE NU,,,1500,0722070201117,BEAUTY SUPPLIES,7,0
2927,LAUDE VITA 14/16/18 WATER WAVE,,,6500,0768538855874,BEAUTY SUPPLIES,0,0
2940,EBIN TINTED FOAMING MOUSSE MB,,,1200,0812429039901,BEAUTY SUPPLIES,15,0
2967,TREE HUT PINK HIBISCUS,,,2400,0075371002588,BEAUTY SUPPLIES,-1,0
2993,3X KIMA DE LOCS #2,,"20""",2400,0655302348215,BEAUTY SUPPLIES,1,0
3015,JUST FOR MEN MUSTACHE JB,,,2400,0011509049063,BEAUTY SUPPLIES,2,0
3033,DOMINICAN ONE YAKI ST NAT BROWN,,18'',2000,0828179589870,BEAUTY SUPPLIES,10,0
3060,SMOKKIN HAIR GEL WAX ORANGE,,,900,8682678300044,BEAUTY SUPPLIES,0,0
2660,DR MIRACLE LEAVE IN CONDITIONER,,,1100,0802535225015,BEAUTY SUPPLIES,0,0
2770,"3X AFRO MARLEY TWIST 12"" #1",,,1750,0828179156454,BEAUTY SUPPLIES,1,0
2803,AP SHEA MIRACLE LEAVE IN COND,,,1150,0802535493155,BEAUTY SUPPLIES,4,0
2818,VAGISIL PEACH BLOSSOM,,,1400,0011509060341,BEAUTY SUPPLIES,12,0
2847,"HH CERAMIC CURLING IRON 1/2""",,,3000,0705372058627,BEAUTY SUPPLIES,1,0
2874,BIOSILK SILK THERAPY,,,3500,0633911744147,BEAUTY SUPPLIES,-3,0
2901,AB NO BRA BOOB TAPE CRM,,,1500,0722070101110,BEAUTY SUPPLIES,6,0
2928,ZURY BRAID BOHEMIAN,,,3300,0806993581027,BEAUTY SUPPLIES,1,0
2941,DUO INDIVIDUAL LASH GLUE DARK,,,1200,0073930568971,BEAUTY SUPPLIES,-2,0
2968,DR TEAL'S ROSE,,,2400,0810021207247,BEAUTY SUPPLIES,0,0
3016,ORS DAILY STYLING LOTION,,,1360,0632169121809,BEAUTY SUPPLIES,5,0
3034,DOMINICAN ONE YAKI ST NAT BLACK,,18'',2000,0828179589597,BEAUTY SUPPLIES,-48,0
3061,SMOKKIN HAIR GEL WAX BLUE,,,900,,BEAUTY SUPPLIES,0,0
2661,JML LOCKING FIRM WAX,,,1300,0714924294017,BEAUTY SUPPLIES,2,0
2771,3X PASSION SPRING TWIST,,8,2200,0828179172850,BEAUTY SUPPLIES,-6,0
2804,AP OLIVE MIRACLE LEAVE IN CONDI,,,1150,0802535434158,BEAUTY SUPPLIES,1,0
2819,VAGISIL CUCUMBER MAGNOLIA,,,1400,0011509060396,BEAUTY SUPPLIES,9,0
2848,"HH CERAMIC CURLING IRON 3/4""",,,3000,0705372058641,BEAUTY SUPPLIES,0,0
2875,INVISIBLE HD WIG CAP,,,500,,BEAUTY SUPPLIES,-162,0
2902,SILICONE LIFT NIPPLE COVER,,,1100,0719109000155,BEAUTY SUPPLIES,9,0
2929,MAYDE WIG BONBON,,,4500,0650270504755,BEAUTY SUPPLIES,1,0
2942,DUO INDIVIDUAL LASH GLUE CLEAR,,,1200,0073930568117,BEAUTY SUPPLIES,-2,0
2969,TREE HUT VANILLA,,,2400,0075371002946,BEAUTY SUPPLIES,-4,0
3017,ORS SS LEAVE-IN CONDITIONER,,,1360,0632169210206,BEAUTY SUPPLIES,4,0
3035,XTREME GEL 15.87OZ,,,700,0871217007317,BEAUTY SUPPLIES,0,0
3062,SMOKKIN HAIR GEL WAX BLACK,,,900,,BEAUTY SUPPLIES,0,0
2772,3X SPRINGY WATER WAVE T1BBG,,14,2100,0828179194494,BEAUTY SUPPLIES,0,0
2805,PALMERS ANTI ACNE MED BAR,,,600,0010181073861,BEAUTY SUPPLIES,1,0
2820,AMMENS POWDER,,,800,0789849940400,BEAUTY SUPPLIES,4,0
2849,"TYCHE CRIMPING IRON 1 1/2""",,,4800,0607203032823,BEAUTY SUPPLIES,2,0
2876,CERAVE FOAMING FACIAL CLEANSER,,,2800,3606000534919,BEAUTY SUPPLIES,-6,0
2903,500 PCS JAR RUBBER BAND,,,350,0718128000214,BEAUTY SUPPLIES,6,0
2930,ARLOS BEARD OIL W/COCONUT,,,900,0021959910066,BEAUTY SUPPLIES,2,0
2943,STARDEL LASHES,,,600,0846083808436,BEAUTY SUPPLIES,1,0
2970,DR TEAL'S CANNABIS SATIVA,,,2400,0810021207292,BEAUTY SUPPLIES,2,0
2996,HARLEM KIMA BRAIDS 2X DE LOCS 2,,"36""",3100,0655302355787,BEAUTY SUPPLIES,0,0
3018,CON DRY DEFENSE CONDIT,,,1250,0075724428010,BEAUTY SUPPLIES,8,0
3036,HEAD PIECE,,,1500,,BEAUTY SUPPLIES,0,0
3063,SMOKKIN HAIR GEL WAX WHITE,,,900,8682678303342,BEAUTY SUPPLIES,1,0
3086,NIPPLE PASTIE,,,1000,,BEAUTY SUPPLIES,-3,0
2773,3X SPRINGY WATER WAVE #1B,,14,2100,0828179194449,BEAUTY SUPPLIES,0,0
2806,VASELINE ORI PETROLEUM JELLY,,,300,0000600143992,BEAUTY SUPPLIES,6,0
2821,RIGHT GUARD ACTIVE,,,900,5012583204749,BEAUTY SUPPLIES,0,0
2850,"TYCHE GOLD FLAT IRON 1""",,,3900,0607203018131,BEAUTY SUPPLIES,2,0
2877,JANET CHERRY D/S,B,,2400,0884593095311,BEAUTY SUPPLIES,-3,0
2904,MAGIC MATTE TATTOO EYELINER,,,700,0636227242222,BEAUTY SUPPLIES,4,0
2931,ARLOS BEAR OIL W/TEA TREE OIL,,,900,0021959910189,BEAUTY SUPPLIES,2,0
2944,AP REGULAR TOUCH UP,,,900,0802535400016,BEAUTY SUPPLIES,3,0
2971,MAGIC SLANT TWEEZER 5071,,,100,0636227350712,BEAUTY SUPPLIES,61,0
2997,BRAZILLIAN FRENCH TWIST 12S NAT,,,4700,,BEAUTY SUPPLIES,6,0
3019,SUMMER'S EVE MORNING PARADISE,,,1250,0041608001426,BEAUTY SUPPLIES,2,0
3037,HEAD AND SHOUULDERS MEN,,,1200,4902430857345,BEAUTY SUPPLIES,5,0
3064,SMOKKIN HAIR GEL WAX PINK,,,900,8682678301768,BEAUTY SUPPLIES,0,0
3087,"4X4 STRAIGHT BLUNT CUT WIG 14""",,,23000,,BUNDLES,0,0
2774,3X SPRINGY BOHEMIAN #1B,,24,2900,0828179174908,BEAUTY SUPPLIES,-2,0
2807,KNOBS,,,400,,BEAUTY SUPPLIES,-5,0
2822,RIGHT GUARD INVISIBLE,,,900,5012583200758,BEAUTY SUPPLIES,2,0
2851,ANNIE ROUND TOP PADDLE BRUSH,,,900,0705372023731,BEAUTY SUPPLIES,-2,0
2878,PINEAPPLE 10S,,,2500,0803868447860,BEAUTY SUPPLIES,-4,0
2905,MAGIC EYEBROW MARKER,,,700,0636227241416,BEAUTY SUPPLIES,0,0
2932,ARLOS BEARD OIL W/VITAMIN E,,,900,0021959910196,BEAUTY SUPPLIES,2,0
2945,AP SUPER TOUCH UP,,,900,0802535401013,BEAUTY SUPPLIES,2,0
2972,"DEEP CURLY FRONTAL WIG 20""",,20,36000,,BUNDLES,2,0
2998,BRAZILLIAN DEEP 10S #NAT,,,3300,0828179159950,BEAUTY SUPPLIES,1,0
3020,SUMMER'S EVE DELICATE BLOSSOM,,,1250,0041608001389,BEAUTY SUPPLIES,1,0
3038,SOPRANO FRENCH TWIST 12,,,4700,0828179164978,BEAUTY SUPPLIES,4,0
3065,"DESTINY YAKI STRAIGHT 18""",,,2500,0828179143645,BEAUTY SUPPLIES,0,0
3088,"HD 5X5 STRAIGHT CLOSURE 14""",,"14""",15000,,BEAUTY SUPPLIES,0,0
2775,3X SPRINGY BOHEMIAN T1B30,,24,2900,0828179175141,BEAUTY SUPPLIES,2897,0
2823,PALMER'S STRETCH MARK CREAM,,,1390,0010181040351,BEAUTY SUPPLIES,1,0
2852,MAGIC CLUB BOAR BRUSH,,,450,0636227177012,BEAUTY SUPPLIES,-1,0
2879,"CONAIR 1"" CURLING IRON",,,4500,0074108376275,BEAUTY SUPPLIES,0,0
2906,NIPPLE SILICONE PAD 38,,,800,0892600140824,BEAUTY SUPPLIES,11,0
2933,CON STYLING SNOT,,,1200,0075724217867,BEAUTY SUPPLIES,3,0
2946,SAMBA WRAP PONYTAIL,,,3000,0655302358351,BEAUTY SUPPLIES,0,0
2973,DEEP CURLY FRONTAL  WIG 22'',,22,44000,,BUNDLES,2,0
2999,"3X XPRESSION PRE-STRE 58"" 1B/27",,"58""",1100,0803868499975,BEAUTY SUPPLIES,-1,0
3021,AUNT JACKIE'S FRIZZ REBEL,,,1200,0034285690069,BEAUTY SUPPLIES,10,0
3039,NAIR BODY CREAM- BABY OIL,,,1300,0022600223191,BEAUTY SUPPLIES,12,0
3066,DOMINICAN ONE YAKI STR NAT BL,,24,2500,0828179589580,BEAUTY SUPPLIES,-53,0
3089,"HD 5X5 STRAIGHT CLOSURE 16""",,"16""",16000,,BEAUTY SUPPLIES,0,0
3108,"1.5X4 GINGER BOB 8""",,"8""",18000,,BEAUTY SUPPLIES,-1,0
2776,3X BUTTERFLY LOCS 10/12/14 1B27,,,3400,0884593282001,BEAUTY SUPPLIES,3,0
2824,ELF PUTTY BLUSH (81540),,,1650,0609332815407,BEAUTY SUPPLIES,1,0
2853,ANNIE ROUND PADDLE BRUSH,,,700,0705372022499,BEAUTY SUPPLIES,-2,0
2880,"LOOKS D/BROWN 1 1//2"" MELT BAND",,,600,0840096924411,BEAUTY SUPPLIES,3,0
2907,FASHION TIARA,,,2000,0692600151123,ACCESSORIES,1,0
2947,"BODY WAVE FRONTAL WIG 28""",,28,60000,,BUNDLES,1,0
2974,DEEP CURLY FRONTAL  WIG 18'',,18,28000,,BUNDLES,0,0
3000,"3X XPRESSION PRE-STR 58"" 1B",,"58""",1100,0803868495670,BEAUTY SUPPLIES,-17,0
3022,CM DRY DEFENSE SHAMPOO,,,1250,0075724428003,BEAUTY SUPPLIES,8,0
3040,NAIR BODY CREAM- COCOA BUTTER,,,1200,0022600223399,BEAUTY SUPPLIES,5,0
3067,ASHLEY LEE HIGH SHINE POLISH,,,400,,BEAUTY SUPPLIES,-18,0
3090,"HD 5X5 STRAIGHT CHOSURE 18""",,"18""",17000,,BEAUTY SUPPLIES,1,0
3109,"5X5 BLUNT CUT BOB 10""",,"10""",21000,,BEAUTY SUPPLIES,3,0
3127,FIT ME POWDER #320,,,1950,0041554488357,BEAUTY SUPPLIES,0,0
2777,SPRINGY AFRO TWIST 3X #1B,,24,2250,0827298837800,BEAUTY SUPPLIES,0,0
2825,ELF PUTTY BLUSH- TAHITI,,,1650,0609332816213,BEAUTY SUPPLIES,0,0
2854,AJ FLAXEED SMOOTHING GEL,,,1300,0034285672027,BEAUTY SUPPLIES,5,0
2881,"CONAIR 1 1/4"" CURLING IRON",,,4500,0074108376282,BEAUTY SUPPLIES,0,0
2908,FASHION TIARA 3GD,,,1800,0892600143733,BEAUTY SUPPLIES,1,0
2948,"BODY WAVE FRONTAL WIG 30""",,30,63000,,BUNDLES,0,0
2975,"BODY WAVE FRONTAL WIG 12""",,12,23000,,BUNDLES,1,0
3001,DOMINICAN SHORT BOHEMIAN NAT BL,,"12""",3300,0828179180244,BEAUTY SUPPLIES,1,0
3023,AP OIL MOISTURIZER LOTION,,,960,0802535442122,BEAUTY SUPPLIES,6,0
3041,MAGIC HARD CLUB BRUSH #7722,,,450,0636227177227,BEAUTY SUPPLIES,0,0
3068,HEAD MASSAGER SILVER,,,1000,0616513693082,BEAUTY SUPPLIES,0,0
3091,"HD 5X5 DEEP WAVE CLOSURE 14""",,"14""",15000,,BEAUTY SUPPLIES,0,0
3110,"5X5 BLUNT CUT BOB 12""",,"12""",22500,,BEAUTY SUPPLIES,0,0
3128,FIT ME POWDER #310,,,1950,0041554433845,BEAUTY SUPPLIES,1,0
2778,SPRINGY AFRO TWIST 24'' #1,,24,2250,0827298837794,BEAUTY SUPPLIES,0,0
2826,ELF PUTTY BLUSH (81622),,,1650,0609332816220,BEAUTY SUPPLIES,0,0
2855,EBIN HOLDING GEL SUPREME 40Z,,,1100,0812429039215,BEAUTY SUPPLIES,-12,0
2882,"REMINGTON PEARL 2""",,,0,0074590508642,BEAUTY SUPPLIES,0,0
2909,FASHION TIARA 3,,,1500,0892600113835,BEAUTY SUPPLIES,1,0
2949,"BURMESE CURLY FRONTAL WIG 22""",,22,44000,,BEAUTY SUPPLIES,0,0
2976,"BODY WAVE FRONTAL WIG 14""",,14,25000,,BUNDLES,0,0
3002,SPRINGY BOHEMIAN TWIST #1B,,"16""",1950,0827298942405,BEAUTY SUPPLIES,2,0
3024,ORS SULFRATE FREE SHAMPOO,,,1360,0632169210169,BEAUTY SUPPLIES,4,0
3042,LUSTERS PINK OIL SHEEN 2OZ,,,600,0038276050122,BEAUTY SUPPLIES,3,0
3069,COLORGEL NAIL POLISH,,,450,,BEAUTY SUPPLIES,-12,0
3092,"HD 5X5 DEEP WAVE CLOSURE 16""",,,16000,,BEAUTY SUPPLIES,0,0
3111,"4X4 BLUNT CUT BOB 14""",,"14""",23000,,BEAUTY SUPPLIES,2,0
3129,MAYBELLINE FIT ME #355,,,1950,0041554433524,BEAUTY SUPPLIES,-2,0
2779,ULTIMATE AFRO KINKY BULK 1B,,12,3750,0886415036991,BUNDLES,1,0
2827,SPRINGY AFRO TWIST #51,,,1950,0827298831891,BEAUTY SUPPLIES,3,0
2856,ANNIE ASSORTED BUBBER BANDS 300,,,150,0705372031521,BEAUTY SUPPLIES,2,0
2883,EBIN TINT LACE 10X DB,,,1950,0812429039697,BEAUTY SUPPLIES,2,0
2910,FASHION TIARA 4,,,1500,0892600136001,BEAUTY SUPPLIES,1,0
2950,"BURMESE CURLY FRONTAL WIG 24""",,24,49000,,BUNDLES,0,0
2977,"STRAIGHT FRONTAL WIG 32""",,32,69000,,BUNDLES,0,0
3003,AFRO KINKY #1B,,"20""",1500,,BEAUTY SUPPLIES,3,0
3025,TRESEMME RICH MOIS CONDITIONER,,,800,0022400393759,BEAUTY SUPPLIES,0,0
3043,STELLA HANDLE COMB,,,150,0636227072638,BEAUTY SUPPLIES,12,0
3070,P&B RED ONE BRONZE,,,1100,8697926018558,BEAUTY SUPPLIES,4,0
3093,"HD 5X5 DEEP WAVE CLOSURE 18""",,"18""",17000,,BEAUTY SUPPLIES,1,0
3112,SPRAY BOTTLE SMALL,,,300,0636227490869,BEAUTY SUPPLIES,-5,0
3130,MAYBLLINE FIT ME #358,,,1950,0041554538717,BEAUTY SUPPLIES,2,0
3044,ANNIE LARGE FINGER DIFFUSER,,,1800,0705372029931,BEAUTY SUPPLIES,4,0
3071,CALA BEARD SHAPER SET,,,1200,0616513506573,BEAUTY SUPPLIES,2,0
3094,"HD 5X5 DEEP CURLY CLOSURE 14""",,"14""",15000,,BEAUTY SUPPLIES,1,0
3113,DOMINICAN ONE YAKI ST NAT BROWN,,30,3000,0828179589856,BEAUTY SUPPLIES,0,0
3131,MAYBELLINE FIT ME #320,,,1950,0041554466478,BEAUTY SUPPLIES,1,0
3145,CURLSHOW STYLING CREAM SACHET,,,360,0632169121892,BEAUTY SUPPLIES,7,0
3159,TYCE HAIR DRYER CHIC,,,5500,0607203035534,BEAUTY SUPPLIES,1,0
3171,RED DETANGLE BRUSH 9 ROW HH61,,,1200,0649674065948,BEAUTY SUPPLIES,0,0
3180,BLOOM BUNDLE BEACH CURL 16/18/2,,,6000,0650270675059,BEAUTY SUPPLIES,1,0
3185,CALA CONCEALER BRUSH 76306,,,600,0616513763068,BEAUTY SUPPLIES,0,0
3189,CALA ANGLED CONTOURED BRUSH,,,900,0616513763020,BEAUTY SUPPLIES,3,0
3193,DRY WASH,JAMAICAN MANGO AND LIME FRESH AND FOAM,,1500,0746817810189,BEAUTY SUPPLIES,2,0
3197,LOCK'N SHINE 8 oz,BRAID GEL,,2100,0810122680512,BEAUTY SUPPLIES,0,0
3201,CONTROL WIG SPRAY 3 IN 1,WIG SPAY,120oz,1200,0746817312089,BEAUTY SUPPLIES,0,0
2828,3X BUTTERFLY LOCS 10/12/14 #4,,,3400,0884593281950,BEAUTY SUPPLIES,1,0
2857,"ANNIE ELASTIC SILICONE 1 1/8""",,,600,0705372034454,BEAUTY SUPPLIES,6,0
2884,APETAMIN SYRUP,,,5000,8908002671971,BEAUTY SUPPLIES,-22,0
2911,FASHION TIARA 5,,,1200,0892600126392,ACCESSORIES,1,0
2951,"BURMESE CURLY FRONTAL WIG 26""",,26,54000,,BEAUTY SUPPLIES,0,0
2978,AOA CUTICLE OIL,,,600,0100000114780,BEAUTY SUPPLIES,1,0
3004,AFRO KINKY #1,,"20""",1500,0828179968804,BEAUTY SUPPLIES,-1,0
3026,TRESEMME ANTI BREAKAGE CONDITIO,,,800,0022400393766,BEAUTY SUPPLIES,1,0
3045,"DIANE BRUSH ROUND 2"" #1031",,,1400,0824703010315,BEAUTY SUPPLIES,1,0
3072,SALON PRO 30 SEC 10Z,,,400,0746817584165,BEAUTY SUPPLIES,0,0
3095,"HD 5X5 DEEP CURLY CLOSURE 16""",,"16""",16000,,BEAUTY SUPPLIES,0,0
3114,DOMINICAN ONE YAKI ST NAT BROWN,,,3000,0828179589573,BEAUTY SUPPLIES,0,0
3132,MANGO AND LIME NO MORE ITCH,,,1100,0714924290408,BEAUTY SUPPLIES,2,0
3146,CURLSHOW LEAVE IN CONDITIONER G,,,1680,0632169121830,BEAUTY SUPPLIES,4,0
2829,"XPRESSION 84"" #30",,,850,0828179928853,BEAUTY SUPPLIES,-11,0
2858,EBIN LACE MELT SPRAY EMH,,,1400,0812429039130,BEAUTY SUPPLIES,10,0
2885,BIGEN ORIENTAL BLACK,,,950,0033859905592,BEAUTY SUPPLIES,8,0
2912,FASHION TIARA 6,,,1800,0892600113750,ACCESSORIES,1,0
2952,"PINEAPPLE WAVE FRONTAL WIG 22""",,22,44000,,BEAUTY SUPPLIES,0,0
2979,AOA CUTICLE OIL LEMON,,,600,0100000114773,BEAUTY SUPPLIES,0,0
3005,GHANA SPRING TWIST #BLACK,,"8""",2400,,BEAUTY SUPPLIES,6,0
3027,CM LEAVE IN DETANGLER,,,1250,0075724428034,BEAUTY SUPPLIES,8,0
3046,"DIANE ROUND BRUSH 1 3/4""",,,1200,0824703010308,BEAUTY SUPPLIES,2,0
3073,M AND M WIG AND WEAVE CAP,,,300,0842510005041,BEAUTY SUPPLIES,4,0
3096,"HD 5X5 DEEP CURLY CLOSURE 18""",,"18""",17000,,BEAUTY SUPPLIES,1,0
3115,REMY ILLUSION NATURAL BODY,,30,3000,0884593275621,BEAUTY SUPPLIES,1,0
3133,H N P PLACENTA ORIGINAL,,,800,0071164341018,BEAUTY SUPPLIES,4,0
3147,CURLSHOW STYLING CREAM,,,1600,0632169121779,BEAUTY SUPPLIES,6,0
2830,"XPRESSION 84"" #L613",,,850,0828179987218,BEAUTY SUPPLIES,10,0
2859,AP 2IN1 SHAMPOO,,,1200,0802535440128,BEAUTY SUPPLIES,6,0
2886,RA PURE SHEA BUTTER CHUNKY,,10,2100,0850546001272,BEAUTY SUPPLIES,4,0
2913,FASHION TIARA 7,,,2400,0892600113798,ACCESSORIES,1,0
2953,"PINEAPPLE WAVE FRONTAL WIG 24""",,24,49000,,BUNDLES,0,0
2980,ELF HYDRATING FACE PRIMER 0.5,,,0,0609332834064,BEAUTY SUPPLIES,2,0
3006,BIJ AFRO KINKY #1B,,"12""",960,0828179968583,BEAUTY SUPPLIES,0,0
3028,APHOGEE 2-STEP TREATMENT,,,670,0015228131283,BEAUTY SUPPLIES,6,0
3047,"DIANE ROUND BBRUSH 1 1/4""",,,1200,0824703010292,BEAUTY SUPPLIES,2,0
3074,M&M ADJUSTABLE VELCRO MESH WRAP,,,450,0842510003061,BEAUTY SUPPLIES,-3,0
3097,"HD 13X4 STRAIGHT FRONTAL 14""",,"14""",21000,,BEAUTY SUPPLIES,0,0
3116,SILK BRAID BONNET XL,,,1000,,BEAUTY SUPPLIES,-3,0
3134,H N P PLACENTA SUPER STRENGTH,,,800,0071164341025,BEAUTY SUPPLIES,3,0
3148,CURLSHOW CURL N SMOOTH  PUDDING,,,1600,0632169121991,BEAUTY SUPPLIES,4,0
3160,TYCHE HAIR DRYER IONIC  3000,,,8700,0607203011118,BEAUTY SUPPLIES,-1,0
2831,3X GHANA PRE-STRETCHED 1B,,60'',1300,8281791570930,BEAUTY SUPPLIES,0,0
2860,ARDELL LASHES SHORT,,,600,,BEAUTY SUPPLIES,-1,0
2887,AMBI GOAT MILK SOAP,,,900,0850004234822,BEAUTY SUPPLIES,-1,0
2914,FASHION TIARA 8,,,2400,0892600135967,ACCESSORIES,0,0
2954,"PINEAPPLE WAVE FRONTAL WIG 26""",,26,54000,,BUNDLES,0,0
2981,ELF HYDRATING FACE PRIMER 1 0Z,,,0,0609332834149,BEAUTY SUPPLIES,2,0
3007,XPRESSION #4,,,950,,BEAUTY SUPPLIES,-6,0
3029,COTTON PADS,,,350,6939540008006,BEAUTY SUPPLIES,0,0
3048,KOJIC TOMATO GLUTA SOAP,,,1200,8859288000767,BEAUTY SUPPLIES,13,0
3075,BEARD GUYS BEARD SERUM,,,2100,0746817004564,BEAUTY SUPPLIES,4,0
3098,"HD 13X4 STRAIGHT FRONTAL 16""",,"16""",22000,,BEAUTY SUPPLIES,0,0
3117,"OMBRE BLUNT BOB 10"" C23",,,18500,,BUNDLES,2,0
3135,PALMERS DARK SPOT CLEANSER,,,1700,0010181075155,BEAUTY SUPPLIES,3,0
3149,CURLSHOW CURL CREATOR,,,1600,0632169121786,BEAUTY SUPPLIES,5,0
3161,TYCHE HAIR DRYER TYPHOON GOLD,,,5100,0607203028482,BEAUTY SUPPLIES,1,0
2832,3X GHANA PRE-STRETCHED 1,,"60""",1300,8281791570862,BEAUTY SUPPLIES,-1,0
2861,SPRAY BOTTLE 18.50Z PINK,,,450,0705372047515,BEAUTY SUPPLIES,-1,0
2888,BEAUT STYLING BRUSH,,,1200,0840096916324,BEAUTY SUPPLIES,4,0
2915,FASHION TIARA 9,,,4000,0892600111886,ACCESSORIES,1,0
2955,"PINEAPPLE WAVE FRONTAL WIG 28""",,28,60000,,BUNDLES,0,0
2982,MILANI MAKE IT LAST,,,2500,0717489850032,BEAUTY SUPPLIES,0,0
3008,XPRESSION #2,,,950,,BEAUTY SUPPLIES,-14,0
3030,MINI SCISSORS,,,0,,BEAUTY SUPPLIES,4,0
3049,L GLUTA POWER SOAP,,,1200,8852350620078,BEAUTY SUPPLIES,3,0
3076,BEARD GUYS BEARD WASH,,,1800,0746817004113,BEAUTY SUPPLIES,0,0
3099,"HD 13X4 STRAIGHT FRONTAL 18""",,"18""",23000,,BEAUTY SUPPLIES,1,0
3118,"JOY CURLY BANG WIG 14""",,,21000,,BUNDLES,-1,0
3136,PALMERS TUMMY BUTTER,,,2160,0010181040764,BEAUTY SUPPLIES,6,0
3150,CURLSHOW CURL STYLE MOUSSE,,,1450,0632169121717,BEAUTY SUPPLIES,2,0
3162,HOT AND HOTTER TITANIUM TURBO 5,,,5100,0705372059105,BEAUTY SUPPLIES,0,0
2864,CALA TOENAIL NIPPER,,,1400,0616513707703,BEAUTY SUPPLIES,5,0
2891,PRINCESS KOHL EYELINER,,,150,0716189089179,BEAUTY SUPPLIES,71,0
2918,LIL LOOKS BEADED BOX BRAIDS,,,3000,0827298946892,BEAUTY SUPPLIES,-19,0
2956,AIRPOD CASE,,,1250,,BEAUTY SUPPLIES,-1,0
2983,NYX BARE WITH ME,,,2200,0800897182342,BEAUTY SUPPLIES,1,0
3009,"RC JERRY 18"" 20"" 22""#1",,"18"" 20"" 22""",3200,8281791705592,BUNDLES,0,0
3050,GLUTATHONE SOAP,,,1200,,BEAUTY SUPPLIES,0,0
3077,BEARD GUYZ BEARD OIL,,,2100,0746817004137,BEAUTY SUPPLIES,1,0
3100,"HD 13X4 STRAIGHT FRONTAL 20""",,"20""",25000,,BEAUTY SUPPLIES,0,0
3119,RED DETANGLING NON SLIP BRUSH,,,900,0649674065689,BEAUTY SUPPLIES,4,0
3137,PALMERS FADE MILK,,,2300,0010181077067,BEAUTY SUPPLIES,10,0
3151,CURLSHOW CURL STYLE MILK,,,1450,0632169121977,BEAUTY SUPPLIES,5,0
3163,TYCHE CERAMIC TURBO 2700,,,6600,0607203044949,BEAUTY SUPPLIES,0,0
3172,GOGO DRAWSTRING PONY GDS06,,,2400,0655302357538,BEAUTY SUPPLIES,-2,0
3181,JANET BRAID PONY FARGO,,,3000,0884593313798,BEAUTY SUPPLIES,0,0
2865,CALA EYELASH CURLER,,,450,0616513707055,BEAUTY SUPPLIES,0,0
2892,LOOKS ANGLED TIP APPLICATOR,,,400,0840096918830,BEAUTY SUPPLIES,3,0
2919,LIL LOOKS BEADED TWISTS #1B,,,3000,0827298946755,BEAUTY SUPPLIES,1,0
2957,DONOR CLIP IN 16,,16,18000,,BUNDLES,2,0
2984,ELF MAKEUP MIST AND SET,,,0,0609332860148,BEAUTY SUPPLIES,2,0
3010,"RC JERRY 18"" 20"" 22"" #2",,"18"" 20"" 22""",3200,8281791705738,BEAUTY SUPPLIES,0,0
3051,KOJIC GLUTA PAPAYA ARBUTIN,,,1200,8859288000897,BEAUTY SUPPLIES,5,0
3078,BEARD GUYZ BEARD BUTTER,,,1700,0746817004304,BEAUTY SUPPLIES,3,0
3101,"HD 13X4 BODY WAVE FRONTAL 14""",,"14""",21000,,BEAUTY SUPPLIES,1,0
3120,DOMINICAN ONE DC ASH27,,"24""",2500,0828179589788,BEAUTY SUPPLIES,0,0
3138,PALMERS FADE CREAM,,,1580,0010181075506,BEAUTY SUPPLIES,6,0
3152,CURLSHOW CURL CREATOR SACHET,,,360,0632169122004,BEAUTY SUPPLIES,5,0
3164,BT 2 WAY TORNADO COILER,,,1700,0695019099260,BEAUTY SUPPLIES,0,0
3173,"PRETTY QUICK  BRAIDED PONY 32""",,,3000,,BEAUTY SUPPLIES,-6,0
2866,JANET AFRO PUFF 2PCS,,,2250,0841013001871,BEAUTY SUPPLIES,0,0
2893,GLITTER BONE TAIL COMB,,,150,0840096917871,BEAUTY SUPPLIES,48,0
2920,LIL LOOKS  GOLD CUFFED TWISTA,,,3000,0827298946830,BEAUTY SUPPLIES,-2,0
2958,ADORE JET BLACK,,,950,0661157101219,BEAUTY SUPPLIES,10,0
2985,ELF POWER GRIP W/ NIA,,,2500,0609332815179,BEAUTY SUPPLIES,2,0
3011,"RC JERRY 18"" 20"" 22"" #1B",,,3200,8281791705660,BEAUTY SUPPLIES,-3,0
3052,MAGIC COTTON PADS,,,450,0636227290032,BEAUTY SUPPLIES,6,0
3079,BEARD GUYZ BEARD BALM,,,2100,0746817004151,BEAUTY SUPPLIES,3,0
3102,"HD 13X4 BODY WAVE FRONTAL 16""",,"16""",22000,,BEAUTY SUPPLIES,0,0
3121,SOLO EXPRESS DEEP BULK #1B,,"18""",7500,0828179576177,BEAUTY SUPPLIES,-1,0
3139,DOVE RESTORING RITUAL,,,600,8717163714843,BEAUTY SUPPLIES,4,0
3153,MIELLE ROSEMARY MINT MASQUE,,,1950,0854102006763,BEAUTY SUPPLIES,4,0
3165,ANNIE EXTRA JUMBO PADDLE BRUSH,,,1200,0705372023717,BEAUTY SUPPLIES,0,0
3174,BLOOM BUNDLE DEEP TWIST 16/18/2,,,6000,0650270675141,BEAUTY SUPPLIES,1,0
2833,3X GHANA PRE-STRETCHED #2,,,1300,8281791571234,BEAUTY SUPPLIES,3,0
2862,SPRAY BOTTLE 18.5OZ YELLOW,,,600,0705372047508,BEAUTY SUPPLIES,2,0
2889,LOOKS SPRAY BOTTLE 120Z,,,400,0840096924367,BEAUTY SUPPLIES,0,0
2916,FASHION TIARA 10,,,2400,0892600111916,ACCESSORIES,1,0
2959,"DONOR CLIP IN 14""",,,14000,,BUNDLES,3,0
2986,ELF PUTTY PRIMER APPLI,,,0,0609332841161,BEAUTY SUPPLIES,3,0
3053,RED PERFECT MELT BAND 13/4,,,600,0649674055321,BEAUTY SUPPLIES,5,0
3080,"5X5 BLUNT CUT BOB 14""",,14,25000,,BEAUTY SUPPLIES,1,0
3103,"HD 13X4 BODY WAVE FRONTAL 18""",,"18""",23000,,BEAUTY SUPPLIES,0,0
3122,THE ORDINARY HYALURONIC ACID,,,2300,0769915190199,BEAUTY SUPPLIES,-3,0
3140,DELUXE SILKEN,,,1280,0788581015506,BEAUTY SUPPLIES,2,0
3154,VASELINE BABY MEDIUM,,,380,0000600190668,BEAUTY SUPPLIES,5,0
3166,MAGIC BRAIDER BAND PINK,,,1200,0636227205050,BEAUTY SUPPLIES,1,0
3175,CALA ECO NATURALE BRUSH SET,,,2500,0616513767332,BEAUTY SUPPLIES,1,0
2834,3X GHANA PRE-STRETCHED 4,,"60""",1300,0828179157116,BEAUTY SUPPLIES,-3,0
2863,SPRAY BOTTLE 20 OZ,,,600,0705372047492,BEAUTY SUPPLIES,1,0
2890,LOOKS DELUXE SPRAY BOTTLE 170Z,,,500,0840096920925,BEAUTY SUPPLIES,0,0
2917,METASOL CREAM,,,900,0678924331069,BEAUTY SUPPLIES,4,0
2960,"DONOR CLIP IN 18""",,18,22000,,BUNDLES,3,0
2987,DOMINICAN ONE NEW JERRY #NAT BL,,"18""",2000,0828179589535,BEAUTY SUPPLIES,1,0
3054,MAGIC PIN TAIL STYLING COMB,,,120,0636227425076,BEAUTY SUPPLIES,72,0
3081,BLONDE FRONTAL WIG,,"10""",32500,,BEAUTY SUPPLIES,-1,0
3104,"HD 13X4 DEEP WAVE FRONTAL 16""",,"16""",22000,,BEAUTY SUPPLIES,0,0
3123,CERAVE ACNE CONTOL GEL,,,3800,3606000575172,BEAUTY SUPPLIES,2,0
3141,DIFEEL PEPPERMINT HAIR OIL,,,1600,0711716810448,BEAUTY SUPPLIES,2,0
3155,THE ORDINARY NIACINAMIDE 10%,,,2000,0769915190311,BEAUTY SUPPLIES,3,0
3167,MAGIC BRAIDER BAND PURPLE,,,1200,0636227205067,BEAUTY SUPPLIES,1,0
3176,SCALPMASTER WIDE NECK DUSTER,,,1100,0087768002026,BEAUTY SUPPLIES,3,0
3055,ARDELL NEDIUM TRIPLE,,,900,0074764664969,BEAUTY SUPPLIES,3,0
3082,13X6 DEEP WAVE FRONTAL,,14,19000,,BUNDLES,3,0
3105,"HD 13X4 DEEP WAVE FRONTAL 18""",,"18""",23000,,BEAUTY SUPPLIES,0,0
3124,SO JUICY PLUMPING GLOSS,,,0,0192250009077,BEAUTY SUPPLIES,0,0
3142,DIFEEL ULTRA GROWTH HAIR OIL,,,1600,0711716810011,BEAUTY SUPPLIES,2,0
3156,BIOSILK SILK THERAPY 12OZ,,12,6500,0633911744956,BEAUTY SUPPLIES,0,0
3168,CALA SILKY GLIDE 50708,,,1500,0616513507082,BEAUTY SUPPLIES,1,0
3177,AB FOOT FILE ASSORTED,,,750,0695840101170,BEAUTY SUPPLIES,22,0
3182,DREAM ADJUSTABLE CAP DRE157,,,750,0843632022091,BEAUTY SUPPLIES,3,0
3186,CALA DELUXE POWDER BRUSH  76301,,,1350,0616513763013,BEAUTY SUPPLIES,3,0
3190,CALA FOUNDATION BRUSH,,,700,0616513763037,BEAUTY SUPPLIES,3,0
3194,EBIN TINTED JET BLACK,JET BLACK TINTED COLOR,,1200,0810122680413,BEAUTY SUPPLIES,-1,0
3198,EBIN TINTED COLOR DARKEST BROWN,TINTED COLOR,,1200,0810122680437,BEAUTY SUPPLIES,7,0
3202,MAGIC BEARD BUTTER,COCOA BUTTER AND CEDAR WOOD,3.5oz,1350,0075285216354,BEAUTY SUPPLIES,3,0
3056,ANNIE RAT TAIL SECTION COMB,,,120,10705372003495,BEAUTY SUPPLIES,31,0
3083,13X6 DEEP WAVE FRONTAL,,16,20000,,BUNDLES,1,0
3106,"HD 13X4 DEEP WAVE FRONTAL 20""",,"20""",25000,,BEAUTY SUPPLIES,1,0
3125,MAYBELLINE FIT ME #362,,,1950,0041554538724,BEAUTY SUPPLIES,2,0
3143,DIFEEL ROSEMARY AND MINT OIL,,,1600,0711716315028,BEAUTY SUPPLIES,1,0
3157,SNAP COMB WIG CLIP,,,200,0636227490753,BEAUTY SUPPLIES,2,0
3169,"OUTRE PQ PONY KAJO 10"" 1B",,,3000,0827298938002,BEAUTY SUPPLIES,1,0
3178,DREAM WEAVING  CAP NATURAL,,,450,0843632042693,BEAUTY SUPPLIES,12,0
3183,ANNIE HAIR PIN 1 3/4 3112,,,220,0705372031125,BEAUTY SUPPLIES,15,0
3187,CALA BAMBOO POWDER BRUSH,,,1000,0616513764812,BEAUTY SUPPLIES,3,0
3191,"PRISTINE HH DEEP BULK 18""",,,9000,0753359055190,BEAUTY SUPPLIES,0,0
3195,EBIN TINTED NATURAL BLK,TINTED COLOR,,1200,0810122680420,BEAUTY SUPPLIES,0,0
3199,CURL ACTIVATOR 16.2oz,WORLD OF CURL,16.2oz,1200,0021634300090,BEAUTY SUPPLIES,1,0
3203,WIG CONTROL SPRAY,,,700,0746817312041,BEAUTY SUPPLIES,10,0
3057,HH BARREL WAVER,,,4500,0705372059877,BEAUTY SUPPLIES,-1,0
3084,13X6 DEEP WAVE FRONTAL,,18,22000,,BUNDLES,1,0
3107,LULLABY KIDS BLANKET,,,2000,,KIDS,-2,0
3126,MAYBELLINE FIT ME #338,,,1950,0041554466508,BEAUTY SUPPLIES,0,0
3144,DIFEEL BIOTIN HAIR OIL,,,1600,0711716145748,BEAUTY SUPPLIES,2,0
3158,"TYCHE GOLD FLAT IRON 3/10"" # TG",,,4200,0607203038849,BEAUTY SUPPLIES,1,0
3170,"MAYDE BUBBLY POP PONY 10""",,,2500,0650270571788,BEAUTY SUPPLIES,0,0
3179,M&M VELCRO FOAM WRAP 169,,,400,0842510001692,BEAUTY SUPPLIES,10,0
3184,CALA BLENDING BRUSH 76311,,,600,0616513763112,BEAUTY SUPPLIES,2,0
3188,CALA BROWLINER BRUSH 76485,,,700,0616513764850,BEAUTY SUPPLIES,1,0
3192,FIANA 3X FREE STYLE,"BUNDLE 3 PACK 10,12 AND 14",,3500,0803868666841,BEAUTY SUPPLIES,0,0
3196,LOCK'NSHINE TWISTBRAID GEL 16OZ,BRAID GEL,,3000,0810122680529,BEAUTY SUPPLIES,1,0
3200,CONTROL WIG SHAMPOO,,12oz,950,0746817291247,BEAUTY SUPPLIES,1,0
3204,MIELLE MOUSSSE CURL DIF,,7.5oz,1800,0850001265300,BEAUTY SUPPLIES,0,0
3205,MAR-V-CIDE SPRAY DISINFECTANT,,467G,1500,0635876003321,BEAUTY SUPPLIES,0,0
3232,DREAM LACE FRONT WIG,,,9000,0806993561579,BEAUTY SUPPLIES,1,0
3235,LOOKS DUCK BILLS CLIP (10PK),,,450,0840096919349,BEAUTY SUPPLIES,-2,0
3262,PUMP DISPENSER,,,600,,BEAUTY SUPPLIES,6,0
3289,"PINEAPPLE WAVE FRONTAL WIG 30""",,"30""",63000,,BEAUTY SUPPLIES,1,0
3316,DOMINICAN ALL IN ONE BODY T1B30,,,3500,0828179591743,BEAUTY SUPPLIES,-10,0
3332,BOSSUP WRAP PONY #2,,,3600,0768538898222,BEAUTY SUPPLIES,-2,0
3359,MAYDE DEEP BULK #GINGER,,"20""",3000,0196720700167,BEAUTY SUPPLIES,0,0
3386,BEAUTIFUL COLL 1A,,,1500,4064666645865,BEAUTY SUPPLIES,2,0
3400,BATH AND BODY CANDLE,,,3200,,BEAUTY SUPPLIES,-8,0
3427,SOFT TOUCH WHITE,,,550,8681628150296,BEAUTY SUPPLIES,3,0
3445,PINAUD CLUBMAN POWDER,,,1350,0070066027600,BEAUTY SUPPLIES,6,0
3472,DREAM KIDS OIL MOISTURIZER,,,980,0802535472099,BEAUTY SUPPLIES,2,0
3499,MAGIC EDGE EFFECT EDGE GEL,,,600,0636227244738,BEAUTY SUPPLIES,7,0
3206,SCURL CURL&WAVE JEL ACTIVATOR,,,1200,0038276009052,BEAUTY SUPPLIES,3,0
3233,DREAM LACE FRONT WIG ND1 27/30,,,9500,0806993561593,BEAUTY SUPPLIES,1,0
3236,POM POM CLIP ASSORTED,,,300,,BEAUTY SUPPLIES,24,0
3263,LOOKS PUMP DISPENSER,,,500,0692541930603,BEAUTY SUPPLIES,6,0
3290,TREE HUT OCEAN GLOW SCRUB,,,2400,0075371003691,BEAUTY SUPPLIES,-2,0
3317,DOMINICAN ALL IN ONE BODY T1B27,,,3500,0828179591750,BEAUTY SUPPLIES,-7,0
3333,DOMINICAN ALL IN ONE NAT BROWN,,,3500,0828179591866,BEAUTY SUPPLIES,-13,0
3360,OUTRE DOMINICAN CURLY BULK,,"24""",3500,0827298969068,BEAUTY SUPPLIES,-5,0
3387,BEAUTIFUL COLLECTION 2A,,,1500,4064666645902,BEAUTY SUPPLIES,0,0
3401,ZURY MISS DRAWSTRING 14'',,,3600,0806993592900,BUNDLES,-10,0
3428,SOFT TOUCH BLUE,,,550,8681628152948,BEAUTY SUPPLIES,7,0
3446,HEAT PROTECTOR SERUM,,,2100,0011313030158,BEAUTY SUPPLIES,10,0
3473,DREAM KIDS LEAVE N CONDITIONER,,,980,0802535479173,BEAUTY SUPPLIES,3,0
3500,MAGIC EDGE EFFECT EDGE GEL PINK,,,600,0636227247975,BEAUTY SUPPLIES,2,0
3207,NEEDLE AND THREAD COMBO,,,250,0658302082103,BEAUTY SUPPLIES,1,0
3234,LAUDE FULL WIG OLIVIA #613A,,,5400,0768538791592,BEAUTY SUPPLIES,1,0
3237,LOOKS T PIN 20CT,,,300,0602541940021,BEAUTY SUPPLIES,7,0
3264,LOOKS U PINS,,,300,0840096923674,BEAUTY SUPPLIES,23,0
3291,BENJAMINS ALCOHOL 250ML,,,300,0083276251086,BEAUTY SUPPLIES,15,0
3318,DOMINICAN ALL IN ONE BODY NATBR,,,3500,0828179591767,BEAUTY SUPPLIES,0,0
3334,ZURY NAT DREAM GINGER,,"24""",3000,0806993593204,BEAUTY SUPPLIES,-8,0
3361,OUTRE LOOSE DEEP BULK,,"24""",0,0827298953494,BEAUTY SUPPLIES,0,0
3388,ORS CREME RELAXER 18OZ,,,2100,0632169111206,BEAUTY SUPPLIES,3,0
3402,XPRESSION BOX BRAID #1B,,24,650,0827298849445,BEAUTY SUPPLIES,4,0
3429,SOFT TOUCH GOLD,,,550,8681628152160,BEAUTY SUPPLIES,5,0
3447,SASSY WCO12,,,1000,0812429030342,BEAUTY SUPPLIES,-2,0
3474,CLAIROL SHIMMER LIGHT SSHAMPOO,,8,1800,3614226781727,BEAUTY SUPPLIES,0,0
3501,SCURL KIT SUPER,,,1200,0038276008949,BEAUTY SUPPLIES,4,0
3208,SMALL GOLD SCISSORS,,,350,,BEAUTY SUPPLIES,-3,0
3238,COSMETIC SHARPENER,,,150,0718203000078,BEAUTY SUPPLIES,56,0
3265,QFITT DOME STYLE WIG CAP,,,600,0842510051185,BEAUTY SUPPLIES,11,0
3292,BENJAMINS ALCOHOL 500ML GREEN,,,450,0083276253097,BEAUTY SUPPLIES,11,0
3319,DOMINICAN ALL IN ONE BODY NATBL,,,3500,0828179591774,BEAUTY SUPPLIES,-15,0
3335,ZURY NAT DREAM BURG,,"30""",3500,0806993524024,BEAUTY SUPPLIES,-5,0
3362,PRETTY Q BRAIDED PONY #1B/350,,"42""",3000,,BEAUTY SUPPLIES,-1,0
3389,GOIPLE LACE WIG GLUE,,,1500,0737417238985,BEAUTY SUPPLIES,0,0
3403,XPRESSION BOX BRAID BLONDE,,24,650,0827298849469,BEAUTY SUPPLIES,6,0
3430,SOFT TOUCH ORANGE,,,550,8681628150319,BEAUTY SUPPLIES,4,0
3448,GHANA PASSION LOCS #1B,,14,2300,0828179189711,BEAUTY SUPPLIES,9,0
3475,SPRAY MIST BOTTLE,,,1900,0840096920901,BEAUTY SUPPLIES,1,0
3502,IC FRIZZ BUSTER SERUM 6OZ,,,2100,,BEAUTY SUPPLIES,6,0
3526,BEAUTY PADDLE WET AND DRY BRUSH,,,900,0840096924732,BEAUTY SUPPLIES,6,0
3209,ALI @BUNDLE  10/12/14 DEEP BRAZ,,,10000,0645719297695,BUNDLES,0,0
3239,BEAUT DETANGLING BRUSH,,,900,0692541933369,BEAUTY SUPPLIES,5,0
3266,ZURY NAT DREAM DEEP WAVE GINGER,,"24""",3000,0806993593143,BEAUTY SUPPLIES,-14,0
3293,BENJAMINS ALCOHOL 500ML,,,450,0083276251161,BEAUTY SUPPLIES,5,0
3320,DOMINICAN ALL IN ONE STR T1B27,,,3500,0828179591958,BEAUTY SUPPLIES,-5,0
3336,ZURY NAT DREAM 613,,"30""",3500,0806993523997,BEAUTY SUPPLIES,1,0
3363,TRESEMME ANTI BREAKAGE SHAMPOO,,,800,0022400393667,BEAUTY SUPPLIES,2,0
3390,SOLO EXPRESS BULK JERRY 1B 18',,,7500,,BEAUTY SUPPLIES,-2,0
3404,DOMINICAN ONE DEEP CURL 24'',,,2500,0828179589559,BEAUTY SUPPLIES,-6,0
3431,QFITT BLACK WIG CAP,,,300,0842510001005,BEAUTY SUPPLIES,-8,0
3449,OUTRE SPRINGY AFRO TWIST #,,16,1950,0827298830207,BEAUTY SUPPLIES,-6,0
3476,FANTASIA FRIZZ STYLING FOAM,,,1800,0011313040102,BEAUTY SUPPLIES,5,0
3503,DONNA SLIDE IN CLIPS 40 PCS,,,1100,0658302021485,ACCESSORIES,5,0
3527,BEAUTY FLEXIBLE PADDLE BRUSH,,,850,0840096924718,BEAUTY SUPPLIES,4,0
3210,ALI @BUNDLE 14/16/18 DEEP BRAZ,,,18000,0645719297718,BEAUTY SUPPLIES,3,0
3240,LOOKS SELF GRIPPING ROLLER,,,1500,0692541915266,BEAUTY SUPPLIES,5,0
3267,NATURAL DREAM WATER WAVE,,"24""",3000,0806993579673,BEAUTY SUPPLIES,-10,0
3294,XPRESSION PRE-STR #27,,,950,8281791717472,BEAUTY SUPPLIES,-50,0
3321,DOMINICAN ALL IN ONE STR T1B30,,,3500,0828179591941,BEAUTY SUPPLIES,-7,0
3337,ZURY NAT DREAM DEEP WAVE 613,,"24""",3000,0806993536096,BEAUTY SUPPLIES,-1,0
3364,DOVE APPLE & WHITE TEA,,,700,8717163676714,BEAUTY SUPPLIES,5,0
3391,"NATURAL DREAM DW 18""",,,2500,,BEAUTY SUPPLIES,-6,0
3405,ZURY REMI BULK #27,,18,4500,0806993598513,BEAUTY SUPPLIES,-8,0
3432,DOMINICAN NEW JERRY 613,,18,2500,0828179589702,BEAUTY SUPPLIES,15,0
3450,5X5 WATER WAVE CLOSURE 12,,12,10500,,BUNDLES,0,0
3477,CAMILLE ROSE FRESH CURL,,,2700,0851557003156,BEAUTY SUPPLIES,3,0
3504,ANNIE CLIPS SLIDE IN,,,1200,0705372030838,BEAUTY SUPPLIES,3,0
3528,LOOKS COLOUR PLASTIC SHOWER CAP,,,260,0692541939347,BEAUTY SUPPLIES,20,0
3211,BOBBI BOSS BUNDLE 2T 10/12/14,,,12000,0768538897041,BEAUTY SUPPLIES,2,0
3241,BEAUT WOODEN PADDLE BRUSH,,,1400,0840096916379,BEAUTY SUPPLIES,6,0
3268,SUPER PLATINUM DEEP WAVE BULK,,"20""",12000,0828179578775,BEAUTY SUPPLIES,2,0
3295,KOJIE SAN BODY LOTION 100G,,,2100,4809014128030,BEAUTY SUPPLIES,3,0
3322,DOMINICAN ALL IN ONE STR T1BGIN,,,3500,0828179590029,BEAUTY SUPPLIES,-3,0
3338,ZURY NAT DREAM 613 DEEP WAVE,,"30""",3500,0806993523751,BEAUTY SUPPLIES,-4,0
3365,OSSION #10,,,550,8681701003075,BEAUTY SUPPLIES,1,0
3392,ZURY BREEZY CRIMP SOM RT 27/30,,"18""",2500,0806993594966,BEAUTY SUPPLIES,0,0
3406,XPRESSION BOHO LOC BLONDE,,24,650,0827298849520,BEAUTY SUPPLIES,4,0
3433,DOMINICAN NEW JERRY ASH,,18,2500,0828179589719,BEAUTY SUPPLIES,16,0
3451,XPRESSION PRE STRETCH 613,,50,0,8281791758512,BEAUTY SUPPLIES,-9,0
3478,CON MOISTURE RECOV CURL MILK,,,1600,0075724199125,BEAUTY SUPPLIES,6,0
3505,TITAN CURVED CLUB SOFT #712,,,700,0658302007120,BEAUTY SUPPLIES,1,0
3529,RUBBERIZED HANDLE OVAL RUSH,,,1000,0840096922981,BEAUTY SUPPLIES,6,0
3212,BOBBI BOSS BUNDLE 2T 10/12/14,,,12000,0768538897058,BEAUTY SUPPLIES,0,0
3242,BEAUT FINE MIST SPRAYER BLACK,,,1900,0840096920857,BEAUTY SUPPLIES,0,0
3269,SUPER PLATINUM DEEP WAVE BULK 2,,"18""",10500,0828179578805,BEAUTY SUPPLIES,6,0
3296,KOJIE SAN SINGLE SOAP 45G,,,600,,BEAUTY SUPPLIES,10,0
3323,DOMINICAN ALL IN ONE STR T1BBG,,,3500,0828179591934,BEAUTY SUPPLIES,-7,0
3339,ZURY BREEZY CRIMP GINGER,,"24""",3000,,BEAUTY SUPPLIES,0,0
3366,AP MOISTURE MIRACLE  LEAVE IN,,,1250,0802535160088,BEAUTY SUPPLIES,10,0
3393,NADINOLA SOAP,,,600,0075610280104,BEAUTY SUPPLIES,9,0
3407,XPRESSION BOHO LOC #1B,,24,650,0827298849506,BEAUTY SUPPLIES,3,0
3434,ORDINARY CAFFEINE SOLUTION,,,2500,0769915190670,BEAUTY SUPPLIES,2,0
3452,TREE HUT SHEA SUGAR SCRUB,,,2400,0075371003547,BEAUTY SUPPLIES,-1,0
3479,CON COWASH,,,1600,0075724199118,BEAUTY SUPPLIES,8,0
3506,TITAN BRUSH CURVED HARD #716,,,700,0658302007168,BEAUTY SUPPLIES,4,0
3530,DETANGLING WET AND DRY BRUSH,,,750,0840096916041,BEAUTY SUPPLIES,6,0
3213,ZURY  MISS DRAWSTRING HANIA,,,2700,0806993592054,BEAUTY SUPPLIES,1,0
3243,LOOKS LARGE BUTTERFLY CLAMPS,,,750,0840096924831,BEAUTY SUPPLIES,6,0
3270,AMUSE MASCARA,,,600,4713616470308,BEAUTY SUPPLIES,8,0
3297,KOJIE SAN SOAP SINGLE 100G,,,1300,,BEAUTY SUPPLIES,27,0
3324,SOLO EXPRESS JERRY C BULK #1B,,"14""",5500,0828179576085,ACCESSORIES,-22,0
3340,ZURY BREEZY CRIMP BURG,,"18""",2500,0806993594973,BEAUTY SUPPLIES,0,0
3367,DOVE MEN SPORT 150ML,,,700,8710447491645,BEAUTY SUPPLIES,5,0
3394,ZURY NAT DREAM GINGER,,30,4000,0806993593211,BEAUTY SUPPLIES,-13,0
3408,"BOBBI BOSS NU LOCS 18"" #1",,,1400,0768538405062,BEAUTY SUPPLIES,5,0
3435,ORDINARY LACTIC ACID,,,2400,0769915190281,BEAUTY SUPPLIES,1,0
3453,WHOLESALE BRAIDS,,,650,,BEAUTY SUPPLIES,-20,0
3480,CON BLOW OUT CREME,,,1400,0075724397675,BEAUTY SUPPLIES,6,0
3507,TITAN  CURVED WAVE HARD #717,,,750,0658302007175,BEAUTY SUPPLIES,1,0
3531,SUPER JUMBO SHOWER CAP,,,450,0842510001975,System,12,0
3214,ZURY  MISS DRAWSTRING PRIYA,,,2700,,BEAUTY SUPPLIES,3,0
3244,LOREAL ROOT RESCUE #4,,,2500,0071249164433,BEAUTY SUPPLIES,-1,0
3271,DOMINICAN ALL IN ONE DEEP,,,3500,0828179591873,BEAUTY SUPPLIES,-31,0
3298,KOJIE SAN DREAM WHITE 135G,,,1800,,BEAUTY SUPPLIES,35,0
3325,SOLO EXPRESS JERRY C BULK #1B,,"18""",7500,,BEAUTY SUPPLIES,1,0
3341,ZURY NAT DREAM 27/30,,"30""",0,0806993524017,BEAUTY SUPPLIES,-10,0
3368,DOVE MEN EXTRA FRESH 150ML,,,700,8717644579886,BEAUTY SUPPLIES,6,0
3395,NATURAL DREAM BREEZY CRIMP,,24,3000,,BEAUTY SUPPLIES,-6,0
3409,DOMINICAN BULK NAT BLACK,,,2500,0828179578843,BEAUTY SUPPLIES,-35,0
3436,ORDINARY ANHYDROUS SOLUTION,,,2200,0769915199543,BEAUTY SUPPLIES,0,0
3454,ROBERTS PROTECTIVE SHIELD,,,1200,0851951130601,ACCESSORIES,1,0
3481,CON PLEX BREAKAGE DEFENSE,,,1500,0075724471078,BEAUTY SUPPLIES,3,0
3508,ANNIE CLUB WAY BRUSH #2072,,,700,0705372020723,BEAUTY SUPPLIES,1,0
3532,BLACK ICE COMB,,,350,0636227124696,BEAUTY SUPPLIES,11,0
3215,JANET  BRAID PONY UTICA,,,3000,0884593313934,BEAUTY SUPPLIES,-2,0
3245,TEND SKIN,,,3000,0607575000017,BEAUTY SUPPLIES,5,0
3272,DOMINICAN ALL IN ONE STRAIGHT,,,4500,0828179591972,BEAUTY SUPPLIES,-1,0
3299,KOJIE DREAM WHITE SINGLE 65g,,,1100,,BEAUTY SUPPLIES,93,0
3326,SOLO EXPRESS JERRY C BULK #1,,"14""",5500,0828179576092,BEAUTY SUPPLIES,-7,0
3342,ZURY NAT DREAM DEEP WAVE BURG,,"24""",3000,0806993536126,BEAUTY SUPPLIES,-3,0
3369,DOVE MEN COOL FRESH  150ML,,,600,8710908325731,BEAUTY SUPPLIES,4,0
3396,DOMINICAN BULK 613,,,2500,0828179574258,BEAUTY SUPPLIES,-16,0
3410,DOMINICAN BULK COPPER,,,2500,0828179574241,BEAUTY SUPPLIES,-11,0
3437,SALICYLIC ANHYDROUS SOLUTION,,,2200,,BEAUTY SUPPLIES,3,0
3455,THE ORDINARY GLYCOLIC ACID,,3.4 OZ,2500,0769915233339,BEAUTY SUPPLIES,0,0
3482,DREAM KIDS SMOOTH EDGES,,,980,0802535477070,BEAUTY SUPPLIES,3,0
3509,ANNIE DAILY BRUSH #2092,,,650,0705372020921,BEAUTY SUPPLIES,1,0
3533,TRIANGLE PUFF,,,400,,BEAUTY SUPPLIES,-6,0
3216,"OUTRE WRAP BRAID PONY 42""",,,3000,0827298944355,BEAUTY SUPPLIES,-25,0
3246,RIMMEL STAY MATTE SETTING SPRAY,,,2100,3614226917065,BEAUTY SUPPLIES,0,0
3273,CERAVE ACNE FOAMING CLEANSER,,,3800,,BEAUTY SUPPLIES,0,0
3300,KOJIE SAN BODYLOTION SPF25 250G,,,3200,4806520410314,BEAUTY SUPPLIES,3,0
3327,"SOLO EXPRESS JERRY C BULK#1 18""",,"18""",7500,,BEAUTY SUPPLIES,-1,0
3343,STYLING CHAIR AS IS,,,32000,,BEAUTY SUPPLIES,0,0
3370,HOT BEAUTY CURVED PRESSING COMB,,,3600,0649674050814,BEAUTY SUPPLIES,0,0
3397,DOMINICAN BULK #27,,,2500,0828179574272,BEAUTY SUPPLIES,-14,0
3411,REVLON COLORSILK 03,,,800,0309977326039,BEAUTY SUPPLIES,2,0
3438,SALICYLIC ACID SOLUTION,,,2200,0769915231731,BEAUTY SUPPLIES,0,0
3456,THE ORDINARY NATURAL MOISTURIZ,,,2300,0769915190731,BEAUTY SUPPLIES,0,0
3483,CAMILLE ROSE ALGAE RENEW,,,700,0860003058411,BEAUTY SUPPLIES,10,0
3510,MAGIC CUTICLE SCISSORS,,,250,0636227245094,System,38,0
3534,SPRAY BOTTLE,,,450,0840096920918,BEAUTY SUPPLIES,8,0
3217,EBIN LACE MELT SRRAY SUP 3.39oz,,,750,0810122680550,BEAUTY SUPPLIES,0,0
3247,BEAUT MAKE UP PUFFS,,,1200,0840096937138,BEAUTY SUPPLIES,2,0
3274,DOMINICAN ALL IN ONE BODY,,,3500,,BEAUTY SUPPLIES,2,0
3301,TREE HUT PINEAPPLE,,,2400,0075371002625,BEAUTY SUPPLIES,0,0
3328,"SOLO EXPRESS DEEP BULK #1B 14""",,,5500,0828179576207,BEAUTY SUPPLIES,-11,0
3344,ZURY HD DEEP BULK #1,,"22""",4800,0806993598568,BEAUTY SUPPLIES,-2,0
3371,"MANE MEGA BRAZ BULK 18""",,,2700,,BEAUTY SUPPLIES,-46,0
3398,SOLO EXPRESS JERRY #1,,18,7500,0828179576061,BEAUTY SUPPLIES,-8,0
3412,REVLON COLORSILK 61,,,800,0309976623610,BEAUTY SUPPLIES,3,0
3439,ORDINARY ALPHA ARBUTIN,,,3200,0769915190250,BEAUTY SUPPLIES,1,0
3457,THE ORD  PLANT DERIVED SQUALENE,,,2900,0769915190885,BEAUTY SUPPLIES,3,0
3484,CON PLEX SHAMPOO,,,1400,0075724471085,BEAUTY SUPPLIES,1,0
3511,MAGIC TWEEZER POINT,,,150,0636227350736,System,64,0
3535,KINKY STRAIGHT BUNDLES,,14,8000,,BUNDLES,3,0
3218,EBIN LACE MELT SRRAY ATV 3.39oz,,,750,0810122680543,BEAUTY SUPPLIES,1,0
3248,BLACK GIRL SUNSCREEN  2OZ,,,3300,0860000781886,BEAUTY SUPPLIES,0,0
3275,DOMINICAN ALL IN ONE JERRY,,,3500,0828179591927,BEAUTY SUPPLIES,-7,0
3302,KOJIE SAN SOAP135g 2 BARS,,,3200,4809013300086,BEAUTY SUPPLIES,14,0
3329,"SOLO EXPRESS DEEP BULK #1 14""",,,5500,0828179576214,BEAUTY SUPPLIES,-9,0
3345,ZURY HD DEEP BULK #4,,"22""",4800,0806993598629,BEAUTY SUPPLIES,-6,0
3372,ORS CURL STRETCHING TEXTURIZER,,,1600,0632169111954,BEAUTY SUPPLIES,6,0
3399,TREEH HUT BODY BUTTER,,,2400,0075371015168,BEAUTY SUPPLIES,-3,0
3413,REVLON COLORSILK 41,,,800,0309978695417,BEAUTY SUPPLIES,2,0
3440,ORDINARY SQUALANE CLEANSER,,,2500,0769915194791,BEAUTY SUPPLIES,1,0
3458,KIDS BUBBLES,,,0,0645719092658,BEAUTY SUPPLIES,-2,0
3485,CON PLEX CONDITIONER,,,1400,0075724471092,BEAUTY SUPPLIES,0,0
3512,IC HEAT PROTECTOR STYLING FOAM,,,1600,0011313030240,BEAUTY SUPPLIES,4,0
3536,KINKY STRAIGHT BUNDLES,,16,9000,,BUNDLES,4,0
3219,EBIN LACE MELT SPRAY ORI 3.39oz,,,750,0810122680536,BEAUTY SUPPLIES,-1,0
3249,EUCERIN INTENSIVE REPAIR LOTION,,,3200,0072140110161,BEAUTY SUPPLIES,1,0
3276,COCONUT STRAIGHT 18/20/22 #1,,,3500,8281791706728,BEAUTY SUPPLIES,2,0
3303,KOJIE SAN SOAP 100g 3 BARS,,,3500,4809014128337,BEAUTY SUPPLIES,28,0
3330,"SOLO EXPRESS DEEP BULK #2 14""",,,5500,0828179576191,BEAUTY SUPPLIES,-11,0
3346,ZURY HD DEEP BULK #1B,,"22""",4800,0806993598575,BEAUTY SUPPLIES,-3,0
3373,CON APPLE CIDER RINSE,,,1200,0075724389793,BEAUTY SUPPLIES,5,0
3414,REVLON COLORSILK 20,,,800,0309978695202,BEAUTY SUPPLIES,2,0
3441,ORDINARY AHA+BHA SLOUTION,,,2700,0769915191004,BEAUTY SUPPLIES,1,0
3459,XPRESSION PRE STRETCH #27,,,950,0828179171747,BEAUTY SUPPLIES,-32,0
3486,SULPHUR 8 COND 2OZ,,,980,0075610430103,BEAUTY SUPPLIES,6,0
3513,TEEN SPIRIT DEODORANT,,,500,0022200964098,BEAUTY SUPPLIES,6,0
3537,REMINGTON SHINE,,"1""",6500,0074590556063,BEAUTY SUPPLIES,2,0
3220,ANNIE LARGE TAIL COMB BLK,,,250,0705372000381,BEAUTY SUPPLIES,8,0
3250,EUCERIN ADVANCED REPAIR,,,3000,0072140031800,BEAUTY SUPPLIES,1,0
3277,COCONUT BODY 18/20/22 #1,,,3500,0828179166347,BEAUTY SUPPLIES,-2,0
3304,KOJIE SAN SOAP 65g 3 BARS,,,2700,4809014128672,BEAUTY SUPPLIES,-6,0
3331,"SOLO EXPRESS DEEP BULK #1 18""",,,7500,0828179576184,BEAUTY SUPPLIES,-18,0
3347,ZURY HD DEEP BULK #2,,"22""",4800,0806993598582,BEAUTY SUPPLIES,-5,0
3374,CON CURL ACTIVATOR CREME,,,1200,0075724389779,BEAUTY SUPPLIES,12,0
3415,MIELLE LEAVE IN CONDITIONER,,12,1950,0850001265867,BEAUTY SUPPLIES,7,0
3442,PAULA CHOICE,,,3600,0655439020169,BEAUTY SUPPLIES,1,0
3460,HEAT RESISTANT MATS,,,1800,,BEAUTY SUPPLIES,2,0
3487,QFITT WIG CAP 100PCS,,,0,0842510001456,BEAUTY SUPPLIES,0,0
3514,AP ELONGATING SYSTEM,,,1650,0802535490055,BEAUTY SUPPLIES,3,0
3538,SILKY BRAID TUBE BONNET,,,1200,0842510090528,BEAUTY SUPPLIES,11,0
3565,SATIN BRAID BONNETT,,,650,0843632014966,BEAUTY SUPPLIES,0,0
3221,"ANNIE 110 HAIR PINS 1 1/2""",,,220,0705372033327,BEAUTY SUPPLIES,5,0
3251,LOOKS PONY HOLDER BANDS SMALL,,,200,0840096919837,BEAUTY SUPPLIES,6,0
3278,NATURAL DREAM STRAIGHT BURG,,,3000,0806993536362,BEAUTY SUPPLIES,-3,0
3305,DREAM WHITE 65g 2 BARS,,,1900,4809013300468,BEAUTY SUPPLIES,43,0
3348,ZURY HD DEEP BULK #350,,"18""",4500,0806993598537,BEAUTY SUPPLIES,-6,0
3375,TCB RELAXER KIT SUPER,,,1550,0802535811010,BEAUTY SUPPLIES,3,0
3416,AP MOISTURE MIRAC CURLING CREAM,,,1250,0802535159129,BEAUTY SUPPLIES,5,0
3443,ZURY NATURAL YAKY 24'',,,2500,0806993536324,BUNDLES,-7,0
3461,NATURAL DREAM STR  NAT BLACK,,,2500,0806993536317,BEAUTY SUPPLIES,-5,0
3488,RED DETANGLE HH64,,,1200,0649674065979,BEAUTY SUPPLIES,4,0
3515,NK PERFECT 40 EYESHAWDOW,,,1400,0607203024385,BEAUTY SUPPLIES,2,0
3539,NIACINAMIDE 10%,,2 oz,3500,0769915194951,BEAUTY SUPPLIES,1,0
3566,SATIN EDGE WIDE BAND BONNET,,,800,0843632014942,BEAUTY SUPPLIES,6,0
3592,EDGE BOOSTER CITRINE,,,2100,0680585172578,BEAUTY SUPPLIES,3,0
3222,"DOMINICAN DEEP CURLY 24""",,,2500,0828179589764,BEAUTY SUPPLIES,0,0
3252,LOREAL  ROOT COVER UP,,,1950,0071249318560,BEAUTY SUPPLIES,2,0
3279,3X XPRESSION PRE-STR #613,,"58""",1100,0803868495618,BEAUTY SUPPLIES,-2,0
3306,DREAM WHITE 135g 2 BARS,,,2800,4809014128146,BEAUTY SUPPLIES,17,0
3349,ZURY HD DEEP BULK #30,,"18""",4500,0806993598520,BEAUTY SUPPLIES,-4,0
3376,DONNA BLING MELT BAND,,,750,0658302225814,BEAUTY SUPPLIES,0,0
3417,AP MOISTURE MIRACLE SHAMPOO,,,1250,0802535118294,BEAUTY SUPPLIES,6,0
3444,ZURY NAT DREAM BULK,,22'',4800,0806993598612,BUNDLES,5,0
3462,XPRESSION PRE STRETCH #30,,50,950,8281791718844,BEAUTY SUPPLIES,-22,0
3489,XPRESSION PRE STRETCH #4,,50,950,8281791663304,BEAUTY SUPPLIES,-18,0
3516,LOOKS CLEAR PLASTIC SHOWER CAPS,,,260,0692541939330,BEAUTY SUPPLIES,19,0
3540,13X6 DEEP CURLY FRONTAL,,16,20000,,BUNDLES,1,0
3567,EBIN TINTED LACE 10X MB,,,1800,0812429039673,BEAUTY SUPPLIES,10,0
3593,TACHIBELLE SKIN CLEANSER,,,1500,0644824158587,BEAUTY SUPPLIES,1,0
3223,OUTRE SPRINGY AFRO,,,3000,0827298872924,BEAUTY SUPPLIES,-16,0
3253,LOOKS ERGONOMIC  MANICURE BOWL,,,400,0840096904758,BEAUTY SUPPLIES,12,0
3280,3X XPRESSION PRE-STR #30,,"58""",1100,0803868495632,BEAUTY SUPPLIES,-2,0
3307,SOLO EXPRESS DEEP BULK #27,,"18""",7500,0828179574395,BEAUTY SUPPLIES,-11,0
3350,LAUDE NATURAL DEEP #4,,"14""",0,0768538814222,BEAUTY SUPPLIES,0,0
3377,DONNA BLING MELT BAND,,,750,0658302225821,BEAUTY SUPPLIES,1,0
3418,AP MOISTURE MIRACLE CONDITIONER,,,1250,0802535366510,BEAUTY SUPPLIES,6,0
3463,HEATLESS CURLER,,,0,0190518289223,BEAUTY SUPPLIES,-1,0
3490,DONNA CROCHET NEEDLE,,,300,0658302082288,BEAUTY SUPPLIES,7,0
3517,GHANA 3X PASSION BOMB,,,1950,0828179172997,BEAUTY SUPPLIES,-3,0
3541,MAGIC JUMBO BANDS,,,300,0636227275213,BEAUTY SUPPLIES,-1,0
3568,AFRO PERM L STRING #1,,,2250,0884593218802,BEAUTY SUPPLIES,1,0
3594,TACHIBELLE WAX REMOVER,,,1500,0644824158594,BEAUTY SUPPLIES,1,0
3618,HUSH NATURAL BROWN,,,1500,8809005769217,BEAUTY SUPPLIES,1,0
3224,GOGO GO123 1B/BG,,,4800,0655302356173,BEAUTY SUPPLIES,1,0
3254,DORCO EVER 2 RAZOR,,,400,8801038584164,BEAUTY SUPPLIES,7,0
3281,4X XPRESSION PRE-STR #2,,"52""",1100,8281795909446,BEAUTY SUPPLIES,0,0
3308,SOLO EXPRESS DEEP BULK #30,,"18""",7500,0828179574227,BEAUTY SUPPLIES,-11,0
3351,LAUDE NATURAL DEEP #27/30,,14',0,0768538814246,BEAUTY SUPPLIES,1,0
3378,OUTRE LUXY # 1B,,,7500,0827298943471,BEAUTY SUPPLIES,2,0
3419,OFF SPRAY FAMILY CARE,,,1400,0046500729683,BEAUTY SUPPLIES,12,0
3464,PARTING BONE TAIL COMB PASTEL,,,150,0658302075556,BEAUTY SUPPLIES,24,0
3491,ANNIE NYLON WEAVING THREAD,,,600,0705372048666,BEAUTY SUPPLIES,22,0
3518,GHANA 3X PASSION TWIST T1B27,,18,2400,0828179172805,BEAUTY SUPPLIES,0,0
3542,AB DUCKS BILL CLIPS,,3-1/2,400,0719060000010,BEAUTY SUPPLIES,8,0
3569,BOSS KIDS COIL CURL #2,,,3000,0768538788349,BEAUTY SUPPLIES,2,0
3595,TRESEMME COLOR SHAMPOO,,,800,0022400393636,BEAUTY SUPPLIES,1,0
3619,QFITT GOLD CAP,,,160,0842510001906,BEAUTY SUPPLIES,3,0
3225,GOGO GO123 WIG 613,,,4800,0655302356159,BEAUTY SUPPLIES,1,0
3255,BEAUT BLENDING SPONGE ASST,,,400,0692501820159,BEAUTY SUPPLIES,16,0
3282,4X XPRESSION PRE-STR WHITE,,,1300,8281795856290,BEAUTY SUPPLIES,8,0
3309,SOLO EXPRESS DEEP BULK #LBG,,"18""",7500,,BEAUTY SUPPLIES,-1,0
3352,ZURY DRAWSTRING CRIMP #1B,,"14""",3600,0806993592887,BEAUTY SUPPLIES,-1,0
3379,BOSS KIDS COIL CURL 1B,,,3000,0768538788332,BEAUTY SUPPLIES,2,0
3420,OUTRE TWISTED UP 2T1B/350,,,1950,0827298833031,BEAUTY SUPPLIES,0,0
3465,RED SML DAILY BRUSH,,,300,0649674082044,BEAUTY SUPPLIES,6,0
3492,RED SILKY SATIN DURAG,,,500,0731509759235,BEAUTY SUPPLIES,42,0
3519,BOBBI BOSS NU LOCS 1B,,18,1400,0768538405079,BEAUTY SUPPLIES,-1,0
3543,DOUBLE PRONG CLIPS,,,350,0840096919387,BEAUTY SUPPLIES,11,0
3570,BEADED BOX BRAIDS #4,,,3000,0827298946946,BEAUTY SUPPLIES,2,0
3596,JAMAICAN BOUNCE 3X,,,2200,0645719310967,BEAUTY SUPPLIES,3,0
3620,MS REMI DAY AND NIGHT CAP,,,600,0705372036120,BEAUTY SUPPLIES,1,0
3226,LAUDE FULL WIG OLIVIA #1,,,5400,0768538791561,BEAUTY SUPPLIES,1,0
3256,SPRAY BOTTLE 8OZ,,,400,0840096920826,BEAUTY SUPPLIES,2,0
3283,XPRESSION PRE-STRETCH #L350,,"50""",950,0828179177473,BEAUTY SUPPLIES,-54,0
3310,SOLO EXPRESS DEEP BULK #L350,,"18""",7500,0828179574456,BEAUTY SUPPLIES,-10,0
3353,ZURY DRAWSTRING CRIMP #27/30,,"14""",3600,0806993592917,BEAUTY SUPPLIES,-3,0
3380,LIL LOOKS COILY PUFF #2,,,3000,0827298945819,BEAUTY SUPPLIES,0,0
3421,OUTRE CLIPIN 9PCS,,,6500,0827298949046,BEAUTY SUPPLIES,0,0
3466,GIFT BAG,,,400,,BEAUTY SUPPLIES,-8,0
3493,RED SILKY SATIN DURAG HD01,,,500,0649674064460,BEAUTY SUPPLIES,40,0
3520,HEAD CROWN,,,2500,,ACCESSORIES,5,0
3544,SINGLE PRONG CLIPS,,,350,0840096919394,BEAUTY SUPPLIES,12,0
3571,BEADED BOX BRAIDS #2,,,3000,0827298946908,BEAUTY SUPPLIES,1,0
3597,DUO STRIP GLUE BLACK,,,1200,0073930681106,BEAUTY SUPPLIES,6,0
3621,VINYL SHOWER CAP #184,,,250,0842510001845,BEAUTY SUPPLIES,12,0
3227,MANE CONCEPT RCHD298 FLARE,,,9500,0753359037400,BEAUTY SUPPLIES,1,0
3257,QFITT SLEEP CAP LARGE,,,800,0842510008219,BEAUTY SUPPLIES,10,0
3284,"PINEAPPLE WAVE FRONTAL WIG 12""",,"12""",23000,,BEAUTY SUPPLIES,0,0
3311,DOMINICAN ALL IN ONE DEEP T1BBG,,,3500,,BEAUTY SUPPLIES,2,0
3381,DIANE SNAP ON NOZZLE,,,900,0824703270023,BEAUTY SUPPLIES,0,0
3422,HAIR BEADS,,,800,0658692279015,KIDS,-10,0
3467,STELLA COMB SET,,,600,0636227242604,BEAUTY SUPPLIES,1,0
3494,JCAT GLOW HIGHLIGHTER,,,1200,0602000293224,BEAUTY SUPPLIES,3,0
3521,SATIN BRAID BONNET,,,600,0842510001791,BEAUTY SUPPLIES,8,0
3545,SLIDE-IN CLIPS,,,600,0840096919370,BEAUTY SUPPLIES,11,0
3572,BEADED TWISTS #4,,,3000,0827298946809,BEAUTY SUPPLIES,2,0
3598,LOOKS DETANGLING BRUSH  #3264,,,750,0840096921687,BEAUTY SUPPLIES,4,0
3622,SATIN MULTI WRAP,,,400,0842510001777,BEAUTY SUPPLIES,12,0
3228,LAUDE JANA WIG #1B,,,7000,0768538801024,BEAUTY SUPPLIES,1,0
3258,LOOKS BIG JUMBO LOCK CLIP,,,800,0840096923155,BEAUTY SUPPLIES,8,0
3285,"PINEAPPLE WAVE FRONTAL WIG 14""",,"14""",25000,,BEAUTY SUPPLIES,0,0
3312,DOMINICAN ALL IN ONE DEEP T1B30,,,3500,,BEAUTY SUPPLIES,-3,0
3355,BOSS UP WRAP PONY #1,,"24""",3800,0768538898208,BEAUTY SUPPLIES,-9,0
3382,"ANNIE ICE SCISSORS 5 1/2""",,,1200,0705372050249,BEAUTY SUPPLIES,3,0
3423,WIG SHINE,,,1200,0680582982743,BEAUTY SUPPLIES,10,0
3468,DREAM KIDS OM BRAID SP,,12,980,0802535473133,BEAUTY SUPPLIES,3,0
3495,CON OIL SHEEN,,,1200,0075724244399,BEAUTY SUPPLIES,8,0
3522,VELVET DU RAG,,,900,0842510020013,BEAUTY SUPPLIES,12,0
3546,LOOKS TRAVEL BRUSH W/MIRROR,,,900,0840096921762,BEAUTY SUPPLIES,4,0
3573,BOSS KIDS KP003 AFRO CURL,,,3000,0768538787885,BEAUTY SUPPLIES,1,0
3599,LOOKS DETANGLING HEAT RESIST,,,900,0840096922028,BEAUTY SUPPLIES,13,0
3623,DR MIRACLES NO-LYE RELAXER,HAIR CREAM,,1600,0802535215016,BEAUTY SUPPLIES,6,0
3229,OUTRE MELTED HAIRLINE NATALIA,,,5700,0827298855958,BEAUTY SUPPLIES,0,0
3259,LOOKS APPLICATOR BOTTLE,,,250,0840096918823,BEAUTY SUPPLIES,1,0
3286,"PINEAPPLE WAVE FRONTAL WIG 16""",,"16""",28000,,BEAUTY SUPPLIES,0,0
3313,DOMINICAN ALL IN ONE DEEP NATBR,,,3500,,BEAUTY SUPPLIES,6,0
3356,SOLO JERRY BULK #1B,,"18""",7500,0828179576054,BEAUTY SUPPLIES,-22,0
3383,"ANNIE HAIR SHEAR 5 1/2""",,,400,0705372050041,BEAUTY SUPPLIES,5,0
3424,SOFT TOUCH RED,,,550,8681628150302,BEAUTY SUPPLIES,4,0
3469,DREAM KIDS OM SHAMPOO,,12,980,0802535474130,BEAUTY SUPPLIES,1,0
3496,S CURL KIT REGULAR,,,1200,0038276008932,BEAUTY SUPPLIES,3,0
3523,LOOKS 2 BRISTLE HAIR BRUSH,,,750,0840096921489,BEAUTY SUPPLIES,10,0
3547,AMBI COCOA BUTTER SOAP,,,600,0850004234075,BEAUTY SUPPLIES,3,0
3574,M&M PRM SILKY BRAID CAP,,,1100,0842510080031,BEAUTY SUPPLIES,12,0
3600,FINE SPRAY MIST BOTTLE,,,1900,0840096920871,BEAUTY SUPPLIES,1,0
3624,2x6 HD STRAIGHT CLOSURE,,14'',9000,,BUNDLES,0,0
3230,DREAM WIG ND1 GINGER,,,9500,0806993561616,BEAUTY SUPPLIES,0,0
3260,TOE SEPARATOR,,,400,0636227290568,BEAUTY SUPPLIES,12,0
3287,"PINEAPPLE WAVE FRONTAL WIG 18""",,"18""",32000,,BEAUTY SUPPLIES,1,0
3314,DOMINICAN ALL IN ONE DEEP NATBL,,,3500,,BEAUTY SUPPLIES,14,0
3357,MAYDE DEEP BULK #2,,"20""",3000,0196720700105,BEAUTY SUPPLIES,-5,0
3384,IC OLIVE SPRITZ,,,1500,0011313012802,BEAUTY SUPPLIES,4,0
3425,SOFT TOUCH PINK,,,550,8681628151828,BEAUTY SUPPLIES,3,0
3470,DREAM KIDS OM BOUNCE CURL,,12,980,0802535478152,BEAUTY SUPPLIES,3,0
3497,PROLINE COMB THRU,,,1100,0802535881013,BEAUTY SUPPLIES,6,0
3524,GLITTER VENTED,,,900,0840096916096,BEAUTY SUPPLIES,10,0
3548,AMBI BLACK SOAP CLEANSING BAR,,,600,0850004234068,BEAUTY SUPPLIES,6,0
3575,M&M ADJUSTABLE VELCRO #305,,,400,0842510003054,BEAUTY SUPPLIES,11,0
3601,APPLICATOR BOTTLE 3226,,,200,,BEAUTY SUPPLIES,9,0
3625,2X6 HD STRAIGHT CLOSURE,,16'',10000,,BUNDLES,0,0
3231,VANESSA DRAY 28 1B/350,,,4800,0885160206024,BEAUTY SUPPLIES,1,0
3261,S.HE LIP CARE,,,300,,BEAUTY SUPPLIES,36,0
3288,"PINEAPPLE WAVE FRONTAL WIG 20""",,"20""",36000,,BEAUTY SUPPLIES,1,0
3315,DOMINICAN ALL IN ONE BODY T1BBG,,,3500,0828179591736,BEAUTY SUPPLIES,-4,0
3358,MAYDE DEEP BULK #1B,,"20""",3000,0650270598556,BEAUTY SUPPLIES,-3,0
3385,STRETCHABLE WEAVING NET,,,450,0636227246800,BEAUTY SUPPLIES,7,0
3426,SOFT TOUCH GREEN,,,550,8681628151118,BEAUTY SUPPLIES,0,0
3471,DREAM KIDS OM CONDITIONER,,12,980,0802535475137,BEAUTY SUPPLIES,3,0
3498,MAGIC EDGE EFFECT,,,0,,BEAUTY SUPPLIES,0,0
3525,BEAUTY FLEXIBLE SPIRAL,,,900,0840096924701,BEAUTY SUPPLIES,6,0
3549,ORGANIC GOAT MILK SOAP,,,900,0753182120638,BEAUTY SUPPLIES,1,0
3576,LOOKS SILICONE TIPPING CAP,,,1100,0840096924473,BEAUTY SUPPLIES,6,0
3602,DARK AND LOVELY CRIMSON MOON,,,1200,0075285015957,BEAUTY SUPPLIES,1,0
3626,2X6 HD STRAIGHT CLOSURE,,18'',11000,,BUNDLES,0,0
3550,ORGANIC CASTOR OIL SOAP,,,900,0753182120850,BEAUTY SUPPLIES,3,0
3577,M&M VINYL SHOWER CAP 198,,,500,0842510001982,BEAUTY SUPPLIES,9,0
3603,ADORE COSMIC YELLOW,,,950,0661157101615,BEAUTY SUPPLIES,2,0
3627,2X6 HD STRAIGHT CLOSURE,,20'',12000,,BUNDLES,0,0
3551,DOVE ORIGINAL BLUE,,,900,8717163997345,BEAUTY SUPPLIES,5,0
3578,M&M LARGE SATIN TRIANGLE #163,,,380,0842510001630,BEAUTY SUPPLIES,12,0
3604,ADORE SKY BLUE,,,950,0661157101967,BEAUTY SUPPLIES,1,0
3628,SUPER GLUE,,,400,7899110631876,BEAUTY SUPPLIES,3,0
3552,DOVE INVISIBLE DRY,,,900,8717163997383,BEAUTY SUPPLIES,3,0
3579,M&M SATIN SCARF,,,450,0842510001647,BEAUTY SUPPLIES,12,0
3605,ADORE ELECTRIM LIME,,,950,0661157101646,BEAUTY SUPPLIES,3,0
3629,FASHION WAX WHITE,,,400,6947835823722,BEAUTY SUPPLIES,18,0
3553,DOVE NOURISHING SECRETS,,,900,8717163714942,BEAUTY SUPPLIES,3,0
3580,KING J VELVET DOME CAP,,,700,0842510020150,BEAUTY SUPPLIES,12,0
3606,ADORE RAGING RED,,,950,0661157100700,BEAUTY SUPPLIES,5,0
3630,FASHION WAX RED,,,400,6947835823715,BEAUTY SUPPLIES,18,0
3554,DOVE GO FRESH,,,900,8717163004869,BEAUTY SUPPLIES,1,0
3581,DRAWSTRING BRAID AND LOC CAP,,,1300,0752349215026,BEAUTY SUPPLIES,10,0
3607,ADORE PAPRIKA,,,950,0661157104128,BEAUTY SUPPLIES,8,0
3631,FASHION WAX ORANGE,,,400,6947835823678,BEAUTY SUPPLIES,18,0
3555,DOVE GO FRESH RED,,,900,8717163676721,BEAUTY SUPPLIES,2,0
3582,KING J WOLFIN DU STRAP,,,1000,0842510020310,BEAUTY SUPPLIES,12,0
3608,ADORE HONEY BROWN,,,950,0661157100489,BEAUTY SUPPLIES,5,0
3632,FASHION WAX BLUE,,,400,6947835823685,BEAUTY SUPPLIES,18,0
3556,ADIDAS DEEP ENERGY,,,800,6001567179851,BEAUTY SUPPLIES,1,0
3583,M&M WATERPROOF BRAID BONNET,,,1300,0842510080024,BEAUTY SUPPLIES,12,0
3609,ADORE GINGER,,,950,0661157104043,BEAUTY SUPPLIES,1,0
3633,FASHION WAX GREEN,,,400,6947835823692,BEAUTY SUPPLIES,18,0
3557,AXE FRESH FORREST,,,700,4600104041808,BEAUTY SUPPLIES,1,0
3584,M&M BRAID JUMBO SHOWER CAP,,,700,0842510001968,BEAUTY SUPPLIES,10,0
3610,ADORE PINK ROSE,,,950,0661157100823,BEAUTY SUPPLIES,0,0
3634,FASHION WAX BLACK,,,400,6947835823708,BEAUTY SUPPLIES,18,0
3558,AXE APOLLO,,,700,8886467065743,BEAUTY SUPPLIES,2,0
3585,LOOKS BIG LOCK CLIP ASST,,,600,0840096922844,BEAUTY SUPPLIES,5,0
3611,ADORE SAPPHIRE BLUE,,,950,0661157101745,BEAUTY SUPPLIES,1,0
3635,SUAVE ADVANCED THERAPY LOTION,,10 OZ,640,0045893072727,BEAUTY SUPPLIES,6,0
3559,AXE MUSK,,,700,4600104042072,BEAUTY SUPPLIES,1,0
3586,M&M SATIN WRAP,,,12,0842510001753,BEAUTY SUPPLIES,12,0
3612,ADORE CINNAMON,,,950,0661157104081,BEAUTY SUPPLIES,12,0
3636,DIAL BODY WASH,,,900,0017000092737,BEAUTY SUPPLIES,6,0
3560,GILLETTE COOL WAVE,,,1300,7702018978120,BEAUTY SUPPLIES,5,0
3587,CALA PRO CALLUS REMOVER,,,1300,0616513507075,BEAUTY SUPPLIES,1,0
3613,ADORE RUBY RED,,,950,0661157104258,BEAUTY SUPPLIES,3,0
3637,BARBASOL SHAVING CREAM,,,650,0051009009341,BEAUTY SUPPLIES,6,0
3561,SUAVE FRESH,,,600,0079400764201,BEAUTY SUPPLIES,2,0
3588,DIFEEL ROSEMARY ROOT STIMULATOR,,,1600,0711716315080,BEAUTY SUPPLIES,2,0
3614,ADORE FIESTA FUSCHIA,,,950,0661157100830,BEAUTY SUPPLIES,1,0
3638,ST IVES GENTLE SMOOTHING SCRUB,,,650,0077043002339,BEAUTY SUPPLIES,6,0
3562,MITCHUM MEN,,,800,0309978634003,BEAUTY SUPPLIES,0,0
3589,DIFEEL BIOTIN ROOT STIMULATOR,,,1600,0711716163612,BEAUTY SUPPLIES,2,0
3615,ADORE VIOLET GEM,,,950,0661157101141,BEAUTY SUPPLIES,2,0
3639,BASIS VITAMIN BAR,,,500,0072140857295,BEAUTY SUPPLIES,24,0
3563,ARM & HAMMER ULTRA MAX,,,750,0033200194705,BEAUTY SUPPLIES,3,0
3590,EDGE BOOSTER HEMATITE,,,2100,0680585172592,BEAUTY SUPPLIES,1,0
3616,ADORE NEON PINK,,,950,0661157101400,BEAUTY SUPPLIES,0,0
3564,ECO STYLE KRYSTAL,,16 OZ,750,0748378001143,BEAUTY SUPPLIES,10,0
3591,EDGE BOOSTER YELLOW QUARTZ,,,2100,0680585172585,BEAUTY SUPPLIES,0,0
3617,NAKED HONEY MOISTURE WHIP SHAMP,,8,1500,,BEAUTY SUPPLIES,1,0
